-- Inserting data into customer
INSERT INTO customer (ID, fullName, phoneNumber, email) VALUES (4, 'Emma_4', '628-8279-8908', 'emma_4@demo.net');
INSERT INTO customer (ID, fullName, phoneNumber, email) VALUES (5, 'Emma_5', '587-5442-3700', 'emma_5@test.org');
INSERT INTO customer (ID, fullName, phoneNumber, email) VALUES (6, 'Noah_6', '664-9014-4723', 'noah_6@test.org');
INSERT INTO customer (ID, fullName, phoneNumber, email) VALUES (7, 'David_7', '715-6203-5310', 'david_7@example.com');
INSERT INTO customer (ID, fullName, phoneNumber, email) VALUES (8, 'Emma_8', '831-1229-8476', 'emma_8@demo.net');
INSERT INTO customer (ID, fullName, phoneNumber, email) VALUES (9, 'Ava_9', '940-3598-7352', 'ava_9@mail.com');
INSERT INTO customer (ID, fullName, phoneNumber, email) VALUES (10, 'Noah_10', '264-9082-1366', 'noah_10@example.com');
INSERT INTO customer (ID, fullName, phoneNumber, email) VALUES (11, 'David_11', '725-6177-5497', 'david_11@example.com');
INSERT INTO customer (ID, fullName, phoneNumber, email) VALUES (12, 'Alice_12', '560-5459-7738', 'alice_12@mail.com');
INSERT INTO customer (ID, fullName, phoneNumber, email) VALUES (13, 'Liam_13', '203-5847-2641', 'liam_13@example.com');
INSERT INTO customer (ID, fullName, phoneNumber, email) VALUES (14, 'Ava_14', '556-4732-3188', 'ava_14@mail.com');
INSERT INTO customer (ID, fullName, phoneNumber, email) VALUES (15, 'Noah_15', '404-9558-3867', 'noah_15@test.org');
INSERT INTO customer (ID, fullName, phoneNumber, email) VALUES (16, 'Sophia_16', '934-1789-2308', 'sophia_16@test.org');
INSERT INTO customer (ID, fullName, phoneNumber, email) VALUES (17, 'Noah_17', '110-1983-3812', 'noah_17@example.com');
INSERT INTO customer (ID, fullName, phoneNumber, email) VALUES (18, 'Bob_18', '849-2415-4376', 'bob_18@example.com');
INSERT INTO customer (ID, fullName, phoneNumber, email) VALUES (19, 'Bob_19', '936-3892-1788', 'bob_19@mail.com');
INSERT INTO customer (ID, fullName, phoneNumber, email) VALUES (20, 'Liam_20', '950-7120-8243', 'liam_20@test.org');
INSERT INTO customer (ID, fullName, phoneNumber, email) VALUES (21, 'Olivia_21', '772-3838-4010', 'olivia_21@test.org');
INSERT INTO customer (ID, fullName, phoneNumber, email) VALUES (22, 'Ava_22', '491-8499-2509', 'ava_22@example.com');
INSERT INTO customer (ID, fullName, phoneNumber, email) VALUES (23, 'Charlie_23', '110-8323-2581', 'charlie_23@mail.com');
INSERT INTO customer (ID, fullName, phoneNumber, email) VALUES (24, 'Olivia_24', '331-3662-9861', 'olivia_24@test.org');
INSERT INTO customer (ID, fullName, phoneNumber, email) VALUES (25, 'Noah_25', '156-3619-1537', 'noah_25@test.org');
INSERT INTO customer (ID, fullName, phoneNumber, email) VALUES (26, 'Liam_26', '144-5664-9074', 'liam_26@example.com');
INSERT INTO customer (ID, fullName, phoneNumber, email) VALUES (27, 'Emma_27', '686-5710-3015', 'emma_27@example.com');
INSERT INTO customer (ID, fullName, phoneNumber, email) VALUES (28, 'Ava_28', '348-6412-8886', 'ava_28@example.com');
INSERT INTO customer (ID, fullName, phoneNumber, email) VALUES (29, 'Emma_29', '328-8109-7157', 'emma_29@test.org');
INSERT INTO customer (ID, fullName, phoneNumber, email) VALUES (30, 'Bob_30', '164-6187-3199', 'bob_30@test.org');
INSERT INTO customer (ID, fullName, phoneNumber, email) VALUES (31, 'Charlie_31', '755-4669-6255', 'charlie_31@test.org');
INSERT INTO customer (ID, fullName, phoneNumber, email) VALUES (32, 'Emma_32', '240-2987-1853', 'emma_32@mail.com');
INSERT INTO customer (ID, fullName, phoneNumber, email) VALUES (33, 'Emma_33', '589-2859-6465', 'emma_33@example.com');
INSERT INTO customer (ID, fullName, phoneNumber, email) VALUES (34, 'Charlie_34', '842-5610-7692', 'charlie_34@demo.net');
INSERT INTO customer (ID, fullName, phoneNumber, email) VALUES (35, 'Emma_35', '581-6885-7251', 'emma_35@test.org');
INSERT INTO customer (ID, fullName, phoneNumber, email) VALUES (36, 'Liam_36', '285-3051-6308', 'liam_36@mail.com');
INSERT INTO customer (ID, fullName, phoneNumber, email) VALUES (37, 'Alice_37', '608-9158-8605', 'alice_37@example.com');
INSERT INTO customer (ID, fullName, phoneNumber, email) VALUES (38, 'Charlie_38', '206-4544-2509', 'charlie_38@demo.net');
INSERT INTO customer (ID, fullName, phoneNumber, email) VALUES (39, 'Ava_39', '935-3369-5688', 'ava_39@test.org');
INSERT INTO customer (ID, fullName, phoneNumber, email) VALUES (40, 'Sophia_40', '947-1040-6375', 'sophia_40@demo.net');
INSERT INTO customer (ID, fullName, phoneNumber, email) VALUES (41, 'David_41', '197-3482-5759', 'david_41@demo.net');
INSERT INTO customer (ID, fullName, phoneNumber, email) VALUES (42, 'Noah_42', '876-7975-5260', 'noah_42@demo.net');
INSERT INTO customer (ID, fullName, phoneNumber, email) VALUES (43, 'Charlie_43', '302-1690-7311', 'charlie_43@demo.net');
INSERT INTO customer (ID, fullName, phoneNumber, email) VALUES (44, 'David_44', '149-2125-2806', 'david_44@mail.com');
INSERT INTO customer (ID, fullName, phoneNumber, email) VALUES (45, 'Emma_45', '321-1829-7192', 'emma_45@example.com');
INSERT INTO customer (ID, fullName, phoneNumber, email) VALUES (46, 'Charlie_46', '538-4055-3751', 'charlie_46@example.com');
INSERT INTO customer (ID, fullName, phoneNumber, email) VALUES (47, 'Noah_47', '399-8058-2599', 'noah_47@mail.com');
INSERT INTO customer (ID, fullName, phoneNumber, email) VALUES (48, 'Sophia_48', '902-6037-3577', 'sophia_48@demo.net');
INSERT INTO customer (ID, fullName, phoneNumber, email) VALUES (49, 'David_49', '980-9534-1922', 'david_49@demo.net');
INSERT INTO customer (ID, fullName, phoneNumber, email) VALUES (50, 'Sophia_50', '367-2805-2258', 'sophia_50@test.org');
INSERT INTO customer (ID, fullName, phoneNumber, email) VALUES (51, 'Emma_51', '230-5339-9559', 'emma_51@mail.com');
INSERT INTO customer (ID, fullName, phoneNumber, email) VALUES (52, 'Noah_52', '888-5979-2849', 'noah_52@test.org');
INSERT INTO customer (ID, fullName, phoneNumber, email) VALUES (53, 'Emma_53', '149-5755-3151', 'emma_53@test.org');
INSERT INTO customer (ID, fullName, phoneNumber, email) VALUES (54, 'Liam_54', '478-2337-2825', 'liam_54@mail.com');
INSERT INTO customer (ID, fullName, phoneNumber, email) VALUES (55, 'Noah_55', '128-5580-8818', 'noah_55@mail.com');
INSERT INTO customer (ID, fullName, phoneNumber, email) VALUES (56, 'Noah_56', '807-3276-9184', 'noah_56@mail.com');
INSERT INTO customer (ID, fullName, phoneNumber, email) VALUES (57, 'Emma_57', '807-6941-2247', 'emma_57@demo.net');
INSERT INTO customer (ID, fullName, phoneNumber, email) VALUES (58, 'Noah_58', '421-6716-5031', 'noah_58@demo.net');
INSERT INTO customer (ID, fullName, phoneNumber, email) VALUES (59, 'Sophia_59', '684-3002-3436', 'sophia_59@demo.net');
INSERT INTO customer (ID, fullName, phoneNumber, email) VALUES (60, 'Emma_60', '458-2225-3036', 'emma_60@mail.com');
INSERT INTO customer (ID, fullName, phoneNumber, email) VALUES (61, 'Bob_61', '953-1052-2326', 'bob_61@example.com');
INSERT INTO customer (ID, fullName, phoneNumber, email) VALUES (62, 'Olivia_62', '956-2012-4187', 'olivia_62@example.com');
INSERT INTO customer (ID, fullName, phoneNumber, email) VALUES (63, 'Alice_63', '738-8600-2213', 'alice_63@mail.com');
INSERT INTO customer (ID, fullName, phoneNumber, email) VALUES (64, 'Liam_64', '490-8787-6463', 'liam_64@example.com');
INSERT INTO customer (ID, fullName, phoneNumber, email) VALUES (65, 'Noah_65', '757-7480-4150', 'noah_65@mail.com');
INSERT INTO customer (ID, fullName, phoneNumber, email) VALUES (66, 'Ava_66', '223-6123-4436', 'ava_66@mail.com');
INSERT INTO customer (ID, fullName, phoneNumber, email) VALUES (67, 'Olivia_67', '795-8215-6307', 'olivia_67@test.org');
INSERT INTO customer (ID, fullName, phoneNumber, email) VALUES (68, 'Olivia_68', '247-8681-2948', 'olivia_68@test.org');
INSERT INTO customer (ID, fullName, phoneNumber, email) VALUES (69, 'David_69', '887-7880-7035', 'david_69@mail.com');
INSERT INTO customer (ID, fullName, phoneNumber, email) VALUES (70, 'David_70', '858-1473-8528', 'david_70@test.org');
INSERT INTO customer (ID, fullName, phoneNumber, email) VALUES (71, 'Liam_71', '680-3787-4789', 'liam_71@example.com');
INSERT INTO customer (ID, fullName, phoneNumber, email) VALUES (72, 'Sophia_72', '702-1978-1656', 'sophia_72@demo.net');
INSERT INTO customer (ID, fullName, phoneNumber, email) VALUES (73, 'Charlie_73', '315-7249-7113', 'charlie_73@test.org');
INSERT INTO customer (ID, fullName, phoneNumber, email) VALUES (74, 'Emma_74', '882-6584-7225', 'emma_74@mail.com');
INSERT INTO customer (ID, fullName, phoneNumber, email) VALUES (75, 'Sophia_75', '734-7582-2264', 'sophia_75@test.org');
INSERT INTO customer (ID, fullName, phoneNumber, email) VALUES (76, 'Charlie_76', '271-5432-9518', 'charlie_76@example.com');
INSERT INTO customer (ID, fullName, phoneNumber, email) VALUES (77, 'Ava_77', '238-7117-9550', 'ava_77@test.org');
INSERT INTO customer (ID, fullName, phoneNumber, email) VALUES (78, 'Noah_78', '914-8703-9238', 'noah_78@demo.net');
INSERT INTO customer (ID, fullName, phoneNumber, email) VALUES (79, 'David_79', '377-7148-2499', 'david_79@test.org');
INSERT INTO customer (ID, fullName, phoneNumber, email) VALUES (80, 'Alice_80', '274-7057-4176', 'alice_80@example.com');
INSERT INTO customer (ID, fullName, phoneNumber, email) VALUES (81, 'Alice_81', '619-1442-3856', 'alice_81@example.com');
INSERT INTO customer (ID, fullName, phoneNumber, email) VALUES (82, 'Ava_82', '377-2103-9934', 'ava_82@mail.com');
INSERT INTO customer (ID, fullName, phoneNumber, email) VALUES (83, 'David_83', '700-3555-4773', 'david_83@test.org');
INSERT INTO customer (ID, fullName, phoneNumber, email) VALUES (84, 'Noah_84', '302-2443-5957', 'noah_84@test.org');
INSERT INTO customer (ID, fullName, phoneNumber, email) VALUES (85, 'Ava_85', '278-6874-2404', 'ava_85@example.com');
INSERT INTO customer (ID, fullName, phoneNumber, email) VALUES (86, 'Charlie_86', '193-3309-7280', 'charlie_86@example.com');
INSERT INTO customer (ID, fullName, phoneNumber, email) VALUES (87, 'Liam_87', '803-4882-7942', 'liam_87@test.org');
INSERT INTO customer (ID, fullName, phoneNumber, email) VALUES (88, 'Ava_88', '357-8128-7991', 'ava_88@mail.com');
INSERT INTO customer (ID, fullName, phoneNumber, email) VALUES (89, 'Alice_89', '313-9645-2275', 'alice_89@example.com');
INSERT INTO customer (ID, fullName, phoneNumber, email) VALUES (90, 'Bob_90', '671-5226-1707', 'bob_90@example.com');
INSERT INTO customer (ID, fullName, phoneNumber, email) VALUES (91, 'Charlie_91', '339-1012-4341', 'charlie_91@test.org');
INSERT INTO customer (ID, fullName, phoneNumber, email) VALUES (92, 'Olivia_92', '652-8094-1998', 'olivia_92@example.com');
INSERT INTO customer (ID, fullName, phoneNumber, email) VALUES (93, 'Olivia_93', '581-3516-4756', 'olivia_93@example.com');
INSERT INTO customer (ID, fullName, phoneNumber, email) VALUES (94, 'Alice_94', '280-3301-2389', 'alice_94@mail.com');
INSERT INTO customer (ID, fullName, phoneNumber, email) VALUES (95, 'Emma_95', '436-2716-7604', 'emma_95@mail.com');
INSERT INTO customer (ID, fullName, phoneNumber, email) VALUES (96, 'Olivia_96', '942-2515-3977', 'olivia_96@demo.net');
INSERT INTO customer (ID, fullName, phoneNumber, email) VALUES (97, 'Liam_97', '841-4244-2230', 'liam_97@mail.com');
INSERT INTO customer (ID, fullName, phoneNumber, email) VALUES (98, 'Bob_98', '603-6773-9232', 'bob_98@mail.com');
INSERT INTO customer (ID, fullName, phoneNumber, email) VALUES (99, 'Noah_99', '166-2083-1786', 'noah_99@mail.com');
INSERT INTO customer (ID, fullName, phoneNumber, email) VALUES (100, 'Alice_100', '726-3028-5936', 'alice_100@test.org');
INSERT INTO customer (ID, fullName, phoneNumber, email) VALUES (101, 'David_101', '481-6546-7555', 'david_101@demo.net');
INSERT INTO customer (ID, fullName, phoneNumber, email) VALUES (102, 'Noah_102', '570-7397-5269', 'noah_102@example.com');
INSERT INTO customer (ID, fullName, phoneNumber, email) VALUES (103, 'David_103', '850-9806-1442', 'david_103@demo.net');
INSERT INTO customer (ID, fullName, phoneNumber, email) VALUES (104, 'Charlie_104', '786-5314-1304', 'charlie_104@test.org');
INSERT INTO customer (ID, fullName, phoneNumber, email) VALUES (105, 'David_105', '738-2084-4601', 'david_105@test.org');
INSERT INTO customer (ID, fullName, phoneNumber, email) VALUES (106, 'Alice_106', '177-8069-5924', 'alice_106@test.org');
INSERT INTO customer (ID, fullName, phoneNumber, email) VALUES (107, 'Liam_107', '632-4736-5821', 'liam_107@test.org');
INSERT INTO customer (ID, fullName, phoneNumber, email) VALUES (108, 'Bob_108', '222-4390-5917', 'bob_108@test.org');
INSERT INTO customer (ID, fullName, phoneNumber, email) VALUES (109, 'Olivia_109', '739-5096-4979', 'olivia_109@example.com');
INSERT INTO customer (ID, fullName, phoneNumber, email) VALUES (110, 'Ava_110', '771-4416-8755', 'ava_110@mail.com');
INSERT INTO customer (ID, fullName, phoneNumber, email) VALUES (111, 'Emma_111', '592-4918-5508', 'emma_111@mail.com');
INSERT INTO customer (ID, fullName, phoneNumber, email) VALUES (112, 'Olivia_112', '576-8240-9316', 'olivia_112@example.com');
INSERT INTO customer (ID, fullName, phoneNumber, email) VALUES (113, 'Emma_113', '396-2090-6231', 'emma_113@example.com');
INSERT INTO customer (ID, fullName, phoneNumber, email) VALUES (114, 'Alice_114', '450-3260-2768', 'alice_114@mail.com');
INSERT INTO customer (ID, fullName, phoneNumber, email) VALUES (115, 'David_115', '524-6097-5844', 'david_115@test.org');
INSERT INTO customer (ID, fullName, phoneNumber, email) VALUES (116, 'Liam_116', '395-5695-2338', 'liam_116@test.org');
INSERT INTO customer (ID, fullName, phoneNumber, email) VALUES (117, 'Emma_117', '841-5066-7850', 'emma_117@demo.net');
INSERT INTO customer (ID, fullName, phoneNumber, email) VALUES (118, 'David_118', '146-8608-5325', 'david_118@demo.net');
INSERT INTO customer (ID, fullName, phoneNumber, email) VALUES (119, 'Emma_119', '202-5392-4319', 'emma_119@mail.com');
INSERT INTO customer (ID, fullName, phoneNumber, email) VALUES (120, 'Olivia_120', '250-9155-2311', 'olivia_120@example.com');
INSERT INTO customer (ID, fullName, phoneNumber, email) VALUES (121, 'Sophia_121', '919-5500-4176', 'sophia_121@example.com');
INSERT INTO customer (ID, fullName, phoneNumber, email) VALUES (122, 'Alice_122', '604-9201-8977', 'alice_122@mail.com');
INSERT INTO customer (ID, fullName, phoneNumber, email) VALUES (123, 'David_123', '754-2959-5649', 'david_123@test.org');
INSERT INTO customer (ID, fullName, phoneNumber, email) VALUES (124, 'Emma_124', '975-1015-1839', 'emma_124@example.com');
INSERT INTO customer (ID, fullName, phoneNumber, email) VALUES (125, 'Charlie_125', '459-9219-7925', 'charlie_125@demo.net');
INSERT INTO customer (ID, fullName, phoneNumber, email) VALUES (126, 'Liam_126', '714-4891-5031', 'liam_126@mail.com');
INSERT INTO customer (ID, fullName, phoneNumber, email) VALUES (127, 'Alice_127', '573-6901-4101', 'alice_127@example.com');
INSERT INTO customer (ID, fullName, phoneNumber, email) VALUES (128, 'Emma_128', '134-8356-6691', 'emma_128@example.com');
INSERT INTO customer (ID, fullName, phoneNumber, email) VALUES (129, 'Olivia_129', '491-9223-4391', 'olivia_129@demo.net');
INSERT INTO customer (ID, fullName, phoneNumber, email) VALUES (130, 'Charlie_130', '742-1920-7344', 'charlie_130@demo.net');
INSERT INTO customer (ID, fullName, phoneNumber, email) VALUES (131, 'Ava_131', '295-5309-7807', 'ava_131@test.org');
INSERT INTO customer (ID, fullName, phoneNumber, email) VALUES (132, 'Sophia_132', '280-1080-2578', 'sophia_132@example.com');
INSERT INTO customer (ID, fullName, phoneNumber, email) VALUES (133, 'Liam_133', '375-3192-3957', 'liam_133@test.org');
INSERT INTO customer (ID, fullName, phoneNumber, email) VALUES (134, 'Sophia_134', '599-5962-2140', 'sophia_134@mail.com');
INSERT INTO customer (ID, fullName, phoneNumber, email) VALUES (135, 'Sophia_135', '948-5554-9204', 'sophia_135@mail.com');
INSERT INTO customer (ID, fullName, phoneNumber, email) VALUES (136, 'Sophia_136', '258-8364-8242', 'sophia_136@example.com');
INSERT INTO customer (ID, fullName, phoneNumber, email) VALUES (137, 'Emma_137', '795-4750-8875', 'emma_137@mail.com');
INSERT INTO customer (ID, fullName, phoneNumber, email) VALUES (138, 'Olivia_138', '420-8474-4799', 'olivia_138@demo.net');
INSERT INTO customer (ID, fullName, phoneNumber, email) VALUES (139, 'Liam_139', '882-8665-2295', 'liam_139@mail.com');
INSERT INTO customer (ID, fullName, phoneNumber, email) VALUES (140, 'Emma_140', '217-7615-6758', 'emma_140@demo.net');
INSERT INTO customer (ID, fullName, phoneNumber, email) VALUES (141, 'David_141', '909-5269-8898', 'david_141@mail.com');
INSERT INTO customer (ID, fullName, phoneNumber, email) VALUES (142, 'Charlie_142', '107-1598-4594', 'charlie_142@demo.net');
INSERT INTO customer (ID, fullName, phoneNumber, email) VALUES (143, 'Ava_143', '576-2252-8065', 'ava_143@mail.com');
INSERT INTO customer (ID, fullName, phoneNumber, email) VALUES (144, 'Bob_144', '635-2115-6735', 'bob_144@example.com');
INSERT INTO customer (ID, fullName, phoneNumber, email) VALUES (145, 'Ava_145', '163-6519-2026', 'ava_145@mail.com');
INSERT INTO customer (ID, fullName, phoneNumber, email) VALUES (146, 'Sophia_146', '848-9863-9745', 'sophia_146@demo.net');
INSERT INTO customer (ID, fullName, phoneNumber, email) VALUES (147, 'Charlie_147', '965-6518-4426', 'charlie_147@example.com');
INSERT INTO customer (ID, fullName, phoneNumber, email) VALUES (148, 'Charlie_148', '517-6079-5593', 'charlie_148@test.org');
INSERT INTO customer (ID, fullName, phoneNumber, email) VALUES (149, 'Charlie_149', '770-5915-7597', 'charlie_149@demo.net');
INSERT INTO customer (ID, fullName, phoneNumber, email) VALUES (150, 'Alice_150', '307-4179-6101', 'alice_150@test.org');
INSERT INTO customer (ID, fullName, phoneNumber, email) VALUES (151, 'Ava_151', '430-4154-7052', 'ava_151@example.com');
INSERT INTO customer (ID, fullName, phoneNumber, email) VALUES (152, 'Ava_152', '661-7378-1366', 'ava_152@demo.net');
INSERT INTO customer (ID, fullName, phoneNumber, email) VALUES (153, 'Bob_153', '586-4684-1638', 'bob_153@demo.net');
INSERT INTO customer (ID, fullName, phoneNumber, email) VALUES (154, 'Alice_154', '791-8435-7662', 'alice_154@example.com');
INSERT INTO customer (ID, fullName, phoneNumber, email) VALUES (155, 'Olivia_155', '481-8044-3720', 'olivia_155@demo.net');
INSERT INTO customer (ID, fullName, phoneNumber, email) VALUES (156, 'Olivia_156', '676-6853-5808', 'olivia_156@example.com');
INSERT INTO customer (ID, fullName, phoneNumber, email) VALUES (157, 'Ava_157', '606-2078-1755', 'ava_157@example.com');
INSERT INTO customer (ID, fullName, phoneNumber, email) VALUES (158, 'Ava_158', '767-4289-8299', 'ava_158@example.com');
INSERT INTO customer (ID, fullName, phoneNumber, email) VALUES (159, 'Olivia_159', '278-4404-8049', 'olivia_159@mail.com');
INSERT INTO customer (ID, fullName, phoneNumber, email) VALUES (160, 'David_160', '601-9273-3138', 'david_160@demo.net');
INSERT INTO customer (ID, fullName, phoneNumber, email) VALUES (161, 'Liam_161', '500-6813-4386', 'liam_161@example.com');
INSERT INTO customer (ID, fullName, phoneNumber, email) VALUES (162, 'Alice_162', '152-1764-4969', 'alice_162@mail.com');
INSERT INTO customer (ID, fullName, phoneNumber, email) VALUES (163, 'Charlie_163', '148-6241-7338', 'charlie_163@demo.net');
INSERT INTO customer (ID, fullName, phoneNumber, email) VALUES (164, 'Liam_164', '840-8016-2257', 'liam_164@example.com');
INSERT INTO customer (ID, fullName, phoneNumber, email) VALUES (165, 'Charlie_165', '215-6218-3648', 'charlie_165@example.com');
INSERT INTO customer (ID, fullName, phoneNumber, email) VALUES (166, 'Bob_166', '692-1059-4940', 'bob_166@example.com');
INSERT INTO customer (ID, fullName, phoneNumber, email) VALUES (167, 'Alice_167', '405-9056-1770', 'alice_167@test.org');
INSERT INTO customer (ID, fullName, phoneNumber, email) VALUES (168, 'Bob_168', '151-7890-6487', 'bob_168@demo.net');
INSERT INTO customer (ID, fullName, phoneNumber, email) VALUES (169, 'Alice_169', '863-4150-2716', 'alice_169@test.org');
INSERT INTO customer (ID, fullName, phoneNumber, email) VALUES (170, 'Alice_170', '312-8939-9233', 'alice_170@demo.net');
INSERT INTO customer (ID, fullName, phoneNumber, email) VALUES (171, 'Noah_171', '843-4015-9228', 'noah_171@test.org');
INSERT INTO customer (ID, fullName, phoneNumber, email) VALUES (172, 'Noah_172', '522-9838-1850', 'noah_172@test.org');
INSERT INTO customer (ID, fullName, phoneNumber, email) VALUES (173, 'Olivia_173', '746-4352-5474', 'olivia_173@test.org');
INSERT INTO customer (ID, fullName, phoneNumber, email) VALUES (174, 'Ava_174', '243-1602-3548', 'ava_174@mail.com');
INSERT INTO customer (ID, fullName, phoneNumber, email) VALUES (175, 'Olivia_175', '649-1398-4155', 'olivia_175@mail.com');
INSERT INTO customer (ID, fullName, phoneNumber, email) VALUES (176, 'Noah_176', '506-6856-2745', 'noah_176@test.org');
INSERT INTO customer (ID, fullName, phoneNumber, email) VALUES (177, 'Liam_177', '668-9963-4501', 'liam_177@mail.com');
INSERT INTO customer (ID, fullName, phoneNumber, email) VALUES (178, 'Alice_178', '463-5591-7077', 'alice_178@mail.com');
INSERT INTO customer (ID, fullName, phoneNumber, email) VALUES (179, 'Noah_179', '361-9832-9366', 'noah_179@example.com');
INSERT INTO customer (ID, fullName, phoneNumber, email) VALUES (180, 'Emma_180', '108-1233-6945', 'emma_180@demo.net');
INSERT INTO customer (ID, fullName, phoneNumber, email) VALUES (181, 'Olivia_181', '535-6974-1232', 'olivia_181@demo.net');
INSERT INTO customer (ID, fullName, phoneNumber, email) VALUES (182, 'Ava_182', '932-1996-6071', 'ava_182@example.com');
INSERT INTO customer (ID, fullName, phoneNumber, email) VALUES (183, 'Emma_183', '505-1000-3034', 'emma_183@test.org');
INSERT INTO customer (ID, fullName, phoneNumber, email) VALUES (184, 'Liam_184', '217-4077-9581', 'liam_184@example.com');
INSERT INTO customer (ID, fullName, phoneNumber, email) VALUES (185, 'Charlie_185', '772-6033-4896', 'charlie_185@test.org');
INSERT INTO customer (ID, fullName, phoneNumber, email) VALUES (186, 'David_186', '412-9991-3667', 'david_186@demo.net');
INSERT INTO customer (ID, fullName, phoneNumber, email) VALUES (187, 'Emma_187', '666-2325-5014', 'emma_187@demo.net');
INSERT INTO customer (ID, fullName, phoneNumber, email) VALUES (188, 'Ava_188', '255-1478-1082', 'ava_188@demo.net');
INSERT INTO customer (ID, fullName, phoneNumber, email) VALUES (189, 'Bob_189', '681-9402-2721', 'bob_189@test.org');
INSERT INTO customer (ID, fullName, phoneNumber, email) VALUES (190, 'David_190', '524-2859-9846', 'david_190@example.com');
INSERT INTO customer (ID, fullName, phoneNumber, email) VALUES (191, 'Olivia_191', '619-6476-9304', 'olivia_191@example.com');
INSERT INTO customer (ID, fullName, phoneNumber, email) VALUES (192, 'Alice_192', '157-8595-7092', 'alice_192@example.com');
INSERT INTO customer (ID, fullName, phoneNumber, email) VALUES (193, 'Ava_193', '738-9596-7990', 'ava_193@example.com');
INSERT INTO customer (ID, fullName, phoneNumber, email) VALUES (194, 'Ava_194', '403-2469-1773', 'ava_194@test.org');
INSERT INTO customer (ID, fullName, phoneNumber, email) VALUES (195, 'Emma_195', '703-1410-3770', 'emma_195@mail.com');
INSERT INTO customer (ID, fullName, phoneNumber, email) VALUES (196, 'Liam_196', '862-6523-3940', 'liam_196@example.com');
INSERT INTO customer (ID, fullName, phoneNumber, email) VALUES (197, 'Emma_197', '195-2504-7681', 'emma_197@test.org');
INSERT INTO customer (ID, fullName, phoneNumber, email) VALUES (198, 'Alice_198', '691-1331-1996', 'alice_198@demo.net');
INSERT INTO customer (ID, fullName, phoneNumber, email) VALUES (199, 'Noah_199', '957-7258-3653', 'noah_199@demo.net');
INSERT INTO customer (ID, fullName, phoneNumber, email) VALUES (200, 'Bob_200', '838-6180-8564', 'bob_200@test.org');
INSERT INTO customer (ID, fullName, phoneNumber, email) VALUES (201, 'Alice_201', '141-9799-1098', 'alice_201@mail.com');
INSERT INTO customer (ID, fullName, phoneNumber, email) VALUES (202, 'Olivia_202', '244-4229-7370', 'olivia_202@test.org');
INSERT INTO customer (ID, fullName, phoneNumber, email) VALUES (203, 'Sophia_203', '526-7702-6112', 'sophia_203@mail.com');

-- Inserting data into guide
INSERT INTO guide (guideID, guideName, phoneNumber) VALUES (4, 'Guide_4', '373-8213-7929');
INSERT INTO guide (guideID, guideName, phoneNumber) VALUES (5, 'Guide_5', '268-1576-5119');
INSERT INTO guide (guideID, guideName, phoneNumber) VALUES (6, 'Guide_6', '510-9974-7315');
INSERT INTO guide (guideID, guideName, phoneNumber) VALUES (7, 'Guide_7', '406-8504-9898');
INSERT INTO guide (guideID, guideName, phoneNumber) VALUES (8, 'Guide_8', '633-5722-8492');
INSERT INTO guide (guideID, guideName, phoneNumber) VALUES (9, 'Guide_9', '109-6100-8845');
INSERT INTO guide (guideID, guideName, phoneNumber) VALUES (10, 'Guide_10', '519-5852-2645');
INSERT INTO guide (guideID, guideName, phoneNumber) VALUES (11, 'Guide_11', '656-1192-7175');
INSERT INTO guide (guideID, guideName, phoneNumber) VALUES (12, 'Guide_12', '610-3835-5985');
INSERT INTO guide (guideID, guideName, phoneNumber) VALUES (13, 'Guide_13', '609-6720-5349');
INSERT INTO guide (guideID, guideName, phoneNumber) VALUES (14, 'Guide_14', '522-8361-3675');
INSERT INTO guide (guideID, guideName, phoneNumber) VALUES (15, 'Guide_15', '792-4901-6616');
INSERT INTO guide (guideID, guideName, phoneNumber) VALUES (16, 'Guide_16', '386-8912-7202');
INSERT INTO guide (guideID, guideName, phoneNumber) VALUES (17, 'Guide_17', '881-3475-5577');
INSERT INTO guide (guideID, guideName, phoneNumber) VALUES (18, 'Guide_18', '166-7728-8487');
INSERT INTO guide (guideID, guideName, phoneNumber) VALUES (19, 'Guide_19', '834-2282-3653');
INSERT INTO guide (guideID, guideName, phoneNumber) VALUES (20, 'Guide_20', '960-8158-6802');
INSERT INTO guide (guideID, guideName, phoneNumber) VALUES (21, 'Guide_21', '838-3347-5995');
INSERT INTO guide (guideID, guideName, phoneNumber) VALUES (22, 'Guide_22', '517-9364-9090');
INSERT INTO guide (guideID, guideName, phoneNumber) VALUES (23, 'Guide_23', '401-2227-8300');
INSERT INTO guide (guideID, guideName, phoneNumber) VALUES (24, 'Guide_24', '823-8969-9484');
INSERT INTO guide (guideID, guideName, phoneNumber) VALUES (25, 'Guide_25', '170-5250-1677');
INSERT INTO guide (guideID, guideName, phoneNumber) VALUES (26, 'Guide_26', '221-4050-9211');
INSERT INTO guide (guideID, guideName, phoneNumber) VALUES (27, 'Guide_27', '554-7417-7218');
INSERT INTO guide (guideID, guideName, phoneNumber) VALUES (28, 'Guide_28', '107-3617-3885');
INSERT INTO guide (guideID, guideName, phoneNumber) VALUES (29, 'Guide_29', '576-4260-8132');
INSERT INTO guide (guideID, guideName, phoneNumber) VALUES (30, 'Guide_30', '855-7015-9426');
INSERT INTO guide (guideID, guideName, phoneNumber) VALUES (31, 'Guide_31', '622-8464-2803');
INSERT INTO guide (guideID, guideName, phoneNumber) VALUES (32, 'Guide_32', '946-9904-6842');
INSERT INTO guide (guideID, guideName, phoneNumber) VALUES (33, 'Guide_33', '335-7009-1522');
INSERT INTO guide (guideID, guideName, phoneNumber) VALUES (34, 'Guide_34', '445-3672-1328');
INSERT INTO guide (guideID, guideName, phoneNumber) VALUES (35, 'Guide_35', '732-7652-4689');
INSERT INTO guide (guideID, guideName, phoneNumber) VALUES (36, 'Guide_36', '896-2268-9759');
INSERT INTO guide (guideID, guideName, phoneNumber) VALUES (37, 'Guide_37', '319-4683-1961');
INSERT INTO guide (guideID, guideName, phoneNumber) VALUES (38, 'Guide_38', '368-6839-1525');
INSERT INTO guide (guideID, guideName, phoneNumber) VALUES (39, 'Guide_39', '131-4100-4569');
INSERT INTO guide (guideID, guideName, phoneNumber) VALUES (40, 'Guide_40', '889-5393-3118');
INSERT INTO guide (guideID, guideName, phoneNumber) VALUES (41, 'Guide_41', '656-8029-7413');
INSERT INTO guide (guideID, guideName, phoneNumber) VALUES (42, 'Guide_42', '563-4238-8823');
INSERT INTO guide (guideID, guideName, phoneNumber) VALUES (43, 'Guide_43', '804-8227-3638');
INSERT INTO guide (guideID, guideName, phoneNumber) VALUES (44, 'Guide_44', '213-4789-7319');
INSERT INTO guide (guideID, guideName, phoneNumber) VALUES (45, 'Guide_45', '466-9123-9250');
INSERT INTO guide (guideID, guideName, phoneNumber) VALUES (46, 'Guide_46', '416-1232-6907');
INSERT INTO guide (guideID, guideName, phoneNumber) VALUES (47, 'Guide_47', '941-2054-2473');
INSERT INTO guide (guideID, guideName, phoneNumber) VALUES (48, 'Guide_48', '136-8743-2644');
INSERT INTO guide (guideID, guideName, phoneNumber) VALUES (49, 'Guide_49', '145-7606-1999');
INSERT INTO guide (guideID, guideName, phoneNumber) VALUES (50, 'Guide_50', '792-6288-3731');
INSERT INTO guide (guideID, guideName, phoneNumber) VALUES (51, 'Guide_51', '401-6895-1643');
INSERT INTO guide (guideID, guideName, phoneNumber) VALUES (52, 'Guide_52', '392-5050-5685');
INSERT INTO guide (guideID, guideName, phoneNumber) VALUES (53, 'Guide_53', '636-8020-6002');
INSERT INTO guide (guideID, guideName, phoneNumber) VALUES (54, 'Guide_54', '783-2894-3375');
INSERT INTO guide (guideID, guideName, phoneNumber) VALUES (55, 'Guide_55', '785-6836-4913');
INSERT INTO guide (guideID, guideName, phoneNumber) VALUES (56, 'Guide_56', '757-3474-9783');
INSERT INTO guide (guideID, guideName, phoneNumber) VALUES (57, 'Guide_57', '727-6094-1975');
INSERT INTO guide (guideID, guideName, phoneNumber) VALUES (58, 'Guide_58', '865-7078-4127');
INSERT INTO guide (guideID, guideName, phoneNumber) VALUES (59, 'Guide_59', '927-1744-6435');
INSERT INTO guide (guideID, guideName, phoneNumber) VALUES (60, 'Guide_60', '270-3571-4309');
INSERT INTO guide (guideID, guideName, phoneNumber) VALUES (61, 'Guide_61', '448-2155-1939');
INSERT INTO guide (guideID, guideName, phoneNumber) VALUES (62, 'Guide_62', '586-6278-7365');
INSERT INTO guide (guideID, guideName, phoneNumber) VALUES (63, 'Guide_63', '890-8770-9929');
INSERT INTO guide (guideID, guideName, phoneNumber) VALUES (64, 'Guide_64', '559-3698-8786');
INSERT INTO guide (guideID, guideName, phoneNumber) VALUES (65, 'Guide_65', '745-8378-7714');
INSERT INTO guide (guideID, guideName, phoneNumber) VALUES (66, 'Guide_66', '920-8224-9473');
INSERT INTO guide (guideID, guideName, phoneNumber) VALUES (67, 'Guide_67', '473-1527-5958');
INSERT INTO guide (guideID, guideName, phoneNumber) VALUES (68, 'Guide_68', '757-8576-1590');
INSERT INTO guide (guideID, guideName, phoneNumber) VALUES (69, 'Guide_69', '273-6683-2713');
INSERT INTO guide (guideID, guideName, phoneNumber) VALUES (70, 'Guide_70', '391-2213-7976');
INSERT INTO guide (guideID, guideName, phoneNumber) VALUES (71, 'Guide_71', '911-3055-1827');
INSERT INTO guide (guideID, guideName, phoneNumber) VALUES (72, 'Guide_72', '314-3667-2510');
INSERT INTO guide (guideID, guideName, phoneNumber) VALUES (73, 'Guide_73', '968-3063-2233');
INSERT INTO guide (guideID, guideName, phoneNumber) VALUES (74, 'Guide_74', '582-3122-8033');
INSERT INTO guide (guideID, guideName, phoneNumber) VALUES (75, 'Guide_75', '357-4328-1924');
INSERT INTO guide (guideID, guideName, phoneNumber) VALUES (76, 'Guide_76', '352-1024-8824');
INSERT INTO guide (guideID, guideName, phoneNumber) VALUES (77, 'Guide_77', '389-7600-6636');
INSERT INTO guide (guideID, guideName, phoneNumber) VALUES (78, 'Guide_78', '306-5404-7413');
INSERT INTO guide (guideID, guideName, phoneNumber) VALUES (79, 'Guide_79', '638-2863-1531');
INSERT INTO guide (guideID, guideName, phoneNumber) VALUES (80, 'Guide_80', '606-5246-1538');
INSERT INTO guide (guideID, guideName, phoneNumber) VALUES (81, 'Guide_81', '497-9494-4513');
INSERT INTO guide (guideID, guideName, phoneNumber) VALUES (82, 'Guide_82', '737-8746-1014');
INSERT INTO guide (guideID, guideName, phoneNumber) VALUES (83, 'Guide_83', '588-8020-7273');
INSERT INTO guide (guideID, guideName, phoneNumber) VALUES (84, 'Guide_84', '599-7035-4433');
INSERT INTO guide (guideID, guideName, phoneNumber) VALUES (85, 'Guide_85', '438-7750-1251');
INSERT INTO guide (guideID, guideName, phoneNumber) VALUES (86, 'Guide_86', '108-3328-3911');
INSERT INTO guide (guideID, guideName, phoneNumber) VALUES (87, 'Guide_87', '891-2404-1367');
INSERT INTO guide (guideID, guideName, phoneNumber) VALUES (88, 'Guide_88', '974-4753-4539');
INSERT INTO guide (guideID, guideName, phoneNumber) VALUES (89, 'Guide_89', '136-6411-6333');
INSERT INTO guide (guideID, guideName, phoneNumber) VALUES (90, 'Guide_90', '246-4193-7952');
INSERT INTO guide (guideID, guideName, phoneNumber) VALUES (91, 'Guide_91', '647-3826-8079');
INSERT INTO guide (guideID, guideName, phoneNumber) VALUES (92, 'Guide_92', '676-7552-4609');
INSERT INTO guide (guideID, guideName, phoneNumber) VALUES (93, 'Guide_93', '659-8942-5908');
INSERT INTO guide (guideID, guideName, phoneNumber) VALUES (94, 'Guide_94', '294-3752-3433');
INSERT INTO guide (guideID, guideName, phoneNumber) VALUES (95, 'Guide_95', '711-9710-5339');
INSERT INTO guide (guideID, guideName, phoneNumber) VALUES (96, 'Guide_96', '470-3700-9534');
INSERT INTO guide (guideID, guideName, phoneNumber) VALUES (97, 'Guide_97', '232-9617-2659');
INSERT INTO guide (guideID, guideName, phoneNumber) VALUES (98, 'Guide_98', '382-4165-9518');
INSERT INTO guide (guideID, guideName, phoneNumber) VALUES (99, 'Guide_99', '474-6047-7882');
INSERT INTO guide (guideID, guideName, phoneNumber) VALUES (100, 'Guide_100', '443-7711-9013');
INSERT INTO guide (guideID, guideName, phoneNumber) VALUES (101, 'Guide_101', '544-2489-8265');
INSERT INTO guide (guideID, guideName, phoneNumber) VALUES (102, 'Guide_102', '320-1529-9560');
INSERT INTO guide (guideID, guideName, phoneNumber) VALUES (103, 'Guide_103', '196-5432-3544');
INSERT INTO guide (guideID, guideName, phoneNumber) VALUES (104, 'Guide_104', '585-6417-3855');
INSERT INTO guide (guideID, guideName, phoneNumber) VALUES (105, 'Guide_105', '682-8662-1278');
INSERT INTO guide (guideID, guideName, phoneNumber) VALUES (106, 'Guide_106', '460-2221-7229');
INSERT INTO guide (guideID, guideName, phoneNumber) VALUES (107, 'Guide_107', '163-7278-7852');
INSERT INTO guide (guideID, guideName, phoneNumber) VALUES (108, 'Guide_108', '675-3435-4906');
INSERT INTO guide (guideID, guideName, phoneNumber) VALUES (109, 'Guide_109', '740-8529-4664');
INSERT INTO guide (guideID, guideName, phoneNumber) VALUES (110, 'Guide_110', '971-3287-1747');
INSERT INTO guide (guideID, guideName, phoneNumber) VALUES (111, 'Guide_111', '495-7705-7866');
INSERT INTO guide (guideID, guideName, phoneNumber) VALUES (112, 'Guide_112', '161-7371-2048');
INSERT INTO guide (guideID, guideName, phoneNumber) VALUES (113, 'Guide_113', '921-4821-9767');
INSERT INTO guide (guideID, guideName, phoneNumber) VALUES (114, 'Guide_114', '201-2337-5334');
INSERT INTO guide (guideID, guideName, phoneNumber) VALUES (115, 'Guide_115', '837-9583-2310');
INSERT INTO guide (guideID, guideName, phoneNumber) VALUES (116, 'Guide_116', '630-3860-4117');
INSERT INTO guide (guideID, guideName, phoneNumber) VALUES (117, 'Guide_117', '103-2913-8847');
INSERT INTO guide (guideID, guideName, phoneNumber) VALUES (118, 'Guide_118', '460-2397-3613');
INSERT INTO guide (guideID, guideName, phoneNumber) VALUES (119, 'Guide_119', '214-1932-4729');
INSERT INTO guide (guideID, guideName, phoneNumber) VALUES (120, 'Guide_120', '609-3190-6945');
INSERT INTO guide (guideID, guideName, phoneNumber) VALUES (121, 'Guide_121', '400-8731-2055');
INSERT INTO guide (guideID, guideName, phoneNumber) VALUES (122, 'Guide_122', '712-5035-9575');
INSERT INTO guide (guideID, guideName, phoneNumber) VALUES (123, 'Guide_123', '187-2185-5125');
INSERT INTO guide (guideID, guideName, phoneNumber) VALUES (124, 'Guide_124', '379-7954-8407');
INSERT INTO guide (guideID, guideName, phoneNumber) VALUES (125, 'Guide_125', '761-7689-8267');
INSERT INTO guide (guideID, guideName, phoneNumber) VALUES (126, 'Guide_126', '223-4289-5355');
INSERT INTO guide (guideID, guideName, phoneNumber) VALUES (127, 'Guide_127', '134-7118-9716');
INSERT INTO guide (guideID, guideName, phoneNumber) VALUES (128, 'Guide_128', '746-2332-1592');
INSERT INTO guide (guideID, guideName, phoneNumber) VALUES (129, 'Guide_129', '943-6978-7003');
INSERT INTO guide (guideID, guideName, phoneNumber) VALUES (130, 'Guide_130', '554-2382-3507');
INSERT INTO guide (guideID, guideName, phoneNumber) VALUES (131, 'Guide_131', '668-8029-1584');
INSERT INTO guide (guideID, guideName, phoneNumber) VALUES (132, 'Guide_132', '146-9345-4755');
INSERT INTO guide (guideID, guideName, phoneNumber) VALUES (133, 'Guide_133', '148-3015-8064');
INSERT INTO guide (guideID, guideName, phoneNumber) VALUES (134, 'Guide_134', '786-3781-8811');
INSERT INTO guide (guideID, guideName, phoneNumber) VALUES (135, 'Guide_135', '493-2059-5917');
INSERT INTO guide (guideID, guideName, phoneNumber) VALUES (136, 'Guide_136', '515-3681-5725');
INSERT INTO guide (guideID, guideName, phoneNumber) VALUES (137, 'Guide_137', '900-2150-9558');
INSERT INTO guide (guideID, guideName, phoneNumber) VALUES (138, 'Guide_138', '146-2735-8791');
INSERT INTO guide (guideID, guideName, phoneNumber) VALUES (139, 'Guide_139', '794-5383-3662');
INSERT INTO guide (guideID, guideName, phoneNumber) VALUES (140, 'Guide_140', '468-8159-5387');
INSERT INTO guide (guideID, guideName, phoneNumber) VALUES (141, 'Guide_141', '226-4127-7369');
INSERT INTO guide (guideID, guideName, phoneNumber) VALUES (142, 'Guide_142', '833-5251-3418');
INSERT INTO guide (guideID, guideName, phoneNumber) VALUES (143, 'Guide_143', '598-2648-7981');
INSERT INTO guide (guideID, guideName, phoneNumber) VALUES (144, 'Guide_144', '574-2485-6491');
INSERT INTO guide (guideID, guideName, phoneNumber) VALUES (145, 'Guide_145', '133-1848-4635');
INSERT INTO guide (guideID, guideName, phoneNumber) VALUES (146, 'Guide_146', '735-9439-3010');
INSERT INTO guide (guideID, guideName, phoneNumber) VALUES (147, 'Guide_147', '904-9712-6556');
INSERT INTO guide (guideID, guideName, phoneNumber) VALUES (148, 'Guide_148', '451-2953-5728');
INSERT INTO guide (guideID, guideName, phoneNumber) VALUES (149, 'Guide_149', '916-1038-6051');
INSERT INTO guide (guideID, guideName, phoneNumber) VALUES (150, 'Guide_150', '235-9690-4713');
INSERT INTO guide (guideID, guideName, phoneNumber) VALUES (151, 'Guide_151', '694-5628-8000');
INSERT INTO guide (guideID, guideName, phoneNumber) VALUES (152, 'Guide_152', '646-3477-8490');
INSERT INTO guide (guideID, guideName, phoneNumber) VALUES (153, 'Guide_153', '983-5754-9202');
INSERT INTO guide (guideID, guideName, phoneNumber) VALUES (154, 'Guide_154', '181-6218-2862');
INSERT INTO guide (guideID, guideName, phoneNumber) VALUES (155, 'Guide_155', '582-5091-3288');
INSERT INTO guide (guideID, guideName, phoneNumber) VALUES (156, 'Guide_156', '424-2745-4724');
INSERT INTO guide (guideID, guideName, phoneNumber) VALUES (157, 'Guide_157', '100-1805-3132');
INSERT INTO guide (guideID, guideName, phoneNumber) VALUES (158, 'Guide_158', '715-5736-5435');
INSERT INTO guide (guideID, guideName, phoneNumber) VALUES (159, 'Guide_159', '166-5555-8031');
INSERT INTO guide (guideID, guideName, phoneNumber) VALUES (160, 'Guide_160', '575-5042-9544');
INSERT INTO guide (guideID, guideName, phoneNumber) VALUES (161, 'Guide_161', '271-3819-9701');
INSERT INTO guide (guideID, guideName, phoneNumber) VALUES (162, 'Guide_162', '272-6555-4090');
INSERT INTO guide (guideID, guideName, phoneNumber) VALUES (163, 'Guide_163', '545-4820-8709');
INSERT INTO guide (guideID, guideName, phoneNumber) VALUES (164, 'Guide_164', '237-6117-3456');
INSERT INTO guide (guideID, guideName, phoneNumber) VALUES (165, 'Guide_165', '936-5272-8965');
INSERT INTO guide (guideID, guideName, phoneNumber) VALUES (166, 'Guide_166', '554-4835-2030');
INSERT INTO guide (guideID, guideName, phoneNumber) VALUES (167, 'Guide_167', '255-3628-4363');
INSERT INTO guide (guideID, guideName, phoneNumber) VALUES (168, 'Guide_168', '424-4815-2519');
INSERT INTO guide (guideID, guideName, phoneNumber) VALUES (169, 'Guide_169', '658-1533-8852');
INSERT INTO guide (guideID, guideName, phoneNumber) VALUES (170, 'Guide_170', '243-3065-2842');
INSERT INTO guide (guideID, guideName, phoneNumber) VALUES (171, 'Guide_171', '142-9705-4157');
INSERT INTO guide (guideID, guideName, phoneNumber) VALUES (172, 'Guide_172', '171-5042-2135');
INSERT INTO guide (guideID, guideName, phoneNumber) VALUES (173, 'Guide_173', '234-9032-2936');
INSERT INTO guide (guideID, guideName, phoneNumber) VALUES (174, 'Guide_174', '641-7490-6810');
INSERT INTO guide (guideID, guideName, phoneNumber) VALUES (175, 'Guide_175', '687-8147-2091');
INSERT INTO guide (guideID, guideName, phoneNumber) VALUES (176, 'Guide_176', '305-6314-8860');
INSERT INTO guide (guideID, guideName, phoneNumber) VALUES (177, 'Guide_177', '917-7728-8186');
INSERT INTO guide (guideID, guideName, phoneNumber) VALUES (178, 'Guide_178', '962-5609-6712');
INSERT INTO guide (guideID, guideName, phoneNumber) VALUES (179, 'Guide_179', '201-4907-3553');
INSERT INTO guide (guideID, guideName, phoneNumber) VALUES (180, 'Guide_180', '883-6071-1962');
INSERT INTO guide (guideID, guideName, phoneNumber) VALUES (181, 'Guide_181', '943-1756-7095');
INSERT INTO guide (guideID, guideName, phoneNumber) VALUES (182, 'Guide_182', '816-9929-9295');
INSERT INTO guide (guideID, guideName, phoneNumber) VALUES (183, 'Guide_183', '728-3386-3727');
INSERT INTO guide (guideID, guideName, phoneNumber) VALUES (184, 'Guide_184', '645-9531-6720');
INSERT INTO guide (guideID, guideName, phoneNumber) VALUES (185, 'Guide_185', '665-7237-2951');
INSERT INTO guide (guideID, guideName, phoneNumber) VALUES (186, 'Guide_186', '125-2202-3071');
INSERT INTO guide (guideID, guideName, phoneNumber) VALUES (187, 'Guide_187', '677-6479-5809');
INSERT INTO guide (guideID, guideName, phoneNumber) VALUES (188, 'Guide_188', '636-7952-5173');
INSERT INTO guide (guideID, guideName, phoneNumber) VALUES (189, 'Guide_189', '388-6930-4194');
INSERT INTO guide (guideID, guideName, phoneNumber) VALUES (190, 'Guide_190', '441-8517-1722');
INSERT INTO guide (guideID, guideName, phoneNumber) VALUES (191, 'Guide_191', '641-4987-1836');
INSERT INTO guide (guideID, guideName, phoneNumber) VALUES (192, 'Guide_192', '568-7110-3758');
INSERT INTO guide (guideID, guideName, phoneNumber) VALUES (193, 'Guide_193', '725-9986-7893');
INSERT INTO guide (guideID, guideName, phoneNumber) VALUES (194, 'Guide_194', '405-6393-5592');
INSERT INTO guide (guideID, guideName, phoneNumber) VALUES (195, 'Guide_195', '813-1528-6465');
INSERT INTO guide (guideID, guideName, phoneNumber) VALUES (196, 'Guide_196', '516-4674-5498');
INSERT INTO guide (guideID, guideName, phoneNumber) VALUES (197, 'Guide_197', '305-2224-7775');
INSERT INTO guide (guideID, guideName, phoneNumber) VALUES (198, 'Guide_198', '241-9664-3821');
INSERT INTO guide (guideID, guideName, phoneNumber) VALUES (199, 'Guide_199', '680-5974-3744');
INSERT INTO guide (guideID, guideName, phoneNumber) VALUES (200, 'Guide_200', '862-4351-8587');
INSERT INTO guide (guideID, guideName, phoneNumber) VALUES (201, 'Guide_201', '336-3866-1627');
INSERT INTO guide (guideID, guideName, phoneNumber) VALUES (202, 'Guide_202', '355-1411-9936');
INSERT INTO guide (guideID, guideName, phoneNumber) VALUES (203, 'Guide_203', '998-7684-1035');

-- Inserting data into destination
INSERT INTO destination (zipCode, country, address) VALUES (1004, 'Canada', 'Main St 123');
INSERT INTO destination (zipCode, country, address) VALUES (1005, 'USA', 'Baker St 221B');
INSERT INTO destination (zipCode, country, address) VALUES (1006, 'USA', '5th Avenue 987');
INSERT INTO destination (zipCode, country, address) VALUES (1007, 'Germany', 'Baker St 221B');
INSERT INTO destination (zipCode, country, address) VALUES (1008, 'USA', 'High St 456');
INSERT INTO destination (zipCode, country, address) VALUES (1009, 'France', '5th Avenue 987');
INSERT INTO destination (zipCode, country, address) VALUES (1010, 'France', 'High St 456');
INSERT INTO destination (zipCode, country, address) VALUES (1011, 'France', 'Sunset Blvd 100');
INSERT INTO destination (zipCode, country, address) VALUES (1012, 'USA', 'Baker St 221B');
INSERT INTO destination (zipCode, country, address) VALUES (1013, 'Japan', 'Main St 123');
INSERT INTO destination (zipCode, country, address) VALUES (1014, 'Japan', '5th Avenue 987');
INSERT INTO destination (zipCode, country, address) VALUES (1015, 'Germany', 'Main St 123');
INSERT INTO destination (zipCode, country, address) VALUES (1016, 'Germany', 'Baker St 221B');
INSERT INTO destination (zipCode, country, address) VALUES (1017, 'USA', '5th Avenue 987');
INSERT INTO destination (zipCode, country, address) VALUES (1018, 'Germany', 'Baker St 221B');
INSERT INTO destination (zipCode, country, address) VALUES (1019, 'Canada', 'Sunset Blvd 100');
INSERT INTO destination (zipCode, country, address) VALUES (1020, 'Japan', 'Sunset Blvd 100');
INSERT INTO destination (zipCode, country, address) VALUES (1021, 'Japan', 'High St 456');
INSERT INTO destination (zipCode, country, address) VALUES (1022, 'France', 'Baker St 221B');
INSERT INTO destination (zipCode, country, address) VALUES (1023, 'France', 'Sunset Blvd 100');
INSERT INTO destination (zipCode, country, address) VALUES (1024, 'Japan', 'High St 456');
INSERT INTO destination (zipCode, country, address) VALUES (1025, 'Canada', 'Main St 123');
INSERT INTO destination (zipCode, country, address) VALUES (1026, 'Japan', 'Main St 123');
INSERT INTO destination (zipCode, country, address) VALUES (1027, 'Germany', 'Sunset Blvd 100');
INSERT INTO destination (zipCode, country, address) VALUES (1028, 'USA', 'Main St 123');
INSERT INTO destination (zipCode, country, address) VALUES (1029, 'France', 'High St 456');
INSERT INTO destination (zipCode, country, address) VALUES (1030, 'Japan', 'Baker St 221B');
INSERT INTO destination (zipCode, country, address) VALUES (1031, 'Japan', 'Main St 123');
INSERT INTO destination (zipCode, country, address) VALUES (1032, 'Japan', '5th Avenue 987');
INSERT INTO destination (zipCode, country, address) VALUES (1033, 'Germany', 'Sunset Blvd 100');
INSERT INTO destination (zipCode, country, address) VALUES (1034, 'Canada', '5th Avenue 987');
INSERT INTO destination (zipCode, country, address) VALUES (1035, 'Canada', '5th Avenue 987');
INSERT INTO destination (zipCode, country, address) VALUES (1036, 'Japan', 'Sunset Blvd 100');
INSERT INTO destination (zipCode, country, address) VALUES (1037, 'France', 'Baker St 221B');
INSERT INTO destination (zipCode, country, address) VALUES (1038, 'USA', 'High St 456');
INSERT INTO destination (zipCode, country, address) VALUES (1039, 'USA', '5th Avenue 987');
INSERT INTO destination (zipCode, country, address) VALUES (1040, 'Germany', 'Baker St 221B');
INSERT INTO destination (zipCode, country, address) VALUES (1041, 'USA', 'Sunset Blvd 100');
INSERT INTO destination (zipCode, country, address) VALUES (1042, 'Canada', 'Baker St 221B');
INSERT INTO destination (zipCode, country, address) VALUES (1043, 'Canada', 'High St 456');
INSERT INTO destination (zipCode, country, address) VALUES (1044, 'Japan', 'Main St 123');
INSERT INTO destination (zipCode, country, address) VALUES (1045, 'Japan', 'Main St 123');
INSERT INTO destination (zipCode, country, address) VALUES (1046, 'France', 'Main St 123');
INSERT INTO destination (zipCode, country, address) VALUES (1047, 'USA', 'High St 456');
INSERT INTO destination (zipCode, country, address) VALUES (1048, 'Germany', 'Baker St 221B');
INSERT INTO destination (zipCode, country, address) VALUES (1049, 'Germany', 'Baker St 221B');
INSERT INTO destination (zipCode, country, address) VALUES (1050, 'Germany', 'Main St 123');
INSERT INTO destination (zipCode, country, address) VALUES (1051, 'Germany', 'Main St 123');
INSERT INTO destination (zipCode, country, address) VALUES (1052, 'France', 'Sunset Blvd 100');
INSERT INTO destination (zipCode, country, address) VALUES (1053, 'Japan', 'Baker St 221B');
INSERT INTO destination (zipCode, country, address) VALUES (1054, 'France', '5th Avenue 987');
INSERT INTO destination (zipCode, country, address) VALUES (1055, 'Germany', 'Main St 123');
INSERT INTO destination (zipCode, country, address) VALUES (1056, 'Germany', '5th Avenue 987');
INSERT INTO destination (zipCode, country, address) VALUES (1057, 'France', 'High St 456');
INSERT INTO destination (zipCode, country, address) VALUES (1058, 'Japan', 'Sunset Blvd 100');
INSERT INTO destination (zipCode, country, address) VALUES (1059, 'USA', 'Baker St 221B');
INSERT INTO destination (zipCode, country, address) VALUES (1060, 'Japan', '5th Avenue 987');
INSERT INTO destination (zipCode, country, address) VALUES (1061, 'Germany', 'Baker St 221B');
INSERT INTO destination (zipCode, country, address) VALUES (1062, 'USA', '5th Avenue 987');
INSERT INTO destination (zipCode, country, address) VALUES (1063, 'Germany', 'Main St 123');
INSERT INTO destination (zipCode, country, address) VALUES (1064, 'France', 'High St 456');
INSERT INTO destination (zipCode, country, address) VALUES (1065, 'France', 'High St 456');
INSERT INTO destination (zipCode, country, address) VALUES (1066, 'Japan', 'Main St 123');
INSERT INTO destination (zipCode, country, address) VALUES (1067, 'Japan', '5th Avenue 987');
INSERT INTO destination (zipCode, country, address) VALUES (1068, 'Canada', 'High St 456');
INSERT INTO destination (zipCode, country, address) VALUES (1069, 'Germany', 'High St 456');
INSERT INTO destination (zipCode, country, address) VALUES (1070, 'USA', 'Main St 123');
INSERT INTO destination (zipCode, country, address) VALUES (1071, 'Japan', 'Main St 123');
INSERT INTO destination (zipCode, country, address) VALUES (1072, 'France', 'Sunset Blvd 100');
INSERT INTO destination (zipCode, country, address) VALUES (1073, 'USA', 'Main St 123');
INSERT INTO destination (zipCode, country, address) VALUES (1074, 'France', 'Main St 123');
INSERT INTO destination (zipCode, country, address) VALUES (1075, 'Germany', '5th Avenue 987');
INSERT INTO destination (zipCode, country, address) VALUES (1076, 'USA', '5th Avenue 987');
INSERT INTO destination (zipCode, country, address) VALUES (1077, 'Japan', 'Main St 123');
INSERT INTO destination (zipCode, country, address) VALUES (1078, 'France', 'High St 456');
INSERT INTO destination (zipCode, country, address) VALUES (1079, 'Germany', 'Main St 123');
INSERT INTO destination (zipCode, country, address) VALUES (1080, 'USA', '5th Avenue 987');
INSERT INTO destination (zipCode, country, address) VALUES (1081, 'Canada', 'Main St 123');
INSERT INTO destination (zipCode, country, address) VALUES (1082, 'Germany', 'Baker St 221B');
INSERT INTO destination (zipCode, country, address) VALUES (1083, 'USA', '5th Avenue 987');
INSERT INTO destination (zipCode, country, address) VALUES (1084, 'Canada', 'Main St 123');
INSERT INTO destination (zipCode, country, address) VALUES (1085, 'Germany', '5th Avenue 987');
INSERT INTO destination (zipCode, country, address) VALUES (1086, 'Canada', 'Main St 123');
INSERT INTO destination (zipCode, country, address) VALUES (1087, 'USA', 'Main St 123');
INSERT INTO destination (zipCode, country, address) VALUES (1088, 'Germany', 'High St 456');
INSERT INTO destination (zipCode, country, address) VALUES (1089, 'Germany', '5th Avenue 987');
INSERT INTO destination (zipCode, country, address) VALUES (1090, 'Canada', 'Baker St 221B');
INSERT INTO destination (zipCode, country, address) VALUES (1091, 'Canada', 'Sunset Blvd 100');
INSERT INTO destination (zipCode, country, address) VALUES (1092, 'France', '5th Avenue 987');
INSERT INTO destination (zipCode, country, address) VALUES (1093, 'Japan', 'Main St 123');
INSERT INTO destination (zipCode, country, address) VALUES (1094, 'Japan', 'Baker St 221B');
INSERT INTO destination (zipCode, country, address) VALUES (1095, 'Japan', 'High St 456');
INSERT INTO destination (zipCode, country, address) VALUES (1096, 'USA', 'High St 456');
INSERT INTO destination (zipCode, country, address) VALUES (1097, 'USA', 'Main St 123');
INSERT INTO destination (zipCode, country, address) VALUES (1098, 'Germany', 'Main St 123');
INSERT INTO destination (zipCode, country, address) VALUES (1099, 'Canada', 'Main St 123');
INSERT INTO destination (zipCode, country, address) VALUES (1100, 'Japan', 'High St 456');
INSERT INTO destination (zipCode, country, address) VALUES (1101, 'Germany', 'High St 456');
INSERT INTO destination (zipCode, country, address) VALUES (1102, 'Canada', 'Main St 123');
INSERT INTO destination (zipCode, country, address) VALUES (1103, 'USA', 'High St 456');
INSERT INTO destination (zipCode, country, address) VALUES (1104, 'Canada', 'High St 456');
INSERT INTO destination (zipCode, country, address) VALUES (1105, 'USA', '5th Avenue 987');
INSERT INTO destination (zipCode, country, address) VALUES (1106, 'Germany', 'High St 456');
INSERT INTO destination (zipCode, country, address) VALUES (1107, 'Japan', '5th Avenue 987');
INSERT INTO destination (zipCode, country, address) VALUES (1108, 'USA', 'High St 456');
INSERT INTO destination (zipCode, country, address) VALUES (1109, 'Germany', 'High St 456');
INSERT INTO destination (zipCode, country, address) VALUES (1110, 'Germany', '5th Avenue 987');
INSERT INTO destination (zipCode, country, address) VALUES (1111, 'Japan', 'Sunset Blvd 100');
INSERT INTO destination (zipCode, country, address) VALUES (1112, 'France', 'Main St 123');
INSERT INTO destination (zipCode, country, address) VALUES (1113, 'USA', 'Sunset Blvd 100');
INSERT INTO destination (zipCode, country, address) VALUES (1114, 'Canada', 'Baker St 221B');
INSERT INTO destination (zipCode, country, address) VALUES (1115, 'France', 'High St 456');
INSERT INTO destination (zipCode, country, address) VALUES (1116, 'USA', 'Sunset Blvd 100');
INSERT INTO destination (zipCode, country, address) VALUES (1117, 'Germany', '5th Avenue 987');
INSERT INTO destination (zipCode, country, address) VALUES (1118, 'USA', 'Sunset Blvd 100');
INSERT INTO destination (zipCode, country, address) VALUES (1119, 'Japan', 'High St 456');
INSERT INTO destination (zipCode, country, address) VALUES (1120, 'USA', '5th Avenue 987');
INSERT INTO destination (zipCode, country, address) VALUES (1121, 'Canada', 'Main St 123');
INSERT INTO destination (zipCode, country, address) VALUES (1122, 'USA', 'High St 456');
INSERT INTO destination (zipCode, country, address) VALUES (1123, 'France', 'High St 456');
INSERT INTO destination (zipCode, country, address) VALUES (1124, 'Germany', 'High St 456');
INSERT INTO destination (zipCode, country, address) VALUES (1125, 'Germany', 'Sunset Blvd 100');
INSERT INTO destination (zipCode, country, address) VALUES (1126, 'France', 'Baker St 221B');
INSERT INTO destination (zipCode, country, address) VALUES (1127, 'Germany', 'Baker St 221B');
INSERT INTO destination (zipCode, country, address) VALUES (1128, 'USA', 'Baker St 221B');
INSERT INTO destination (zipCode, country, address) VALUES (1129, 'Japan', 'Sunset Blvd 100');
INSERT INTO destination (zipCode, country, address) VALUES (1130, 'Japan', 'Main St 123');
INSERT INTO destination (zipCode, country, address) VALUES (1131, 'Canada', 'Main St 123');
INSERT INTO destination (zipCode, country, address) VALUES (1132, 'Japan', 'Sunset Blvd 100');
INSERT INTO destination (zipCode, country, address) VALUES (1133, 'Japan', 'Baker St 221B');
INSERT INTO destination (zipCode, country, address) VALUES (1134, 'USA', '5th Avenue 987');
INSERT INTO destination (zipCode, country, address) VALUES (1135, 'Germany', 'High St 456');
INSERT INTO destination (zipCode, country, address) VALUES (1136, 'Canada', 'Baker St 221B');
INSERT INTO destination (zipCode, country, address) VALUES (1137, 'Japan', 'Main St 123');
INSERT INTO destination (zipCode, country, address) VALUES (1138, 'Canada', 'Baker St 221B');
INSERT INTO destination (zipCode, country, address) VALUES (1139, 'Japan', 'Baker St 221B');
INSERT INTO destination (zipCode, country, address) VALUES (1140, 'Germany', 'High St 456');
INSERT INTO destination (zipCode, country, address) VALUES (1141, 'USA', 'Baker St 221B');
INSERT INTO destination (zipCode, country, address) VALUES (1142, 'Japan', 'Main St 123');
INSERT INTO destination (zipCode, country, address) VALUES (1143, 'France', 'Sunset Blvd 100');
INSERT INTO destination (zipCode, country, address) VALUES (1144, 'Germany', 'Baker St 221B');
INSERT INTO destination (zipCode, country, address) VALUES (1145, 'Japan', 'Baker St 221B');
INSERT INTO destination (zipCode, country, address) VALUES (1146, 'Japan', 'High St 456');
INSERT INTO destination (zipCode, country, address) VALUES (1147, 'USA', 'High St 456');
INSERT INTO destination (zipCode, country, address) VALUES (1148, 'France', '5th Avenue 987');
INSERT INTO destination (zipCode, country, address) VALUES (1149, 'Canada', 'High St 456');
INSERT INTO destination (zipCode, country, address) VALUES (1150, 'Germany', 'Main St 123');
INSERT INTO destination (zipCode, country, address) VALUES (1151, 'USA', 'Baker St 221B');
INSERT INTO destination (zipCode, country, address) VALUES (1152, 'Japan', 'Baker St 221B');
INSERT INTO destination (zipCode, country, address) VALUES (1153, 'France', '5th Avenue 987');
INSERT INTO destination (zipCode, country, address) VALUES (1154, 'Germany', 'Main St 123');
INSERT INTO destination (zipCode, country, address) VALUES (1155, 'Canada', '5th Avenue 987');
INSERT INTO destination (zipCode, country, address) VALUES (1156, 'France', 'High St 456');
INSERT INTO destination (zipCode, country, address) VALUES (1157, 'Canada', 'Baker St 221B');
INSERT INTO destination (zipCode, country, address) VALUES (1158, 'France', 'Main St 123');
INSERT INTO destination (zipCode, country, address) VALUES (1159, 'France', '5th Avenue 987');
INSERT INTO destination (zipCode, country, address) VALUES (1160, 'Canada', 'Sunset Blvd 100');
INSERT INTO destination (zipCode, country, address) VALUES (1161, 'Canada', '5th Avenue 987');
INSERT INTO destination (zipCode, country, address) VALUES (1162, 'USA', 'Baker St 221B');
INSERT INTO destination (zipCode, country, address) VALUES (1163, 'USA', 'Main St 123');
INSERT INTO destination (zipCode, country, address) VALUES (1164, 'Germany', '5th Avenue 987');
INSERT INTO destination (zipCode, country, address) VALUES (1165, 'USA', '5th Avenue 987');
INSERT INTO destination (zipCode, country, address) VALUES (1166, 'Canada', 'Main St 123');
INSERT INTO destination (zipCode, country, address) VALUES (1167, 'France', 'Sunset Blvd 100');
INSERT INTO destination (zipCode, country, address) VALUES (1168, 'Germany', '5th Avenue 987');
INSERT INTO destination (zipCode, country, address) VALUES (1169, 'USA', 'Sunset Blvd 100');
INSERT INTO destination (zipCode, country, address) VALUES (1170, 'Germany', 'Sunset Blvd 100');
INSERT INTO destination (zipCode, country, address) VALUES (1171, 'USA', 'High St 456');
INSERT INTO destination (zipCode, country, address) VALUES (1172, 'France', 'Baker St 221B');
INSERT INTO destination (zipCode, country, address) VALUES (1173, 'Canada', '5th Avenue 987');
INSERT INTO destination (zipCode, country, address) VALUES (1174, 'France', 'Baker St 221B');
INSERT INTO destination (zipCode, country, address) VALUES (1175, 'Germany', 'Main St 123');
INSERT INTO destination (zipCode, country, address) VALUES (1176, 'Japan', 'Main St 123');
INSERT INTO destination (zipCode, country, address) VALUES (1177, 'Canada', 'Main St 123');
INSERT INTO destination (zipCode, country, address) VALUES (1178, 'Germany', '5th Avenue 987');
INSERT INTO destination (zipCode, country, address) VALUES (1179, 'Japan', 'High St 456');
INSERT INTO destination (zipCode, country, address) VALUES (1180, 'Japan', 'Sunset Blvd 100');
INSERT INTO destination (zipCode, country, address) VALUES (1181, 'Canada', '5th Avenue 987');
INSERT INTO destination (zipCode, country, address) VALUES (1182, 'Germany', '5th Avenue 987');
INSERT INTO destination (zipCode, country, address) VALUES (1183, 'Japan', 'Sunset Blvd 100');
INSERT INTO destination (zipCode, country, address) VALUES (1184, 'USA', 'Sunset Blvd 100');
INSERT INTO destination (zipCode, country, address) VALUES (1185, 'France', 'Sunset Blvd 100');
INSERT INTO destination (zipCode, country, address) VALUES (1186, 'Japan', 'High St 456');
INSERT INTO destination (zipCode, country, address) VALUES (1187, 'Germany', 'Sunset Blvd 100');
INSERT INTO destination (zipCode, country, address) VALUES (1188, 'USA', 'Main St 123');
INSERT INTO destination (zipCode, country, address) VALUES (1189, 'Japan', '5th Avenue 987');
INSERT INTO destination (zipCode, country, address) VALUES (1190, 'USA', '5th Avenue 987');
INSERT INTO destination (zipCode, country, address) VALUES (1191, 'Japan', 'Sunset Blvd 100');
INSERT INTO destination (zipCode, country, address) VALUES (1192, 'France', '5th Avenue 987');
INSERT INTO destination (zipCode, country, address) VALUES (1193, 'USA', 'Baker St 221B');
INSERT INTO destination (zipCode, country, address) VALUES (1194, 'France', 'High St 456');
INSERT INTO destination (zipCode, country, address) VALUES (1195, 'Canada', 'Baker St 221B');
INSERT INTO destination (zipCode, country, address) VALUES (1196, 'France', 'Baker St 221B');
INSERT INTO destination (zipCode, country, address) VALUES (1197, 'France', 'High St 456');
INSERT INTO destination (zipCode, country, address) VALUES (1198, 'Japan', 'High St 456');
INSERT INTO destination (zipCode, country, address) VALUES (1199, 'Canada', 'Sunset Blvd 100');
INSERT INTO destination (zipCode, country, address) VALUES (1200, 'USA', 'High St 456');
INSERT INTO destination (zipCode, country, address) VALUES (1201, 'Japan', 'Sunset Blvd 100');
INSERT INTO destination (zipCode, country, address) VALUES (1202, 'Japan', 'Sunset Blvd 100');
INSERT INTO destination (zipCode, country, address) VALUES (1203, 'Canada', 'Baker St 221B');

-- Inserting data into hotel
INSERT INTO hotel (hotelID, hotelName, location, totalRooms) VALUES (4, 'Hotel_4', '5th Avenue 987', 173);
INSERT INTO hotel (hotelID, hotelName, location, totalRooms) VALUES (5, 'Hotel_5', 'Sunset Blvd 100', 83);
INSERT INTO hotel (hotelID, hotelName, location, totalRooms) VALUES (6, 'Hotel_6', '5th Avenue 987', 58);
INSERT INTO hotel (hotelID, hotelName, location, totalRooms) VALUES (7, 'Hotel_7', '5th Avenue 987', 68);
INSERT INTO hotel (hotelID, hotelName, location, totalRooms) VALUES (8, 'Hotel_8', 'Baker St 221B', 32);
INSERT INTO hotel (hotelID, hotelName, location, totalRooms) VALUES (9, 'Hotel_9', 'High St 456', 183);
INSERT INTO hotel (hotelID, hotelName, location, totalRooms) VALUES (10, 'Hotel_10', 'Sunset Blvd 100', 61);
INSERT INTO hotel (hotelID, hotelName, location, totalRooms) VALUES (11, 'Hotel_11', 'High St 456', 44);
INSERT INTO hotel (hotelID, hotelName, location, totalRooms) VALUES (12, 'Hotel_12', 'Sunset Blvd 100', 112);
INSERT INTO hotel (hotelID, hotelName, location, totalRooms) VALUES (13, 'Hotel_13', 'Main St 123', 71);
INSERT INTO hotel (hotelID, hotelName, location, totalRooms) VALUES (14, 'Hotel_14', 'High St 456', 90);
INSERT INTO hotel (hotelID, hotelName, location, totalRooms) VALUES (15, 'Hotel_15', 'Sunset Blvd 100', 148);
INSERT INTO hotel (hotelID, hotelName, location, totalRooms) VALUES (16, 'Hotel_16', 'High St 456', 193);
INSERT INTO hotel (hotelID, hotelName, location, totalRooms) VALUES (17, 'Hotel_17', 'Sunset Blvd 100', 175);
INSERT INTO hotel (hotelID, hotelName, location, totalRooms) VALUES (18, 'Hotel_18', 'Main St 123', 158);
INSERT INTO hotel (hotelID, hotelName, location, totalRooms) VALUES (19, 'Hotel_19', 'Baker St 221B', 21);
INSERT INTO hotel (hotelID, hotelName, location, totalRooms) VALUES (20, 'Hotel_20', '5th Avenue 987', 108);
INSERT INTO hotel (hotelID, hotelName, location, totalRooms) VALUES (21, 'Hotel_21', 'Main St 123', 55);
INSERT INTO hotel (hotelID, hotelName, location, totalRooms) VALUES (22, 'Hotel_22', 'High St 456', 25);
INSERT INTO hotel (hotelID, hotelName, location, totalRooms) VALUES (23, 'Hotel_23', 'Sunset Blvd 100', 70);
INSERT INTO hotel (hotelID, hotelName, location, totalRooms) VALUES (24, 'Hotel_24', 'Sunset Blvd 100', 65);
INSERT INTO hotel (hotelID, hotelName, location, totalRooms) VALUES (25, 'Hotel_25', 'Sunset Blvd 100', 90);
INSERT INTO hotel (hotelID, hotelName, location, totalRooms) VALUES (26, 'Hotel_26', '5th Avenue 987', 154);
INSERT INTO hotel (hotelID, hotelName, location, totalRooms) VALUES (27, 'Hotel_27', 'Main St 123', 143);
INSERT INTO hotel (hotelID, hotelName, location, totalRooms) VALUES (28, 'Hotel_28', '5th Avenue 987', 166);
INSERT INTO hotel (hotelID, hotelName, location, totalRooms) VALUES (29, 'Hotel_29', 'High St 456', 168);
INSERT INTO hotel (hotelID, hotelName, location, totalRooms) VALUES (30, 'Hotel_30', 'High St 456', 113);
INSERT INTO hotel (hotelID, hotelName, location, totalRooms) VALUES (31, 'Hotel_31', '5th Avenue 987', 198);
INSERT INTO hotel (hotelID, hotelName, location, totalRooms) VALUES (32, 'Hotel_32', 'Sunset Blvd 100', 179);
INSERT INTO hotel (hotelID, hotelName, location, totalRooms) VALUES (33, 'Hotel_33', 'Sunset Blvd 100', 145);
INSERT INTO hotel (hotelID, hotelName, location, totalRooms) VALUES (34, 'Hotel_34', 'Baker St 221B', 93);
INSERT INTO hotel (hotelID, hotelName, location, totalRooms) VALUES (35, 'Hotel_35', 'High St 456', 48);
INSERT INTO hotel (hotelID, hotelName, location, totalRooms) VALUES (36, 'Hotel_36', 'Sunset Blvd 100', 153);
INSERT INTO hotel (hotelID, hotelName, location, totalRooms) VALUES (37, 'Hotel_37', 'Sunset Blvd 100', 126);
INSERT INTO hotel (hotelID, hotelName, location, totalRooms) VALUES (38, 'Hotel_38', 'Main St 123', 187);
INSERT INTO hotel (hotelID, hotelName, location, totalRooms) VALUES (39, 'Hotel_39', '5th Avenue 987', 65);
INSERT INTO hotel (hotelID, hotelName, location, totalRooms) VALUES (40, 'Hotel_40', 'Baker St 221B', 129);
INSERT INTO hotel (hotelID, hotelName, location, totalRooms) VALUES (41, 'Hotel_41', 'Baker St 221B', 195);
INSERT INTO hotel (hotelID, hotelName, location, totalRooms) VALUES (42, 'Hotel_42', 'Sunset Blvd 100', 127);
INSERT INTO hotel (hotelID, hotelName, location, totalRooms) VALUES (43, 'Hotel_43', 'Baker St 221B', 64);
INSERT INTO hotel (hotelID, hotelName, location, totalRooms) VALUES (44, 'Hotel_44', '5th Avenue 987', 163);
INSERT INTO hotel (hotelID, hotelName, location, totalRooms) VALUES (45, 'Hotel_45', 'Sunset Blvd 100', 30);
INSERT INTO hotel (hotelID, hotelName, location, totalRooms) VALUES (46, 'Hotel_46', 'Baker St 221B', 189);
INSERT INTO hotel (hotelID, hotelName, location, totalRooms) VALUES (47, 'Hotel_47', 'Sunset Blvd 100', 191);
INSERT INTO hotel (hotelID, hotelName, location, totalRooms) VALUES (48, 'Hotel_48', 'Sunset Blvd 100', 183);
INSERT INTO hotel (hotelID, hotelName, location, totalRooms) VALUES (49, 'Hotel_49', 'High St 456', 142);
INSERT INTO hotel (hotelID, hotelName, location, totalRooms) VALUES (50, 'Hotel_50', 'Main St 123', 48);
INSERT INTO hotel (hotelID, hotelName, location, totalRooms) VALUES (51, 'Hotel_51', 'Baker St 221B', 105);
INSERT INTO hotel (hotelID, hotelName, location, totalRooms) VALUES (52, 'Hotel_52', 'Baker St 221B', 83);
INSERT INTO hotel (hotelID, hotelName, location, totalRooms) VALUES (53, 'Hotel_53', 'High St 456', 196);
INSERT INTO hotel (hotelID, hotelName, location, totalRooms) VALUES (54, 'Hotel_54', '5th Avenue 987', 164);
INSERT INTO hotel (hotelID, hotelName, location, totalRooms) VALUES (55, 'Hotel_55', 'Main St 123', 87);
INSERT INTO hotel (hotelID, hotelName, location, totalRooms) VALUES (56, 'Hotel_56', 'Sunset Blvd 100', 69);
INSERT INTO hotel (hotelID, hotelName, location, totalRooms) VALUES (57, 'Hotel_57', 'Baker St 221B', 153);
INSERT INTO hotel (hotelID, hotelName, location, totalRooms) VALUES (58, 'Hotel_58', '5th Avenue 987', 83);
INSERT INTO hotel (hotelID, hotelName, location, totalRooms) VALUES (59, 'Hotel_59', '5th Avenue 987', 84);
INSERT INTO hotel (hotelID, hotelName, location, totalRooms) VALUES (60, 'Hotel_60', 'Main St 123', 30);
INSERT INTO hotel (hotelID, hotelName, location, totalRooms) VALUES (61, 'Hotel_61', 'Sunset Blvd 100', 23);
INSERT INTO hotel (hotelID, hotelName, location, totalRooms) VALUES (62, 'Hotel_62', 'Sunset Blvd 100', 35);
INSERT INTO hotel (hotelID, hotelName, location, totalRooms) VALUES (63, 'Hotel_63', 'Baker St 221B', 157);
INSERT INTO hotel (hotelID, hotelName, location, totalRooms) VALUES (64, 'Hotel_64', 'High St 456', 133);
INSERT INTO hotel (hotelID, hotelName, location, totalRooms) VALUES (65, 'Hotel_65', 'Main St 123', 133);
INSERT INTO hotel (hotelID, hotelName, location, totalRooms) VALUES (66, 'Hotel_66', 'High St 456', 138);
INSERT INTO hotel (hotelID, hotelName, location, totalRooms) VALUES (67, 'Hotel_67', 'Sunset Blvd 100', 190);
INSERT INTO hotel (hotelID, hotelName, location, totalRooms) VALUES (68, 'Hotel_68', 'Sunset Blvd 100', 102);
INSERT INTO hotel (hotelID, hotelName, location, totalRooms) VALUES (69, 'Hotel_69', 'Main St 123', 84);
INSERT INTO hotel (hotelID, hotelName, location, totalRooms) VALUES (70, 'Hotel_70', '5th Avenue 987', 102);
INSERT INTO hotel (hotelID, hotelName, location, totalRooms) VALUES (71, 'Hotel_71', 'High St 456', 117);
INSERT INTO hotel (hotelID, hotelName, location, totalRooms) VALUES (72, 'Hotel_72', 'Baker St 221B', 97);
INSERT INTO hotel (hotelID, hotelName, location, totalRooms) VALUES (73, 'Hotel_73', '5th Avenue 987', 182);
INSERT INTO hotel (hotelID, hotelName, location, totalRooms) VALUES (74, 'Hotel_74', 'Baker St 221B', 43);
INSERT INTO hotel (hotelID, hotelName, location, totalRooms) VALUES (75, 'Hotel_75', 'Baker St 221B', 111);
INSERT INTO hotel (hotelID, hotelName, location, totalRooms) VALUES (76, 'Hotel_76', 'High St 456', 177);
INSERT INTO hotel (hotelID, hotelName, location, totalRooms) VALUES (77, 'Hotel_77', 'Sunset Blvd 100', 188);
INSERT INTO hotel (hotelID, hotelName, location, totalRooms) VALUES (78, 'Hotel_78', 'High St 456', 66);
INSERT INTO hotel (hotelID, hotelName, location, totalRooms) VALUES (79, 'Hotel_79', 'High St 456', 31);
INSERT INTO hotel (hotelID, hotelName, location, totalRooms) VALUES (80, 'Hotel_80', 'High St 456', 31);
INSERT INTO hotel (hotelID, hotelName, location, totalRooms) VALUES (81, 'Hotel_81', 'Sunset Blvd 100', 44);
INSERT INTO hotel (hotelID, hotelName, location, totalRooms) VALUES (82, 'Hotel_82', 'Sunset Blvd 100', 170);
INSERT INTO hotel (hotelID, hotelName, location, totalRooms) VALUES (83, 'Hotel_83', '5th Avenue 987', 157);
INSERT INTO hotel (hotelID, hotelName, location, totalRooms) VALUES (84, 'Hotel_84', 'Sunset Blvd 100', 88);
INSERT INTO hotel (hotelID, hotelName, location, totalRooms) VALUES (85, 'Hotel_85', 'Sunset Blvd 100', 122);
INSERT INTO hotel (hotelID, hotelName, location, totalRooms) VALUES (86, 'Hotel_86', 'High St 456', 64);
INSERT INTO hotel (hotelID, hotelName, location, totalRooms) VALUES (87, 'Hotel_87', 'Sunset Blvd 100', 184);
INSERT INTO hotel (hotelID, hotelName, location, totalRooms) VALUES (88, 'Hotel_88', 'Baker St 221B', 187);
INSERT INTO hotel (hotelID, hotelName, location, totalRooms) VALUES (89, 'Hotel_89', 'Baker St 221B', 86);
INSERT INTO hotel (hotelID, hotelName, location, totalRooms) VALUES (90, 'Hotel_90', '5th Avenue 987', 186);
INSERT INTO hotel (hotelID, hotelName, location, totalRooms) VALUES (91, 'Hotel_91', '5th Avenue 987', 178);
INSERT INTO hotel (hotelID, hotelName, location, totalRooms) VALUES (92, 'Hotel_92', '5th Avenue 987', 140);
INSERT INTO hotel (hotelID, hotelName, location, totalRooms) VALUES (93, 'Hotel_93', 'Main St 123', 59);
INSERT INTO hotel (hotelID, hotelName, location, totalRooms) VALUES (94, 'Hotel_94', 'Main St 123', 165);
INSERT INTO hotel (hotelID, hotelName, location, totalRooms) VALUES (95, 'Hotel_95', 'Sunset Blvd 100', 200);
INSERT INTO hotel (hotelID, hotelName, location, totalRooms) VALUES (96, 'Hotel_96', 'High St 456', 171);
INSERT INTO hotel (hotelID, hotelName, location, totalRooms) VALUES (97, 'Hotel_97', 'Main St 123', 107);
INSERT INTO hotel (hotelID, hotelName, location, totalRooms) VALUES (98, 'Hotel_98', 'Baker St 221B', 90);
INSERT INTO hotel (hotelID, hotelName, location, totalRooms) VALUES (99, 'Hotel_99', 'Baker St 221B', 25);
INSERT INTO hotel (hotelID, hotelName, location, totalRooms) VALUES (100, 'Hotel_100', '5th Avenue 987', 127);
INSERT INTO hotel (hotelID, hotelName, location, totalRooms) VALUES (101, 'Hotel_101', 'Baker St 221B', 163);
INSERT INTO hotel (hotelID, hotelName, location, totalRooms) VALUES (102, 'Hotel_102', 'Baker St 221B', 29);
INSERT INTO hotel (hotelID, hotelName, location, totalRooms) VALUES (103, 'Hotel_103', 'Sunset Blvd 100', 199);
INSERT INTO hotel (hotelID, hotelName, location, totalRooms) VALUES (104, 'Hotel_104', 'Sunset Blvd 100', 200);
INSERT INTO hotel (hotelID, hotelName, location, totalRooms) VALUES (105, 'Hotel_105', 'Main St 123', 52);
INSERT INTO hotel (hotelID, hotelName, location, totalRooms) VALUES (106, 'Hotel_106', 'Baker St 221B', 38);
INSERT INTO hotel (hotelID, hotelName, location, totalRooms) VALUES (107, 'Hotel_107', 'Baker St 221B', 50);
INSERT INTO hotel (hotelID, hotelName, location, totalRooms) VALUES (108, 'Hotel_108', 'Sunset Blvd 100', 125);
INSERT INTO hotel (hotelID, hotelName, location, totalRooms) VALUES (109, 'Hotel_109', 'High St 456', 87);
INSERT INTO hotel (hotelID, hotelName, location, totalRooms) VALUES (110, 'Hotel_110', 'Baker St 221B', 137);
INSERT INTO hotel (hotelID, hotelName, location, totalRooms) VALUES (111, 'Hotel_111', '5th Avenue 987', 97);
INSERT INTO hotel (hotelID, hotelName, location, totalRooms) VALUES (112, 'Hotel_112', 'Sunset Blvd 100', 58);
INSERT INTO hotel (hotelID, hotelName, location, totalRooms) VALUES (113, 'Hotel_113', 'Sunset Blvd 100', 155);
INSERT INTO hotel (hotelID, hotelName, location, totalRooms) VALUES (114, 'Hotel_114', 'High St 456', 22);
INSERT INTO hotel (hotelID, hotelName, location, totalRooms) VALUES (115, 'Hotel_115', 'Baker St 221B', 60);
INSERT INTO hotel (hotelID, hotelName, location, totalRooms) VALUES (116, 'Hotel_116', 'High St 456', 83);
INSERT INTO hotel (hotelID, hotelName, location, totalRooms) VALUES (117, 'Hotel_117', 'Sunset Blvd 100', 95);
INSERT INTO hotel (hotelID, hotelName, location, totalRooms) VALUES (118, 'Hotel_118', 'Sunset Blvd 100', 39);
INSERT INTO hotel (hotelID, hotelName, location, totalRooms) VALUES (119, 'Hotel_119', '5th Avenue 987', 161);
INSERT INTO hotel (hotelID, hotelName, location, totalRooms) VALUES (120, 'Hotel_120', 'High St 456', 80);
INSERT INTO hotel (hotelID, hotelName, location, totalRooms) VALUES (121, 'Hotel_121', 'Main St 123', 163);
INSERT INTO hotel (hotelID, hotelName, location, totalRooms) VALUES (122, 'Hotel_122', 'Main St 123', 108);
INSERT INTO hotel (hotelID, hotelName, location, totalRooms) VALUES (123, 'Hotel_123', 'Baker St 221B', 107);
INSERT INTO hotel (hotelID, hotelName, location, totalRooms) VALUES (124, 'Hotel_124', 'High St 456', 195);
INSERT INTO hotel (hotelID, hotelName, location, totalRooms) VALUES (125, 'Hotel_125', 'Main St 123', 79);
INSERT INTO hotel (hotelID, hotelName, location, totalRooms) VALUES (126, 'Hotel_126', 'High St 456', 179);
INSERT INTO hotel (hotelID, hotelName, location, totalRooms) VALUES (127, 'Hotel_127', '5th Avenue 987', 130);
INSERT INTO hotel (hotelID, hotelName, location, totalRooms) VALUES (128, 'Hotel_128', '5th Avenue 987', 101);
INSERT INTO hotel (hotelID, hotelName, location, totalRooms) VALUES (129, 'Hotel_129', 'Baker St 221B', 143);
INSERT INTO hotel (hotelID, hotelName, location, totalRooms) VALUES (130, 'Hotel_130', '5th Avenue 987', 178);
INSERT INTO hotel (hotelID, hotelName, location, totalRooms) VALUES (131, 'Hotel_131', 'Main St 123', 61);
INSERT INTO hotel (hotelID, hotelName, location, totalRooms) VALUES (132, 'Hotel_132', 'Main St 123', 51);
INSERT INTO hotel (hotelID, hotelName, location, totalRooms) VALUES (133, 'Hotel_133', 'Sunset Blvd 100', 132);
INSERT INTO hotel (hotelID, hotelName, location, totalRooms) VALUES (134, 'Hotel_134', 'Main St 123', 128);
INSERT INTO hotel (hotelID, hotelName, location, totalRooms) VALUES (135, 'Hotel_135', 'High St 456', 169);
INSERT INTO hotel (hotelID, hotelName, location, totalRooms) VALUES (136, 'Hotel_136', 'Baker St 221B', 50);
INSERT INTO hotel (hotelID, hotelName, location, totalRooms) VALUES (137, 'Hotel_137', 'High St 456', 198);
INSERT INTO hotel (hotelID, hotelName, location, totalRooms) VALUES (138, 'Hotel_138', 'Baker St 221B', 115);
INSERT INTO hotel (hotelID, hotelName, location, totalRooms) VALUES (139, 'Hotel_139', 'High St 456', 158);
INSERT INTO hotel (hotelID, hotelName, location, totalRooms) VALUES (140, 'Hotel_140', 'Sunset Blvd 100', 145);
INSERT INTO hotel (hotelID, hotelName, location, totalRooms) VALUES (141, 'Hotel_141', 'Sunset Blvd 100', 100);
INSERT INTO hotel (hotelID, hotelName, location, totalRooms) VALUES (142, 'Hotel_142', 'High St 456', 191);
INSERT INTO hotel (hotelID, hotelName, location, totalRooms) VALUES (143, 'Hotel_143', 'Sunset Blvd 100', 191);
INSERT INTO hotel (hotelID, hotelName, location, totalRooms) VALUES (144, 'Hotel_144', 'Main St 123', 28);
INSERT INTO hotel (hotelID, hotelName, location, totalRooms) VALUES (145, 'Hotel_145', 'High St 456', 134);
INSERT INTO hotel (hotelID, hotelName, location, totalRooms) VALUES (146, 'Hotel_146', 'High St 456', 122);
INSERT INTO hotel (hotelID, hotelName, location, totalRooms) VALUES (147, 'Hotel_147', 'Main St 123', 160);
INSERT INTO hotel (hotelID, hotelName, location, totalRooms) VALUES (148, 'Hotel_148', 'Sunset Blvd 100', 90);
INSERT INTO hotel (hotelID, hotelName, location, totalRooms) VALUES (149, 'Hotel_149', 'High St 456', 191);
INSERT INTO hotel (hotelID, hotelName, location, totalRooms) VALUES (150, 'Hotel_150', 'Baker St 221B', 38);
INSERT INTO hotel (hotelID, hotelName, location, totalRooms) VALUES (151, 'Hotel_151', 'Main St 123', 94);
INSERT INTO hotel (hotelID, hotelName, location, totalRooms) VALUES (152, 'Hotel_152', '5th Avenue 987', 85);
INSERT INTO hotel (hotelID, hotelName, location, totalRooms) VALUES (153, 'Hotel_153', 'Main St 123', 147);
INSERT INTO hotel (hotelID, hotelName, location, totalRooms) VALUES (154, 'Hotel_154', 'Baker St 221B', 28);
INSERT INTO hotel (hotelID, hotelName, location, totalRooms) VALUES (155, 'Hotel_155', 'Main St 123', 57);
INSERT INTO hotel (hotelID, hotelName, location, totalRooms) VALUES (156, 'Hotel_156', 'Main St 123', 60);
INSERT INTO hotel (hotelID, hotelName, location, totalRooms) VALUES (157, 'Hotel_157', 'Main St 123', 43);
INSERT INTO hotel (hotelID, hotelName, location, totalRooms) VALUES (158, 'Hotel_158', 'Main St 123', 85);
INSERT INTO hotel (hotelID, hotelName, location, totalRooms) VALUES (159, 'Hotel_159', 'Sunset Blvd 100', 198);
INSERT INTO hotel (hotelID, hotelName, location, totalRooms) VALUES (160, 'Hotel_160', '5th Avenue 987', 196);
INSERT INTO hotel (hotelID, hotelName, location, totalRooms) VALUES (161, 'Hotel_161', 'Main St 123', 179);
INSERT INTO hotel (hotelID, hotelName, location, totalRooms) VALUES (162, 'Hotel_162', 'Main St 123', 145);
INSERT INTO hotel (hotelID, hotelName, location, totalRooms) VALUES (163, 'Hotel_163', '5th Avenue 987', 133);
INSERT INTO hotel (hotelID, hotelName, location, totalRooms) VALUES (164, 'Hotel_164', 'High St 456', 83);
INSERT INTO hotel (hotelID, hotelName, location, totalRooms) VALUES (165, 'Hotel_165', 'Main St 123', 172);
INSERT INTO hotel (hotelID, hotelName, location, totalRooms) VALUES (166, 'Hotel_166', '5th Avenue 987', 28);
INSERT INTO hotel (hotelID, hotelName, location, totalRooms) VALUES (167, 'Hotel_167', 'Sunset Blvd 100', 117);
INSERT INTO hotel (hotelID, hotelName, location, totalRooms) VALUES (168, 'Hotel_168', 'Baker St 221B', 40);
INSERT INTO hotel (hotelID, hotelName, location, totalRooms) VALUES (169, 'Hotel_169', 'Main St 123', 40);
INSERT INTO hotel (hotelID, hotelName, location, totalRooms) VALUES (170, 'Hotel_170', 'Sunset Blvd 100', 171);
INSERT INTO hotel (hotelID, hotelName, location, totalRooms) VALUES (171, 'Hotel_171', 'High St 456', 162);
INSERT INTO hotel (hotelID, hotelName, location, totalRooms) VALUES (172, 'Hotel_172', 'Sunset Blvd 100', 159);
INSERT INTO hotel (hotelID, hotelName, location, totalRooms) VALUES (173, 'Hotel_173', 'Baker St 221B', 122);
INSERT INTO hotel (hotelID, hotelName, location, totalRooms) VALUES (174, 'Hotel_174', 'Sunset Blvd 100', 39);
INSERT INTO hotel (hotelID, hotelName, location, totalRooms) VALUES (175, 'Hotel_175', '5th Avenue 987', 148);
INSERT INTO hotel (hotelID, hotelName, location, totalRooms) VALUES (176, 'Hotel_176', 'Sunset Blvd 100', 38);
INSERT INTO hotel (hotelID, hotelName, location, totalRooms) VALUES (177, 'Hotel_177', 'Baker St 221B', 145);
INSERT INTO hotel (hotelID, hotelName, location, totalRooms) VALUES (178, 'Hotel_178', 'Main St 123', 170);
INSERT INTO hotel (hotelID, hotelName, location, totalRooms) VALUES (179, 'Hotel_179', 'High St 456', 33);
INSERT INTO hotel (hotelID, hotelName, location, totalRooms) VALUES (180, 'Hotel_180', '5th Avenue 987', 93);
INSERT INTO hotel (hotelID, hotelName, location, totalRooms) VALUES (181, 'Hotel_181', 'Main St 123', 163);
INSERT INTO hotel (hotelID, hotelName, location, totalRooms) VALUES (182, 'Hotel_182', 'High St 456', 132);
INSERT INTO hotel (hotelID, hotelName, location, totalRooms) VALUES (183, 'Hotel_183', '5th Avenue 987', 94);
INSERT INTO hotel (hotelID, hotelName, location, totalRooms) VALUES (184, 'Hotel_184', 'Baker St 221B', 116);
INSERT INTO hotel (hotelID, hotelName, location, totalRooms) VALUES (185, 'Hotel_185', '5th Avenue 987', 138);
INSERT INTO hotel (hotelID, hotelName, location, totalRooms) VALUES (186, 'Hotel_186', 'Baker St 221B', 115);
INSERT INTO hotel (hotelID, hotelName, location, totalRooms) VALUES (187, 'Hotel_187', 'Sunset Blvd 100', 155);
INSERT INTO hotel (hotelID, hotelName, location, totalRooms) VALUES (188, 'Hotel_188', 'Baker St 221B', 105);
INSERT INTO hotel (hotelID, hotelName, location, totalRooms) VALUES (189, 'Hotel_189', 'Main St 123', 140);
INSERT INTO hotel (hotelID, hotelName, location, totalRooms) VALUES (190, 'Hotel_190', '5th Avenue 987', 134);
INSERT INTO hotel (hotelID, hotelName, location, totalRooms) VALUES (191, 'Hotel_191', 'Main St 123', 127);
INSERT INTO hotel (hotelID, hotelName, location, totalRooms) VALUES (192, 'Hotel_192', '5th Avenue 987', 25);
INSERT INTO hotel (hotelID, hotelName, location, totalRooms) VALUES (193, 'Hotel_193', 'Sunset Blvd 100', 122);
INSERT INTO hotel (hotelID, hotelName, location, totalRooms) VALUES (194, 'Hotel_194', 'Sunset Blvd 100', 115);
INSERT INTO hotel (hotelID, hotelName, location, totalRooms) VALUES (195, 'Hotel_195', '5th Avenue 987', 70);
INSERT INTO hotel (hotelID, hotelName, location, totalRooms) VALUES (196, 'Hotel_196', 'Baker St 221B', 94);
INSERT INTO hotel (hotelID, hotelName, location, totalRooms) VALUES (197, 'Hotel_197', 'Sunset Blvd 100', 181);
INSERT INTO hotel (hotelID, hotelName, location, totalRooms) VALUES (198, 'Hotel_198', 'Sunset Blvd 100', 69);
INSERT INTO hotel (hotelID, hotelName, location, totalRooms) VALUES (199, 'Hotel_199', 'Baker St 221B', 57);
INSERT INTO hotel (hotelID, hotelName, location, totalRooms) VALUES (200, 'Hotel_200', 'Sunset Blvd 100', 186);
INSERT INTO hotel (hotelID, hotelName, location, totalRooms) VALUES (201, 'Hotel_201', 'High St 456', 34);
INSERT INTO hotel (hotelID, hotelName, location, totalRooms) VALUES (202, 'Hotel_202', '5th Avenue 987', 68);
INSERT INTO hotel (hotelID, hotelName, location, totalRooms) VALUES (203, 'Hotel_203', 'High St 456', 21);

-- Inserting data into flight
INSERT INTO flight (flightID, airline, departureDate, returnDate) VALUES (4, 'Airline_4', '2024-09-18', '2024-05-05');
INSERT INTO flight (flightID, airline, departureDate, returnDate) VALUES (5, 'Airline_5', '2024-11-23', '2024-06-23');
INSERT INTO flight (flightID, airline, departureDate, returnDate) VALUES (6, 'Airline_6', '2024-03-25', '2024-10-26');
INSERT INTO flight (flightID, airline, departureDate, returnDate) VALUES (7, 'Airline_7', '2024-10-08', '2024-08-05');
INSERT INTO flight (flightID, airline, departureDate, returnDate) VALUES (8, 'Airline_8', '2024-02-23', '2024-03-21');
INSERT INTO flight (flightID, airline, departureDate, returnDate) VALUES (9, 'Airline_9', '2024-07-06', '2024-02-03');
INSERT INTO flight (flightID, airline, departureDate, returnDate) VALUES (10, 'Airline_10', '2024-04-30', '2024-06-17');
INSERT INTO flight (flightID, airline, departureDate, returnDate) VALUES (11, 'Airline_11', '2024-02-13', '2024-09-18');
INSERT INTO flight (flightID, airline, departureDate, returnDate) VALUES (12, 'Airline_12', '2024-11-18', '2024-04-04');
INSERT INTO flight (flightID, airline, departureDate, returnDate) VALUES (13, 'Airline_13', '2024-10-02', '2024-12-03');
INSERT INTO flight (flightID, airline, departureDate, returnDate) VALUES (14, 'Airline_14', '2024-02-01', '2024-06-05');
INSERT INTO flight (flightID, airline, departureDate, returnDate) VALUES (15, 'Airline_15', '2024-09-13', '2024-11-12');
INSERT INTO flight (flightID, airline, departureDate, returnDate) VALUES (16, 'Airline_16', '2024-05-03', '2024-11-12');
INSERT INTO flight (flightID, airline, departureDate, returnDate) VALUES (17, 'Airline_17', '2024-07-20', '2024-11-19');
INSERT INTO flight (flightID, airline, departureDate, returnDate) VALUES (18, 'Airline_18', '2024-01-23', '2024-08-18');
INSERT INTO flight (flightID, airline, departureDate, returnDate) VALUES (19, 'Airline_19', '2024-11-02', '2024-03-31');
INSERT INTO flight (flightID, airline, departureDate, returnDate) VALUES (20, 'Airline_20', '2024-11-22', '2024-01-02');
INSERT INTO flight (flightID, airline, departureDate, returnDate) VALUES (21, 'Airline_21', '2024-10-08', '2024-10-22');
INSERT INTO flight (flightID, airline, departureDate, returnDate) VALUES (22, 'Airline_22', '2024-10-28', '2024-07-03');
INSERT INTO flight (flightID, airline, departureDate, returnDate) VALUES (23, 'Airline_23', '2024-08-25', '2024-06-20');
INSERT INTO flight (flightID, airline, departureDate, returnDate) VALUES (24, 'Airline_24', '2024-01-17', '2024-06-17');
INSERT INTO flight (flightID, airline, departureDate, returnDate) VALUES (25, 'Airline_25', '2024-09-24', '2024-08-01');
INSERT INTO flight (flightID, airline, departureDate, returnDate) VALUES (26, 'Airline_26', '2024-02-29', '2024-02-28');
INSERT INTO flight (flightID, airline, departureDate, returnDate) VALUES (27, 'Airline_27', '2024-08-29', '2024-02-18');
INSERT INTO flight (flightID, airline, departureDate, returnDate) VALUES (28, 'Airline_28', '2024-06-09', '2024-03-30');
INSERT INTO flight (flightID, airline, departureDate, returnDate) VALUES (29, 'Airline_29', '2024-01-24', '2024-08-09');
INSERT INTO flight (flightID, airline, departureDate, returnDate) VALUES (30, 'Airline_30', '2024-07-12', '2024-10-15');
INSERT INTO flight (flightID, airline, departureDate, returnDate) VALUES (31, 'Airline_31', '2024-06-01', '2024-03-31');
INSERT INTO flight (flightID, airline, departureDate, returnDate) VALUES (32, 'Airline_32', '2024-05-20', '2024-08-14');
INSERT INTO flight (flightID, airline, departureDate, returnDate) VALUES (33, 'Airline_33', '2024-11-23', '2024-02-08');
INSERT INTO flight (flightID, airline, departureDate, returnDate) VALUES (34, 'Airline_34', '2024-12-14', '2024-05-14');
INSERT INTO flight (flightID, airline, departureDate, returnDate) VALUES (35, 'Airline_35', '2024-04-20', '2024-04-22');
INSERT INTO flight (flightID, airline, departureDate, returnDate) VALUES (36, 'Airline_36', '2024-03-28', '2024-07-06');
INSERT INTO flight (flightID, airline, departureDate, returnDate) VALUES (37, 'Airline_37', '2024-12-23', '2024-12-15');
INSERT INTO flight (flightID, airline, departureDate, returnDate) VALUES (38, 'Airline_38', '2024-03-13', '2024-08-09');
INSERT INTO flight (flightID, airline, departureDate, returnDate) VALUES (39, 'Airline_39', '2024-01-20', '2024-08-20');
INSERT INTO flight (flightID, airline, departureDate, returnDate) VALUES (40, 'Airline_40', '2024-09-19', '2024-06-27');
INSERT INTO flight (flightID, airline, departureDate, returnDate) VALUES (41, 'Airline_41', '2024-08-28', '2024-09-21');
INSERT INTO flight (flightID, airline, departureDate, returnDate) VALUES (42, 'Airline_42', '2024-01-08', '2024-12-30');
INSERT INTO flight (flightID, airline, departureDate, returnDate) VALUES (43, 'Airline_43', '2024-12-14', '2024-05-08');
INSERT INTO flight (flightID, airline, departureDate, returnDate) VALUES (44, 'Airline_44', '2024-02-02', '2024-07-11');
INSERT INTO flight (flightID, airline, departureDate, returnDate) VALUES (45, 'Airline_45', '2024-09-17', '2024-01-08');
INSERT INTO flight (flightID, airline, departureDate, returnDate) VALUES (46, 'Airline_46', '2024-12-19', '2024-11-12');
INSERT INTO flight (flightID, airline, departureDate, returnDate) VALUES (47, 'Airline_47', '2024-08-20', '2024-11-21');
INSERT INTO flight (flightID, airline, departureDate, returnDate) VALUES (48, 'Airline_48', '2024-07-03', '2024-08-07');
INSERT INTO flight (flightID, airline, departureDate, returnDate) VALUES (49, 'Airline_49', '2024-06-17', '2024-04-08');
INSERT INTO flight (flightID, airline, departureDate, returnDate) VALUES (50, 'Airline_50', '2024-12-19', '2024-09-04');
INSERT INTO flight (flightID, airline, departureDate, returnDate) VALUES (51, 'Airline_51', '2024-11-06', '2024-08-07');
INSERT INTO flight (flightID, airline, departureDate, returnDate) VALUES (52, 'Airline_52', '2024-09-20', '2024-05-26');
INSERT INTO flight (flightID, airline, departureDate, returnDate) VALUES (53, 'Airline_53', '2024-09-27', '2024-03-25');
INSERT INTO flight (flightID, airline, departureDate, returnDate) VALUES (54, 'Airline_54', '2024-06-16', '2024-04-17');
INSERT INTO flight (flightID, airline, departureDate, returnDate) VALUES (55, 'Airline_55', '2024-06-05', '2024-10-14');
INSERT INTO flight (flightID, airline, departureDate, returnDate) VALUES (56, 'Airline_56', '2024-12-17', '2024-02-18');
INSERT INTO flight (flightID, airline, departureDate, returnDate) VALUES (57, 'Airline_57', '2024-11-27', '2024-12-17');
INSERT INTO flight (flightID, airline, departureDate, returnDate) VALUES (58, 'Airline_58', '2024-12-27', '2024-06-30');
INSERT INTO flight (flightID, airline, departureDate, returnDate) VALUES (59, 'Airline_59', '2024-10-08', '2024-04-04');
INSERT INTO flight (flightID, airline, departureDate, returnDate) VALUES (60, 'Airline_60', '2024-07-28', '2024-07-21');
INSERT INTO flight (flightID, airline, departureDate, returnDate) VALUES (61, 'Airline_61', '2024-06-24', '2024-05-07');
INSERT INTO flight (flightID, airline, departureDate, returnDate) VALUES (62, 'Airline_62', '2024-02-01', '2024-05-12');
INSERT INTO flight (flightID, airline, departureDate, returnDate) VALUES (63, 'Airline_63', '2024-10-28', '2024-05-12');
INSERT INTO flight (flightID, airline, departureDate, returnDate) VALUES (64, 'Airline_64', '2024-04-26', '2024-09-21');
INSERT INTO flight (flightID, airline, departureDate, returnDate) VALUES (65, 'Airline_65', '2024-01-26', '2024-07-27');
INSERT INTO flight (flightID, airline, departureDate, returnDate) VALUES (66, 'Airline_66', '2024-11-14', '2024-04-01');
INSERT INTO flight (flightID, airline, departureDate, returnDate) VALUES (67, 'Airline_67', '2024-05-22', '2024-09-25');
INSERT INTO flight (flightID, airline, departureDate, returnDate) VALUES (68, 'Airline_68', '2024-01-28', '2024-04-07');
INSERT INTO flight (flightID, airline, departureDate, returnDate) VALUES (69, 'Airline_69', '2024-12-31', '2024-01-13');
INSERT INTO flight (flightID, airline, departureDate, returnDate) VALUES (70, 'Airline_70', '2024-01-14', '2024-10-16');
INSERT INTO flight (flightID, airline, departureDate, returnDate) VALUES (71, 'Airline_71', '2024-02-07', '2024-04-28');
INSERT INTO flight (flightID, airline, departureDate, returnDate) VALUES (72, 'Airline_72', '2024-10-12', '2024-04-06');
INSERT INTO flight (flightID, airline, departureDate, returnDate) VALUES (73, 'Airline_73', '2024-06-04', '2024-04-30');
INSERT INTO flight (flightID, airline, departureDate, returnDate) VALUES (74, 'Airline_74', '2024-09-16', '2024-01-08');
INSERT INTO flight (flightID, airline, departureDate, returnDate) VALUES (75, 'Airline_75', '2024-11-02', '2024-01-31');
INSERT INTO flight (flightID, airline, departureDate, returnDate) VALUES (76, 'Airline_76', '2024-12-05', '2024-12-29');
INSERT INTO flight (flightID, airline, departureDate, returnDate) VALUES (77, 'Airline_77', '2024-10-02', '2024-05-15');
INSERT INTO flight (flightID, airline, departureDate, returnDate) VALUES (78, 'Airline_78', '2024-12-23', '2024-06-22');
INSERT INTO flight (flightID, airline, departureDate, returnDate) VALUES (79, 'Airline_79', '2024-02-18', '2024-03-28');
INSERT INTO flight (flightID, airline, departureDate, returnDate) VALUES (80, 'Airline_80', '2024-02-26', '2024-08-05');
INSERT INTO flight (flightID, airline, departureDate, returnDate) VALUES (81, 'Airline_81', '2024-02-23', '2024-11-25');
INSERT INTO flight (flightID, airline, departureDate, returnDate) VALUES (82, 'Airline_82', '2024-06-05', '2024-01-21');
INSERT INTO flight (flightID, airline, departureDate, returnDate) VALUES (83, 'Airline_83', '2024-10-19', '2024-09-09');
INSERT INTO flight (flightID, airline, departureDate, returnDate) VALUES (84, 'Airline_84', '2024-04-05', '2024-11-20');
INSERT INTO flight (flightID, airline, departureDate, returnDate) VALUES (85, 'Airline_85', '2024-11-07', '2024-11-05');
INSERT INTO flight (flightID, airline, departureDate, returnDate) VALUES (86, 'Airline_86', '2024-08-19', '2024-08-20');
INSERT INTO flight (flightID, airline, departureDate, returnDate) VALUES (87, 'Airline_87', '2024-04-21', '2024-11-23');
INSERT INTO flight (flightID, airline, departureDate, returnDate) VALUES (88, 'Airline_88', '2024-03-27', '2024-01-06');
INSERT INTO flight (flightID, airline, departureDate, returnDate) VALUES (89, 'Airline_89', '2024-05-22', '2024-02-01');
INSERT INTO flight (flightID, airline, departureDate, returnDate) VALUES (90, 'Airline_90', '2024-07-12', '2024-03-28');
INSERT INTO flight (flightID, airline, departureDate, returnDate) VALUES (91, 'Airline_91', '2024-11-14', '2024-02-04');
INSERT INTO flight (flightID, airline, departureDate, returnDate) VALUES (92, 'Airline_92', '2024-04-04', '2024-11-27');
INSERT INTO flight (flightID, airline, departureDate, returnDate) VALUES (93, 'Airline_93', '2024-04-03', '2024-10-02');
INSERT INTO flight (flightID, airline, departureDate, returnDate) VALUES (94, 'Airline_94', '2024-06-21', '2024-12-08');
INSERT INTO flight (flightID, airline, departureDate, returnDate) VALUES (95, 'Airline_95', '2024-02-08', '2024-07-28');
INSERT INTO flight (flightID, airline, departureDate, returnDate) VALUES (96, 'Airline_96', '2024-12-26', '2024-02-29');
INSERT INTO flight (flightID, airline, departureDate, returnDate) VALUES (97, 'Airline_97', '2024-10-23', '2024-11-25');
INSERT INTO flight (flightID, airline, departureDate, returnDate) VALUES (98, 'Airline_98', '2024-05-02', '2024-04-30');
INSERT INTO flight (flightID, airline, departureDate, returnDate) VALUES (99, 'Airline_99', '2024-03-09', '2024-02-27');
INSERT INTO flight (flightID, airline, departureDate, returnDate) VALUES (100, 'Airline_100', '2024-12-02', '2024-08-02');
INSERT INTO flight (flightID, airline, departureDate, returnDate) VALUES (101, 'Airline_101', '2024-04-30', '2024-10-21');
INSERT INTO flight (flightID, airline, departureDate, returnDate) VALUES (102, 'Airline_102', '2024-09-23', '2024-04-16');
INSERT INTO flight (flightID, airline, departureDate, returnDate) VALUES (103, 'Airline_103', '2024-07-23', '2024-12-06');
INSERT INTO flight (flightID, airline, departureDate, returnDate) VALUES (104, 'Airline_104', '2024-02-19', '2024-08-23');
INSERT INTO flight (flightID, airline, departureDate, returnDate) VALUES (105, 'Airline_105', '2024-12-30', '2024-05-23');
INSERT INTO flight (flightID, airline, departureDate, returnDate) VALUES (106, 'Airline_106', '2024-09-18', '2024-12-05');
INSERT INTO flight (flightID, airline, departureDate, returnDate) VALUES (107, 'Airline_107', '2024-07-23', '2024-05-19');
INSERT INTO flight (flightID, airline, departureDate, returnDate) VALUES (108, 'Airline_108', '2024-10-09', '2024-01-02');
INSERT INTO flight (flightID, airline, departureDate, returnDate) VALUES (109, 'Airline_109', '2024-03-25', '2024-03-05');
INSERT INTO flight (flightID, airline, departureDate, returnDate) VALUES (110, 'Airline_110', '2024-04-15', '2024-05-17');
INSERT INTO flight (flightID, airline, departureDate, returnDate) VALUES (111, 'Airline_111', '2024-05-20', '2024-02-17');
INSERT INTO flight (flightID, airline, departureDate, returnDate) VALUES (112, 'Airline_112', '2024-09-06', '2024-08-29');
INSERT INTO flight (flightID, airline, departureDate, returnDate) VALUES (113, 'Airline_113', '2024-01-29', '2024-04-12');
INSERT INTO flight (flightID, airline, departureDate, returnDate) VALUES (114, 'Airline_114', '2024-03-07', '2024-02-05');
INSERT INTO flight (flightID, airline, departureDate, returnDate) VALUES (115, 'Airline_115', '2024-09-10', '2024-12-27');
INSERT INTO flight (flightID, airline, departureDate, returnDate) VALUES (116, 'Airline_116', '2024-01-15', '2024-03-30');
INSERT INTO flight (flightID, airline, departureDate, returnDate) VALUES (117, 'Airline_117', '2024-06-23', '2024-03-24');
INSERT INTO flight (flightID, airline, departureDate, returnDate) VALUES (118, 'Airline_118', '2024-10-26', '2024-03-15');
INSERT INTO flight (flightID, airline, departureDate, returnDate) VALUES (119, 'Airline_119', '2024-10-10', '2024-09-07');
INSERT INTO flight (flightID, airline, departureDate, returnDate) VALUES (120, 'Airline_120', '2024-03-09', '2024-05-23');
INSERT INTO flight (flightID, airline, departureDate, returnDate) VALUES (121, 'Airline_121', '2024-03-16', '2024-01-31');
INSERT INTO flight (flightID, airline, departureDate, returnDate) VALUES (122, 'Airline_122', '2024-05-01', '2024-12-09');
INSERT INTO flight (flightID, airline, departureDate, returnDate) VALUES (123, 'Airline_123', '2024-12-07', '2024-06-26');
INSERT INTO flight (flightID, airline, departureDate, returnDate) VALUES (124, 'Airline_124', '2024-12-12', '2024-10-19');
INSERT INTO flight (flightID, airline, departureDate, returnDate) VALUES (125, 'Airline_125', '2024-02-08', '2024-04-07');
INSERT INTO flight (flightID, airline, departureDate, returnDate) VALUES (126, 'Airline_126', '2024-01-04', '2024-06-21');
INSERT INTO flight (flightID, airline, departureDate, returnDate) VALUES (127, 'Airline_127', '2024-02-05', '2024-04-14');
INSERT INTO flight (flightID, airline, departureDate, returnDate) VALUES (128, 'Airline_128', '2024-01-28', '2024-01-02');
INSERT INTO flight (flightID, airline, departureDate, returnDate) VALUES (129, 'Airline_129', '2024-09-21', '2024-02-08');
INSERT INTO flight (flightID, airline, departureDate, returnDate) VALUES (130, 'Airline_130', '2024-07-27', '2024-10-03');
INSERT INTO flight (flightID, airline, departureDate, returnDate) VALUES (131, 'Airline_131', '2024-02-25', '2024-05-06');
INSERT INTO flight (flightID, airline, departureDate, returnDate) VALUES (132, 'Airline_132', '2024-03-04', '2024-11-18');
INSERT INTO flight (flightID, airline, departureDate, returnDate) VALUES (133, 'Airline_133', '2024-04-15', '2024-04-19');
INSERT INTO flight (flightID, airline, departureDate, returnDate) VALUES (134, 'Airline_134', '2024-07-09', '2024-01-02');
INSERT INTO flight (flightID, airline, departureDate, returnDate) VALUES (135, 'Airline_135', '2024-06-09', '2024-07-25');
INSERT INTO flight (flightID, airline, departureDate, returnDate) VALUES (136, 'Airline_136', '2024-02-09', '2024-03-24');
INSERT INTO flight (flightID, airline, departureDate, returnDate) VALUES (137, 'Airline_137', '2024-06-28', '2024-12-18');
INSERT INTO flight (flightID, airline, departureDate, returnDate) VALUES (138, 'Airline_138', '2024-09-16', '2024-12-19');
INSERT INTO flight (flightID, airline, departureDate, returnDate) VALUES (139, 'Airline_139', '2024-06-01', '2024-09-24');
INSERT INTO flight (flightID, airline, departureDate, returnDate) VALUES (140, 'Airline_140', '2024-06-10', '2024-12-12');
INSERT INTO flight (flightID, airline, departureDate, returnDate) VALUES (141, 'Airline_141', '2024-12-05', '2024-12-20');
INSERT INTO flight (flightID, airline, departureDate, returnDate) VALUES (142, 'Airline_142', '2024-07-28', '2024-06-17');
INSERT INTO flight (flightID, airline, departureDate, returnDate) VALUES (143, 'Airline_143', '2024-12-17', '2024-02-10');
INSERT INTO flight (flightID, airline, departureDate, returnDate) VALUES (144, 'Airline_144', '2024-02-22', '2024-08-11');
INSERT INTO flight (flightID, airline, departureDate, returnDate) VALUES (145, 'Airline_145', '2024-12-21', '2024-01-08');
INSERT INTO flight (flightID, airline, departureDate, returnDate) VALUES (146, 'Airline_146', '2024-03-08', '2024-03-05');
INSERT INTO flight (flightID, airline, departureDate, returnDate) VALUES (147, 'Airline_147', '2024-11-02', '2024-04-12');
INSERT INTO flight (flightID, airline, departureDate, returnDate) VALUES (148, 'Airline_148', '2024-01-02', '2024-12-15');
INSERT INTO flight (flightID, airline, departureDate, returnDate) VALUES (149, 'Airline_149', '2024-07-17', '2024-02-09');
INSERT INTO flight (flightID, airline, departureDate, returnDate) VALUES (150, 'Airline_150', '2024-03-27', '2024-06-16');
INSERT INTO flight (flightID, airline, departureDate, returnDate) VALUES (151, 'Airline_151', '2024-08-08', '2024-01-23');
INSERT INTO flight (flightID, airline, departureDate, returnDate) VALUES (152, 'Airline_152', '2024-05-13', '2024-08-29');
INSERT INTO flight (flightID, airline, departureDate, returnDate) VALUES (153, 'Airline_153', '2024-01-07', '2024-09-22');
INSERT INTO flight (flightID, airline, departureDate, returnDate) VALUES (154, 'Airline_154', '2024-12-06', '2024-01-27');
INSERT INTO flight (flightID, airline, departureDate, returnDate) VALUES (155, 'Airline_155', '2024-03-26', '2024-12-14');
INSERT INTO flight (flightID, airline, departureDate, returnDate) VALUES (156, 'Airline_156', '2024-10-20', '2024-09-17');
INSERT INTO flight (flightID, airline, departureDate, returnDate) VALUES (157, 'Airline_157', '2024-08-07', '2024-08-23');
INSERT INTO flight (flightID, airline, departureDate, returnDate) VALUES (158, 'Airline_158', '2024-06-29', '2024-11-20');
INSERT INTO flight (flightID, airline, departureDate, returnDate) VALUES (159, 'Airline_159', '2024-09-24', '2024-03-24');
INSERT INTO flight (flightID, airline, departureDate, returnDate) VALUES (160, 'Airline_160', '2024-09-06', '2024-10-25');
INSERT INTO flight (flightID, airline, departureDate, returnDate) VALUES (161, 'Airline_161', '2024-09-21', '2024-05-19');
INSERT INTO flight (flightID, airline, departureDate, returnDate) VALUES (162, 'Airline_162', '2024-04-30', '2024-12-16');
INSERT INTO flight (flightID, airline, departureDate, returnDate) VALUES (163, 'Airline_163', '2024-08-18', '2024-07-16');
INSERT INTO flight (flightID, airline, departureDate, returnDate) VALUES (164, 'Airline_164', '2024-06-10', '2024-06-25');
INSERT INTO flight (flightID, airline, departureDate, returnDate) VALUES (165, 'Airline_165', '2024-02-23', '2024-03-25');
INSERT INTO flight (flightID, airline, departureDate, returnDate) VALUES (166, 'Airline_166', '2024-01-12', '2024-07-17');
INSERT INTO flight (flightID, airline, departureDate, returnDate) VALUES (167, 'Airline_167', '2024-07-27', '2024-12-03');
INSERT INTO flight (flightID, airline, departureDate, returnDate) VALUES (168, 'Airline_168', '2024-03-08', '2024-03-03');
INSERT INTO flight (flightID, airline, departureDate, returnDate) VALUES (169, 'Airline_169', '2024-02-28', '2024-03-17');
INSERT INTO flight (flightID, airline, departureDate, returnDate) VALUES (170, 'Airline_170', '2024-05-30', '2024-05-08');
INSERT INTO flight (flightID, airline, departureDate, returnDate) VALUES (171, 'Airline_171', '2024-05-09', '2024-09-18');
INSERT INTO flight (flightID, airline, departureDate, returnDate) VALUES (172, 'Airline_172', '2024-12-23', '2024-11-12');
INSERT INTO flight (flightID, airline, departureDate, returnDate) VALUES (173, 'Airline_173', '2024-08-21', '2024-08-12');
INSERT INTO flight (flightID, airline, departureDate, returnDate) VALUES (174, 'Airline_174', '2024-07-16', '2024-01-03');
INSERT INTO flight (flightID, airline, departureDate, returnDate) VALUES (175, 'Airline_175', '2024-03-14', '2024-06-27');
INSERT INTO flight (flightID, airline, departureDate, returnDate) VALUES (176, 'Airline_176', '2024-08-19', '2024-09-04');
INSERT INTO flight (flightID, airline, departureDate, returnDate) VALUES (177, 'Airline_177', '2024-05-26', '2024-10-24');
INSERT INTO flight (flightID, airline, departureDate, returnDate) VALUES (178, 'Airline_178', '2024-07-22', '2024-07-04');
INSERT INTO flight (flightID, airline, departureDate, returnDate) VALUES (179, 'Airline_179', '2024-10-08', '2024-12-24');
INSERT INTO flight (flightID, airline, departureDate, returnDate) VALUES (180, 'Airline_180', '2024-12-05', '2024-02-17');
INSERT INTO flight (flightID, airline, departureDate, returnDate) VALUES (181, 'Airline_181', '2024-02-21', '2024-08-04');
INSERT INTO flight (flightID, airline, departureDate, returnDate) VALUES (182, 'Airline_182', '2024-06-17', '2024-11-16');
INSERT INTO flight (flightID, airline, departureDate, returnDate) VALUES (183, 'Airline_183', '2024-01-23', '2024-06-12');
INSERT INTO flight (flightID, airline, departureDate, returnDate) VALUES (184, 'Airline_184', '2024-08-11', '2024-09-23');
INSERT INTO flight (flightID, airline, departureDate, returnDate) VALUES (185, 'Airline_185', '2024-05-02', '2024-01-26');
INSERT INTO flight (flightID, airline, departureDate, returnDate) VALUES (186, 'Airline_186', '2024-02-23', '2024-02-10');
INSERT INTO flight (flightID, airline, departureDate, returnDate) VALUES (187, 'Airline_187', '2024-01-08', '2024-05-11');
INSERT INTO flight (flightID, airline, departureDate, returnDate) VALUES (188, 'Airline_188', '2024-11-03', '2024-06-30');
INSERT INTO flight (flightID, airline, departureDate, returnDate) VALUES (189, 'Airline_189', '2024-03-23', '2024-05-23');
INSERT INTO flight (flightID, airline, departureDate, returnDate) VALUES (190, 'Airline_190', '2024-03-02', '2024-07-21');
INSERT INTO flight (flightID, airline, departureDate, returnDate) VALUES (191, 'Airline_191', '2024-04-20', '2024-09-21');
INSERT INTO flight (flightID, airline, departureDate, returnDate) VALUES (192, 'Airline_192', '2024-07-16', '2024-01-27');
INSERT INTO flight (flightID, airline, departureDate, returnDate) VALUES (193, 'Airline_193', '2024-02-25', '2024-04-01');
INSERT INTO flight (flightID, airline, departureDate, returnDate) VALUES (194, 'Airline_194', '2024-09-15', '2024-07-12');
INSERT INTO flight (flightID, airline, departureDate, returnDate) VALUES (195, 'Airline_195', '2024-02-17', '2024-12-02');
INSERT INTO flight (flightID, airline, departureDate, returnDate) VALUES (196, 'Airline_196', '2024-03-18', '2024-12-13');
INSERT INTO flight (flightID, airline, departureDate, returnDate) VALUES (197, 'Airline_197', '2024-02-18', '2024-12-07');
INSERT INTO flight (flightID, airline, departureDate, returnDate) VALUES (198, 'Airline_198', '2024-06-28', '2024-10-13');
INSERT INTO flight (flightID, airline, departureDate, returnDate) VALUES (199, 'Airline_199', '2024-06-12', '2024-10-26');
INSERT INTO flight (flightID, airline, departureDate, returnDate) VALUES (200, 'Airline_200', '2024-06-07', '2024-06-30');
INSERT INTO flight (flightID, airline, departureDate, returnDate) VALUES (201, 'Airline_201', '2024-02-14', '2024-12-18');
INSERT INTO flight (flightID, airline, departureDate, returnDate) VALUES (202, 'Airline_202', '2024-12-24', '2024-06-26');
INSERT INTO flight (flightID, airline, departureDate, returnDate) VALUES (203, 'Airline_203', '2024-09-08', '2024-04-10');

-- Inserting data into trip
INSERT INTO trip (tripID, startDate, endDate, destinationZip, hotelID, guideID) VALUES (4, '2024-09-05', '2024-11-09', 1004, 104, 19);
INSERT INTO trip (tripID, startDate, endDate, destinationZip, hotelID, guideID) VALUES (5, '2024-11-26', '2024-01-27', 1004, 201, 22);
INSERT INTO trip (tripID, startDate, endDate, destinationZip, hotelID, guideID) VALUES (6, '2024-06-16', '2024-03-09', 1004, 61, 69);
INSERT INTO trip (tripID, startDate, endDate, destinationZip, hotelID, guideID) VALUES (7, '2024-05-16', '2024-07-29', 1007, 110, 148);
INSERT INTO trip (tripID, startDate, endDate, destinationZip, hotelID, guideID) VALUES (8, '2024-08-14', '2024-07-31', 1008, 90, 43);
INSERT INTO trip (tripID, startDate, endDate, destinationZip, hotelID, guideID) VALUES (9, '2024-07-02', '2024-10-27', 1009, 106, 199);
INSERT INTO trip (tripID, startDate, endDate, destinationZip, hotelID, guideID) VALUES (10, '2024-05-10', '2024-01-15', 1010, 182, 116);
INSERT INTO trip (tripID, startDate, endDate, destinationZip, hotelID, guideID) VALUES (11, '2024-03-12', '2024-09-25', 1008, 139, 70);
INSERT INTO trip (tripID, startDate, endDate, destinationZip, hotelID, guideID) VALUES (12, '2024-11-12', '2024-07-31', 1012, 192, 62);
INSERT INTO trip (tripID, startDate, endDate, destinationZip, hotelID, guideID) VALUES (13, '2024-09-03', '2024-05-01', 1012, 108, 16);
INSERT INTO trip (tripID, startDate, endDate, destinationZip, hotelID, guideID) VALUES (14, '2024-05-02', '2024-12-03', 1006, 202, 157);
INSERT INTO trip (tripID, startDate, endDate, destinationZip, hotelID, guideID) VALUES (15, '2024-05-24', '2024-08-17', 1007, 152, 87);
INSERT INTO trip (tripID, startDate, endDate, destinationZip, hotelID, guideID) VALUES (16, '2024-10-30', '2024-09-28', 1004, 160, 128);
INSERT INTO trip (tripID, startDate, endDate, destinationZip, hotelID, guideID) VALUES (17, '2024-12-13', '2024-08-21', 1005, 90, 191);
INSERT INTO trip (tripID, startDate, endDate, destinationZip, hotelID, guideID) VALUES (18, '2024-12-11', '2024-04-30', 1016, 78, 108);
INSERT INTO trip (tripID, startDate, endDate, destinationZip, hotelID, guideID) VALUES (19, '2024-04-30', '2024-06-25', 1014, 68, 74);
INSERT INTO trip (tripID, startDate, endDate, destinationZip, hotelID, guideID) VALUES (20, '2024-04-29', '2024-12-24', 1009, 132, 74);
INSERT INTO trip (tripID, startDate, endDate, destinationZip, hotelID, guideID) VALUES (21, '2024-11-18', '2024-06-29', 1010, 145, 135);
INSERT INTO trip (tripID, startDate, endDate, destinationZip, hotelID, guideID) VALUES (22, '2024-02-26', '2024-08-23', 1008, 88, 66);
INSERT INTO trip (tripID, startDate, endDate, destinationZip, hotelID, guideID) VALUES (23, '2024-03-23', '2024-06-08', 1004, 48, 88);
INSERT INTO trip (tripID, startDate, endDate, destinationZip, hotelID, guideID) VALUES (24, '2024-09-01', '2024-04-11', 1015, 140, 35);
INSERT INTO trip (tripID, startDate, endDate, destinationZip, hotelID, guideID) VALUES (25, '2024-02-25', '2024-01-28', 1004, 88, 110);
INSERT INTO trip (tripID, startDate, endDate, destinationZip, hotelID, guideID) VALUES (26, '2024-04-01', '2024-04-14', 1005, 119, 40);
INSERT INTO trip (tripID, startDate, endDate, destinationZip, hotelID, guideID) VALUES (27, '2024-08-26', '2024-09-04', 1023, 25, 93);
INSERT INTO trip (tripID, startDate, endDate, destinationZip, hotelID, guideID) VALUES (28, '2024-03-28', '2024-02-01', 1018, 27, 55);
INSERT INTO trip (tripID, startDate, endDate, destinationZip, hotelID, guideID) VALUES (29, '2024-06-11', '2024-08-07', 1026, 97, 130);
INSERT INTO trip (tripID, startDate, endDate, destinationZip, hotelID, guideID) VALUES (30, '2024-07-08', '2024-01-26', 1020, 31, 119);
INSERT INTO trip (tripID, startDate, endDate, destinationZip, hotelID, guideID) VALUES (31, '2024-03-06', '2024-11-07', 1010, 89, 69);
INSERT INTO trip (tripID, startDate, endDate, destinationZip, hotelID, guideID) VALUES (32, '2024-07-19', '2024-04-16', 1006, 156, 94);
INSERT INTO trip (tripID, startDate, endDate, destinationZip, hotelID, guideID) VALUES (33, '2024-04-05', '2024-01-24', 1026, 41, 97);
INSERT INTO trip (tripID, startDate, endDate, destinationZip, hotelID, guideID) VALUES (34, '2024-05-14', '2024-07-21', 1018, 36, 109);
INSERT INTO trip (tripID, startDate, endDate, destinationZip, hotelID, guideID) VALUES (35, '2024-03-05', '2024-11-30', 1018, 26, 109);
INSERT INTO trip (tripID, startDate, endDate, destinationZip, hotelID, guideID) VALUES (36, '2024-01-06', '2024-09-05', 1029, 192, 28);
INSERT INTO trip (tripID, startDate, endDate, destinationZip, hotelID, guideID) VALUES (37, '2024-11-28', '2024-02-12', 1016, 7, 86);
INSERT INTO trip (tripID, startDate, endDate, destinationZip, hotelID, guideID) VALUES (38, '2024-10-23', '2024-11-13', 1028, 122, 51);
INSERT INTO trip (tripID, startDate, endDate, destinationZip, hotelID, guideID) VALUES (39, '2024-02-28', '2024-06-03', 1029, 18, 183);
INSERT INTO trip (tripID, startDate, endDate, destinationZip, hotelID, guideID) VALUES (40, '2024-05-06', '2024-02-28', 1023, 133, 73);
INSERT INTO trip (tripID, startDate, endDate, destinationZip, hotelID, guideID) VALUES (41, '2024-03-30', '2024-08-19', 1015, 188, 130);
INSERT INTO trip (tripID, startDate, endDate, destinationZip, hotelID, guideID) VALUES (42, '2024-07-20', '2024-10-06', 1040, 9, 129);
INSERT INTO trip (tripID, startDate, endDate, destinationZip, hotelID, guideID) VALUES (43, '2024-06-12', '2024-09-10', 1028, 21, 105);
INSERT INTO trip (tripID, startDate, endDate, destinationZip, hotelID, guideID) VALUES (44, '2024-02-02', '2024-09-04', 1006, 172, 176);
INSERT INTO trip (tripID, startDate, endDate, destinationZip, hotelID, guideID) VALUES (45, '2024-11-20', '2024-08-09', 1024, 67, 33);
INSERT INTO trip (tripID, startDate, endDate, destinationZip, hotelID, guideID) VALUES (46, '2024-03-02', '2024-04-14', 1036, 50, 89);
INSERT INTO trip (tripID, startDate, endDate, destinationZip, hotelID, guideID) VALUES (47, '2024-04-19', '2024-08-30', 1021, 199, 178);
INSERT INTO trip (tripID, startDate, endDate, destinationZip, hotelID, guideID) VALUES (48, '2024-12-25', '2024-01-13', 1036, 137, 197);
INSERT INTO trip (tripID, startDate, endDate, destinationZip, hotelID, guideID) VALUES (49, '2024-11-10', '2024-12-27', 1015, 26, 44);
INSERT INTO trip (tripID, startDate, endDate, destinationZip, hotelID, guideID) VALUES (50, '2024-09-06', '2024-02-17', 1029, 139, 108);
INSERT INTO trip (tripID, startDate, endDate, destinationZip, hotelID, guideID) VALUES (51, '2024-08-19', '2024-10-10', 1037, 188, 174);
INSERT INTO trip (tripID, startDate, endDate, destinationZip, hotelID, guideID) VALUES (52, '2024-04-06', '2024-04-06', 1035, 29, 172);
INSERT INTO trip (tripID, startDate, endDate, destinationZip, hotelID, guideID) VALUES (53, '2024-08-07', '2024-09-11', 1041, 137, 76);
INSERT INTO trip (tripID, startDate, endDate, destinationZip, hotelID, guideID) VALUES (54, '2024-05-15', '2024-03-08', 1014, 168, 97);
INSERT INTO trip (tripID, startDate, endDate, destinationZip, hotelID, guideID) VALUES (55, '2024-12-11', '2024-10-08', 1018, 126, 130);
INSERT INTO trip (tripID, startDate, endDate, destinationZip, hotelID, guideID) VALUES (56, '2024-12-16', '2024-09-21', 1004, 185, 202);
INSERT INTO trip (tripID, startDate, endDate, destinationZip, hotelID, guideID) VALUES (57, '2024-05-25', '2024-05-30', 1015, 164, 23);
INSERT INTO trip (tripID, startDate, endDate, destinationZip, hotelID, guideID) VALUES (58, '2024-08-09', '2024-03-08', 1012, 140, 114);
INSERT INTO trip (tripID, startDate, endDate, destinationZip, hotelID, guideID) VALUES (59, '2024-01-20', '2024-09-05', 1014, 144, 36);
INSERT INTO trip (tripID, startDate, endDate, destinationZip, hotelID, guideID) VALUES (60, '2024-11-07', '2024-03-18', 1038, 191, 62);
INSERT INTO trip (tripID, startDate, endDate, destinationZip, hotelID, guideID) VALUES (61, '2024-05-25', '2024-04-26', 1054, 7, 36);
INSERT INTO trip (tripID, startDate, endDate, destinationZip, hotelID, guideID) VALUES (62, '2024-02-06', '2024-07-15', 1029, 180, 137);
INSERT INTO trip (tripID, startDate, endDate, destinationZip, hotelID, guideID) VALUES (63, '2024-07-11', '2024-06-22', 1042, 182, 157);
INSERT INTO trip (tripID, startDate, endDate, destinationZip, hotelID, guideID) VALUES (64, '2024-11-13', '2024-11-30', 1005, 110, 57);
INSERT INTO trip (tripID, startDate, endDate, destinationZip, hotelID, guideID) VALUES (65, '2024-10-31', '2024-07-05', 1062, 28, 100);
INSERT INTO trip (tripID, startDate, endDate, destinationZip, hotelID, guideID) VALUES (66, '2024-11-06', '2024-10-12', 1026, 153, 61);
INSERT INTO trip (tripID, startDate, endDate, destinationZip, hotelID, guideID) VALUES (67, '2024-06-16', '2024-02-05', 1051, 116, 46);
INSERT INTO trip (tripID, startDate, endDate, destinationZip, hotelID, guideID) VALUES (68, '2024-12-14', '2024-04-27', 1018, 127, 168);
INSERT INTO trip (tripID, startDate, endDate, destinationZip, hotelID, guideID) VALUES (69, '2024-07-07', '2024-12-07', 1025, 73, 201);
INSERT INTO trip (tripID, startDate, endDate, destinationZip, hotelID, guideID) VALUES (70, '2024-07-18', '2024-06-11', 1010, 30, 163);
INSERT INTO trip (tripID, startDate, endDate, destinationZip, hotelID, guideID) VALUES (71, '2024-01-06', '2024-02-07', 1023, 128, 24);
INSERT INTO trip (tripID, startDate, endDate, destinationZip, hotelID, guideID) VALUES (72, '2024-06-08', '2024-04-14', 1036, 128, 82);
INSERT INTO trip (tripID, startDate, endDate, destinationZip, hotelID, guideID) VALUES (73, '2024-04-10', '2024-12-03', 1043, 11, 51);
INSERT INTO trip (tripID, startDate, endDate, destinationZip, hotelID, guideID) VALUES (74, '2024-03-12', '2024-10-09', 1056, 195, 110);
INSERT INTO trip (tripID, startDate, endDate, destinationZip, hotelID, guideID) VALUES (75, '2024-05-07', '2024-10-25', 1014, 179, 59);
INSERT INTO trip (tripID, startDate, endDate, destinationZip, hotelID, guideID) VALUES (76, '2024-08-14', '2024-11-11', 1036, 90, 89);
INSERT INTO trip (tripID, startDate, endDate, destinationZip, hotelID, guideID) VALUES (77, '2024-10-28', '2024-09-02', 1013, 80, 173);
INSERT INTO trip (tripID, startDate, endDate, destinationZip, hotelID, guideID) VALUES (78, '2024-02-24', '2024-02-23', 1040, 82, 139);
INSERT INTO trip (tripID, startDate, endDate, destinationZip, hotelID, guideID) VALUES (79, '2024-12-28', '2024-05-13', 1030, 188, 184);
INSERT INTO trip (tripID, startDate, endDate, destinationZip, hotelID, guideID) VALUES (80, '2024-12-11', '2024-04-14', 1053, 28, 68);
INSERT INTO trip (tripID, startDate, endDate, destinationZip, hotelID, guideID) VALUES (81, '2024-02-09', '2024-05-17', 1050, 187, 58);
INSERT INTO trip (tripID, startDate, endDate, destinationZip, hotelID, guideID) VALUES (82, '2024-07-23', '2024-02-04', 1017, 167, 164);
INSERT INTO trip (tripID, startDate, endDate, destinationZip, hotelID, guideID) VALUES (83, '2024-06-18', '2024-05-21', 1052, 110, 177);
INSERT INTO trip (tripID, startDate, endDate, destinationZip, hotelID, guideID) VALUES (84, '2024-10-01', '2024-03-10', 1008, 148, 136);
INSERT INTO trip (tripID, startDate, endDate, destinationZip, hotelID, guideID) VALUES (85, '2024-12-29', '2024-10-28', 1050, 24, 127);
INSERT INTO trip (tripID, startDate, endDate, destinationZip, hotelID, guideID) VALUES (86, '2024-01-31', '2024-04-02', 1064, 83, 16);
INSERT INTO trip (tripID, startDate, endDate, destinationZip, hotelID, guideID) VALUES (87, '2024-05-16', '2024-01-14', 1048, 114, 54);
INSERT INTO trip (tripID, startDate, endDate, destinationZip, hotelID, guideID) VALUES (88, '2024-09-24', '2024-08-13', 1063, 32, 49);
INSERT INTO trip (tripID, startDate, endDate, destinationZip, hotelID, guideID) VALUES (89, '2024-04-05', '2024-10-23', 1087, 104, 7);
INSERT INTO trip (tripID, startDate, endDate, destinationZip, hotelID, guideID) VALUES (90, '2024-04-21', '2024-09-22', 1087, 146, 81);
INSERT INTO trip (tripID, startDate, endDate, destinationZip, hotelID, guideID) VALUES (91, '2024-03-20', '2024-05-13', 1037, 10, 179);
INSERT INTO trip (tripID, startDate, endDate, destinationZip, hotelID, guideID) VALUES (92, '2024-12-29', '2024-01-14', 1038, 67, 75);
INSERT INTO trip (tripID, startDate, endDate, destinationZip, hotelID, guideID) VALUES (93, '2024-02-25', '2024-07-02', 1011, 136, 129);
INSERT INTO trip (tripID, startDate, endDate, destinationZip, hotelID, guideID) VALUES (94, '2024-03-07', '2024-09-11', 1092, 9, 94);
INSERT INTO trip (tripID, startDate, endDate, destinationZip, hotelID, guideID) VALUES (95, '2024-11-08', '2024-09-20', 1016, 92, 174);
INSERT INTO trip (tripID, startDate, endDate, destinationZip, hotelID, guideID) VALUES (96, '2024-05-11', '2024-01-20', 1043, 56, 146);
INSERT INTO trip (tripID, startDate, endDate, destinationZip, hotelID, guideID) VALUES (97, '2024-05-28', '2024-10-22', 1063, 35, 41);
INSERT INTO trip (tripID, startDate, endDate, destinationZip, hotelID, guideID) VALUES (98, '2024-03-05', '2024-03-07', 1033, 123, 71);
INSERT INTO trip (tripID, startDate, endDate, destinationZip, hotelID, guideID) VALUES (99, '2024-09-18', '2024-04-02', 1037, 62, 99);
INSERT INTO trip (tripID, startDate, endDate, destinationZip, hotelID, guideID) VALUES (100, '2024-08-25', '2024-06-29', 1034, 175, 192);
INSERT INTO trip (tripID, startDate, endDate, destinationZip, hotelID, guideID) VALUES (101, '2024-04-02', '2024-11-21', 1035, 40, 193);
INSERT INTO trip (tripID, startDate, endDate, destinationZip, hotelID, guideID) VALUES (102, '2024-09-17', '2024-10-28', 1038, 131, 69);
INSERT INTO trip (tripID, startDate, endDate, destinationZip, hotelID, guideID) VALUES (103, '2024-06-15', '2024-10-13', 1098, 37, 66);
INSERT INTO trip (tripID, startDate, endDate, destinationZip, hotelID, guideID) VALUES (104, '2024-09-02', '2024-11-30', 1098, 147, 59);
INSERT INTO trip (tripID, startDate, endDate, destinationZip, hotelID, guideID) VALUES (105, '2024-07-19', '2024-10-22', 1072, 18, 195);
INSERT INTO trip (tripID, startDate, endDate, destinationZip, hotelID, guideID) VALUES (106, '2024-01-22', '2024-09-08', 1077, 58, 96);
INSERT INTO trip (tripID, startDate, endDate, destinationZip, hotelID, guideID) VALUES (107, '2024-10-01', '2024-03-13', 1096, 179, 76);
INSERT INTO trip (tripID, startDate, endDate, destinationZip, hotelID, guideID) VALUES (108, '2024-10-29', '2024-08-24', 1064, 37, 30);
INSERT INTO trip (tripID, startDate, endDate, destinationZip, hotelID, guideID) VALUES (109, '2024-04-20', '2024-10-27', 1103, 140, 201);
INSERT INTO trip (tripID, startDate, endDate, destinationZip, hotelID, guideID) VALUES (110, '2024-01-04', '2024-05-06', 1032, 99, 36);
INSERT INTO trip (tripID, startDate, endDate, destinationZip, hotelID, guideID) VALUES (111, '2024-10-11', '2024-09-11', 1040, 68, 195);
INSERT INTO trip (tripID, startDate, endDate, destinationZip, hotelID, guideID) VALUES (112, '2024-09-24', '2024-10-23', 1025, 38, 122);
INSERT INTO trip (tripID, startDate, endDate, destinationZip, hotelID, guideID) VALUES (113, '2024-09-13', '2024-08-08', 1078, 96, 146);
INSERT INTO trip (tripID, startDate, endDate, destinationZip, hotelID, guideID) VALUES (114, '2024-06-16', '2024-04-17', 1064, 201, 137);
INSERT INTO trip (tripID, startDate, endDate, destinationZip, hotelID, guideID) VALUES (115, '2024-12-21', '2024-10-31', 1078, 202, 86);
INSERT INTO trip (tripID, startDate, endDate, destinationZip, hotelID, guideID) VALUES (116, '2024-06-18', '2024-04-22', 1091, 189, 150);
INSERT INTO trip (tripID, startDate, endDate, destinationZip, hotelID, guideID) VALUES (117, '2024-12-19', '2024-08-05', 1070, 156, 142);
INSERT INTO trip (tripID, startDate, endDate, destinationZip, hotelID, guideID) VALUES (118, '2024-08-12', '2024-03-07', 1092, 61, 154);
INSERT INTO trip (tripID, startDate, endDate, destinationZip, hotelID, guideID) VALUES (119, '2024-10-07', '2024-02-08', 1011, 105, 111);
INSERT INTO trip (tripID, startDate, endDate, destinationZip, hotelID, guideID) VALUES (120, '2024-12-04', '2024-06-13', 1063, 167, 59);
INSERT INTO trip (tripID, startDate, endDate, destinationZip, hotelID, guideID) VALUES (121, '2024-05-17', '2024-12-16', 1051, 103, 173);
INSERT INTO trip (tripID, startDate, endDate, destinationZip, hotelID, guideID) VALUES (122, '2024-09-19', '2024-12-31', 1047, 170, 193);
INSERT INTO trip (tripID, startDate, endDate, destinationZip, hotelID, guideID) VALUES (123, '2024-06-15', '2024-04-10', 1100, 163, 36);
INSERT INTO trip (tripID, startDate, endDate, destinationZip, hotelID, guideID) VALUES (124, '2024-09-10', '2024-10-26', 1015, 49, 48);
INSERT INTO trip (tripID, startDate, endDate, destinationZip, hotelID, guideID) VALUES (125, '2024-01-14', '2024-12-09', 1013, 123, 51);
INSERT INTO trip (tripID, startDate, endDate, destinationZip, hotelID, guideID) VALUES (126, '2024-03-30', '2024-07-13', 1018, 89, 130);
INSERT INTO trip (tripID, startDate, endDate, destinationZip, hotelID, guideID) VALUES (127, '2024-09-10', '2024-12-31', 1127, 198, 118);
INSERT INTO trip (tripID, startDate, endDate, destinationZip, hotelID, guideID) VALUES (128, '2024-04-02', '2024-04-15', 1119, 92, 83);
INSERT INTO trip (tripID, startDate, endDate, destinationZip, hotelID, guideID) VALUES (129, '2024-03-12', '2024-04-05', 1034, 24, 154);
INSERT INTO trip (tripID, startDate, endDate, destinationZip, hotelID, guideID) VALUES (130, '2024-09-15', '2024-07-08', 1117, 5, 22);
INSERT INTO trip (tripID, startDate, endDate, destinationZip, hotelID, guideID) VALUES (131, '2024-08-19', '2024-10-27', 1093, 16, 122);
INSERT INTO trip (tripID, startDate, endDate, destinationZip, hotelID, guideID) VALUES (132, '2024-11-17', '2024-12-17', 1018, 52, 103);
INSERT INTO trip (tripID, startDate, endDate, destinationZip, hotelID, guideID) VALUES (133, '2024-12-30', '2024-05-01', 1071, 61, 174);
INSERT INTO trip (tripID, startDate, endDate, destinationZip, hotelID, guideID) VALUES (134, '2024-05-01', '2024-09-28', 1133, 20, 102);
INSERT INTO trip (tripID, startDate, endDate, destinationZip, hotelID, guideID) VALUES (135, '2024-02-23', '2024-08-16', 1072, 54, 59);
INSERT INTO trip (tripID, startDate, endDate, destinationZip, hotelID, guideID) VALUES (136, '2024-07-20', '2024-05-02', 1068, 110, 82);
INSERT INTO trip (tripID, startDate, endDate, destinationZip, hotelID, guideID) VALUES (137, '2024-09-26', '2024-05-30', 1032, 168, 130);
INSERT INTO trip (tripID, startDate, endDate, destinationZip, hotelID, guideID) VALUES (138, '2024-04-05', '2024-07-27', 1006, 135, 7);
INSERT INTO trip (tripID, startDate, endDate, destinationZip, hotelID, guideID) VALUES (139, '2024-02-09', '2024-08-28', 1013, 96, 59);
INSERT INTO trip (tripID, startDate, endDate, destinationZip, hotelID, guideID) VALUES (140, '2024-02-11', '2024-05-08', 1041, 23, 111);
INSERT INTO trip (tripID, startDate, endDate, destinationZip, hotelID, guideID) VALUES (141, '2024-08-12', '2024-08-01', 1131, 46, 177);
INSERT INTO trip (tripID, startDate, endDate, destinationZip, hotelID, guideID) VALUES (142, '2024-12-07', '2024-09-02', 1060, 168, 47);
INSERT INTO trip (tripID, startDate, endDate, destinationZip, hotelID, guideID) VALUES (143, '2024-02-05', '2024-07-01', 1042, 95, 34);
INSERT INTO trip (tripID, startDate, endDate, destinationZip, hotelID, guideID) VALUES (144, '2024-01-11', '2024-08-18', 1030, 162, 123);
INSERT INTO trip (tripID, startDate, endDate, destinationZip, hotelID, guideID) VALUES (145, '2024-10-05', '2024-04-28', 1126, 175, 52);
INSERT INTO trip (tripID, startDate, endDate, destinationZip, hotelID, guideID) VALUES (146, '2024-08-04', '2024-10-28', 1023, 27, 30);
INSERT INTO trip (tripID, startDate, endDate, destinationZip, hotelID, guideID) VALUES (147, '2024-08-16', '2024-06-29', 1018, 167, 173);
INSERT INTO trip (tripID, startDate, endDate, destinationZip, hotelID, guideID) VALUES (148, '2024-12-14', '2024-10-25', 1062, 153, 28);
INSERT INTO trip (tripID, startDate, endDate, destinationZip, hotelID, guideID) VALUES (149, '2024-06-11', '2024-09-27', 1146, 159, 73);
INSERT INTO trip (tripID, startDate, endDate, destinationZip, hotelID, guideID) VALUES (150, '2024-04-04', '2024-06-23', 1065, 136, 30);
INSERT INTO trip (tripID, startDate, endDate, destinationZip, hotelID, guideID) VALUES (151, '2024-03-05', '2024-03-02', 1091, 30, 193);
INSERT INTO trip (tripID, startDate, endDate, destinationZip, hotelID, guideID) VALUES (152, '2024-04-03', '2024-12-21', 1069, 43, 49);
INSERT INTO trip (tripID, startDate, endDate, destinationZip, hotelID, guideID) VALUES (153, '2024-09-30', '2024-06-20', 1151, 57, 89);
INSERT INTO trip (tripID, startDate, endDate, destinationZip, hotelID, guideID) VALUES (154, '2024-08-05', '2024-05-24', 1024, 123, 91);
INSERT INTO trip (tripID, startDate, endDate, destinationZip, hotelID, guideID) VALUES (155, '2024-01-21', '2024-02-11', 1041, 93, 98);
INSERT INTO trip (tripID, startDate, endDate, destinationZip, hotelID, guideID) VALUES (156, '2024-08-14', '2024-11-20', 1009, 92, 164);
INSERT INTO trip (tripID, startDate, endDate, destinationZip, hotelID, guideID) VALUES (157, '2024-04-08', '2024-02-08', 1045, 186, 24);
INSERT INTO trip (tripID, startDate, endDate, destinationZip, hotelID, guideID) VALUES (158, '2024-03-25', '2024-11-20', 1149, 129, 62);
INSERT INTO trip (tripID, startDate, endDate, destinationZip, hotelID, guideID) VALUES (159, '2024-09-25', '2024-06-17', 1031, 161, 59);
INSERT INTO trip (tripID, startDate, endDate, destinationZip, hotelID, guideID) VALUES (160, '2024-11-10', '2024-06-09', 1157, 6, 103);
INSERT INTO trip (tripID, startDate, endDate, destinationZip, hotelID, guideID) VALUES (161, '2024-07-14', '2024-04-19', 1093, 150, 72);
INSERT INTO trip (tripID, startDate, endDate, destinationZip, hotelID, guideID) VALUES (162, '2024-10-22', '2024-09-21', 1080, 118, 102);
INSERT INTO trip (tripID, startDate, endDate, destinationZip, hotelID, guideID) VALUES (163, '2024-08-17', '2024-02-06', 1119, 14, 94);
INSERT INTO trip (tripID, startDate, endDate, destinationZip, hotelID, guideID) VALUES (164, '2024-08-26', '2024-03-19', 1020, 71, 23);
INSERT INTO trip (tripID, startDate, endDate, destinationZip, hotelID, guideID) VALUES (165, '2024-03-15', '2024-06-11', 1140, 66, 91);
INSERT INTO trip (tripID, startDate, endDate, destinationZip, hotelID, guideID) VALUES (166, '2024-09-14', '2024-01-19', 1063, 28, 122);
INSERT INTO trip (tripID, startDate, endDate, destinationZip, hotelID, guideID) VALUES (167, '2024-07-25', '2024-08-19', 1079, 94, 143);
INSERT INTO trip (tripID, startDate, endDate, destinationZip, hotelID, guideID) VALUES (168, '2024-01-20', '2024-08-24', 1107, 90, 179);
INSERT INTO trip (tripID, startDate, endDate, destinationZip, hotelID, guideID) VALUES (169, '2024-10-31', '2024-02-25', 1100, 71, 155);
INSERT INTO trip (tripID, startDate, endDate, destinationZip, hotelID, guideID) VALUES (170, '2024-08-03', '2024-06-07', 1038, 16, 45);
INSERT INTO trip (tripID, startDate, endDate, destinationZip, hotelID, guideID) VALUES (171, '2024-04-12', '2024-06-23', 1046, 35, 32);
INSERT INTO trip (tripID, startDate, endDate, destinationZip, hotelID, guideID) VALUES (172, '2024-10-11', '2024-04-19', 1121, 51, 114);
INSERT INTO trip (tripID, startDate, endDate, destinationZip, hotelID, guideID) VALUES (173, '2024-03-03', '2024-04-02', 1082, 42, 34);
INSERT INTO trip (tripID, startDate, endDate, destinationZip, hotelID, guideID) VALUES (174, '2024-03-06', '2024-09-06', 1074, 52, 38);
INSERT INTO trip (tripID, startDate, endDate, destinationZip, hotelID, guideID) VALUES (175, '2024-05-14', '2024-08-04', 1049, 34, 203);
INSERT INTO trip (tripID, startDate, endDate, destinationZip, hotelID, guideID) VALUES (176, '2024-01-09', '2024-08-19', 1147, 166, 44);
INSERT INTO trip (tripID, startDate, endDate, destinationZip, hotelID, guideID) VALUES (177, '2024-09-08', '2024-09-30', 1008, 102, 126);
INSERT INTO trip (tripID, startDate, endDate, destinationZip, hotelID, guideID) VALUES (178, '2024-01-17', '2024-06-21', 1112, 183, 74);
INSERT INTO trip (tripID, startDate, endDate, destinationZip, hotelID, guideID) VALUES (179, '2024-07-01', '2024-02-08', 1017, 148, 99);
INSERT INTO trip (tripID, startDate, endDate, destinationZip, hotelID, guideID) VALUES (180, '2024-06-30', '2024-04-10', 1174, 186, 61);
INSERT INTO trip (tripID, startDate, endDate, destinationZip, hotelID, guideID) VALUES (181, '2024-04-22', '2024-10-06', 1015, 10, 77);
INSERT INTO trip (tripID, startDate, endDate, destinationZip, hotelID, guideID) VALUES (182, '2024-09-02', '2024-05-12', 1052, 140, 144);
INSERT INTO trip (tripID, startDate, endDate, destinationZip, hotelID, guideID) VALUES (183, '2024-05-16', '2024-08-05', 1164, 181, 198);
INSERT INTO trip (tripID, startDate, endDate, destinationZip, hotelID, guideID) VALUES (184, '2024-08-06', '2024-04-10', 1054, 83, 54);
INSERT INTO trip (tripID, startDate, endDate, destinationZip, hotelID, guideID) VALUES (185, '2024-08-28', '2024-09-05', 1078, 148, 28);
INSERT INTO trip (tripID, startDate, endDate, destinationZip, hotelID, guideID) VALUES (186, '2024-09-26', '2024-04-04', 1119, 14, 30);
INSERT INTO trip (tripID, startDate, endDate, destinationZip, hotelID, guideID) VALUES (187, '2024-10-16', '2024-02-14', 1123, 61, 123);
INSERT INTO trip (tripID, startDate, endDate, destinationZip, hotelID, guideID) VALUES (188, '2024-11-19', '2024-06-25', 1168, 96, 172);
INSERT INTO trip (tripID, startDate, endDate, destinationZip, hotelID, guideID) VALUES (189, '2024-01-12', '2024-05-04', 1057, 20, 150);
INSERT INTO trip (tripID, startDate, endDate, destinationZip, hotelID, guideID) VALUES (190, '2024-08-26', '2024-07-31', 1167, 97, 155);
INSERT INTO trip (tripID, startDate, endDate, destinationZip, hotelID, guideID) VALUES (191, '2024-02-02', '2024-01-06', 1125, 137, 71);
INSERT INTO trip (tripID, startDate, endDate, destinationZip, hotelID, guideID) VALUES (192, '2024-03-16', '2024-03-17', 1055, 151, 169);
INSERT INTO trip (tripID, startDate, endDate, destinationZip, hotelID, guideID) VALUES (193, '2024-08-15', '2024-12-14', 1128, 39, 165);
INSERT INTO trip (tripID, startDate, endDate, destinationZip, hotelID, guideID) VALUES (194, '2024-07-04', '2024-03-30', 1027, 188, 58);
INSERT INTO trip (tripID, startDate, endDate, destinationZip, hotelID, guideID) VALUES (195, '2024-08-01', '2024-12-15', 1104, 185, 177);
INSERT INTO trip (tripID, startDate, endDate, destinationZip, hotelID, guideID) VALUES (196, '2024-11-15', '2024-09-11', 1153, 88, 42);
INSERT INTO trip (tripID, startDate, endDate, destinationZip, hotelID, guideID) VALUES (197, '2024-02-08', '2024-08-07', 1089, 32, 5);
INSERT INTO trip (tripID, startDate, endDate, destinationZip, hotelID, guideID) VALUES (198, '2024-07-17', '2024-05-12', 1017, 18, 73);
INSERT INTO trip (tripID, startDate, endDate, destinationZip, hotelID, guideID) VALUES (199, '2024-08-10', '2024-03-06', 1100, 109, 22);
INSERT INTO trip (tripID, startDate, endDate, destinationZip, hotelID, guideID) VALUES (200, '2024-05-29', '2024-06-25', 1160, 21, 192);
INSERT INTO trip (tripID, startDate, endDate, destinationZip, hotelID, guideID) VALUES (201, '2024-07-27', '2024-12-21', 1133, 19, 120);
INSERT INTO trip (tripID, startDate, endDate, destinationZip, hotelID, guideID) VALUES (202, '2024-06-13', '2024-01-24', 1159, 15, 66);
INSERT INTO trip (tripID, startDate, endDate, destinationZip, hotelID, guideID) VALUES (203, '2024-01-10', '2024-12-06', 1065, 106, 118);

-- Inserting data into invite
INSERT INTO invite (tripID, customerID, totalCustomer) VALUES (4, 122, 4);
INSERT INTO invite (tripID, customerID, totalCustomer) VALUES (5, 137, 4);
INSERT INTO invite (tripID, customerID, totalCustomer) VALUES (6, 177, 5);
INSERT INTO invite (tripID, customerID, totalCustomer) VALUES (7, 162, 2);
INSERT INTO invite (tripID, customerID, totalCustomer) VALUES (8, 41, 2);
INSERT INTO invite (tripID, customerID, totalCustomer) VALUES (9, 146, 3);
INSERT INTO invite (tripID, customerID, totalCustomer) VALUES (10, 188, 4);
INSERT INTO invite (tripID, customerID, totalCustomer) VALUES (11, 4, 2);
INSERT INTO invite (tripID, customerID, totalCustomer) VALUES (12, 178, 2);
INSERT INTO invite (tripID, customerID, totalCustomer) VALUES (13, 24, 5);
INSERT INTO invite (tripID, customerID, totalCustomer) VALUES (14, 100, 2);
INSERT INTO invite (tripID, customerID, totalCustomer) VALUES (15, 71, 1);
INSERT INTO invite (tripID, customerID, totalCustomer) VALUES (16, 169, 1);
INSERT INTO invite (tripID, customerID, totalCustomer) VALUES (17, 122, 5);
INSERT INTO invite (tripID, customerID, totalCustomer) VALUES (18, 17, 5);
INSERT INTO invite (tripID, customerID, totalCustomer) VALUES (19, 165, 1);
INSERT INTO invite (tripID, customerID, totalCustomer) VALUES (20, 50, 5);
INSERT INTO invite (tripID, customerID, totalCustomer) VALUES (21, 49, 2);
INSERT INTO invite (tripID, customerID, totalCustomer) VALUES (22, 165, 5);
INSERT INTO invite (tripID, customerID, totalCustomer) VALUES (23, 157, 2);
INSERT INTO invite (tripID, customerID, totalCustomer) VALUES (24, 200, 2);
INSERT INTO invite (tripID, customerID, totalCustomer) VALUES (25, 122, 1);
INSERT INTO invite (tripID, customerID, totalCustomer) VALUES (26, 187, 4);
INSERT INTO invite (tripID, customerID, totalCustomer) VALUES (27, 178, 2);
INSERT INTO invite (tripID, customerID, totalCustomer) VALUES (28, 92, 4);
INSERT INTO invite (tripID, customerID, totalCustomer) VALUES (29, 72, 3);
INSERT INTO invite (tripID, customerID, totalCustomer) VALUES (30, 196, 2);
INSERT INTO invite (tripID, customerID, totalCustomer) VALUES (31, 163, 4);
INSERT INTO invite (tripID, customerID, totalCustomer) VALUES (32, 14, 1);
INSERT INTO invite (tripID, customerID, totalCustomer) VALUES (33, 118, 2);
INSERT INTO invite (tripID, customerID, totalCustomer) VALUES (34, 10, 1);
INSERT INTO invite (tripID, customerID, totalCustomer) VALUES (35, 63, 5);
INSERT INTO invite (tripID, customerID, totalCustomer) VALUES (36, 96, 4);
INSERT INTO invite (tripID, customerID, totalCustomer) VALUES (37, 158, 5);
INSERT INTO invite (tripID, customerID, totalCustomer) VALUES (38, 186, 1);
INSERT INTO invite (tripID, customerID, totalCustomer) VALUES (39, 80, 1);
INSERT INTO invite (tripID, customerID, totalCustomer) VALUES (40, 180, 5);
INSERT INTO invite (tripID, customerID, totalCustomer) VALUES (41, 158, 2);
INSERT INTO invite (tripID, customerID, totalCustomer) VALUES (42, 41, 1);
INSERT INTO invite (tripID, customerID, totalCustomer) VALUES (43, 191, 4);
INSERT INTO invite (tripID, customerID, totalCustomer) VALUES (44, 177, 4);
INSERT INTO invite (tripID, customerID, totalCustomer) VALUES (45, 127, 2);
INSERT INTO invite (tripID, customerID, totalCustomer) VALUES (46, 185, 5);
INSERT INTO invite (tripID, customerID, totalCustomer) VALUES (47, 118, 5);
INSERT INTO invite (tripID, customerID, totalCustomer) VALUES (48, 124, 1);
INSERT INTO invite (tripID, customerID, totalCustomer) VALUES (49, 177, 4);
INSERT INTO invite (tripID, customerID, totalCustomer) VALUES (50, 78, 2);
INSERT INTO invite (tripID, customerID, totalCustomer) VALUES (51, 58, 5);
INSERT INTO invite (tripID, customerID, totalCustomer) VALUES (52, 30, 3);
INSERT INTO invite (tripID, customerID, totalCustomer) VALUES (53, 124, 4);
INSERT INTO invite (tripID, customerID, totalCustomer) VALUES (54, 129, 4);
INSERT INTO invite (tripID, customerID, totalCustomer) VALUES (55, 7, 4);
INSERT INTO invite (tripID, customerID, totalCustomer) VALUES (56, 139, 3);
INSERT INTO invite (tripID, customerID, totalCustomer) VALUES (57, 86, 1);
INSERT INTO invite (tripID, customerID, totalCustomer) VALUES (58, 78, 4);
INSERT INTO invite (tripID, customerID, totalCustomer) VALUES (59, 203, 5);
INSERT INTO invite (tripID, customerID, totalCustomer) VALUES (60, 14, 1);
INSERT INTO invite (tripID, customerID, totalCustomer) VALUES (61, 190, 5);
INSERT INTO invite (tripID, customerID, totalCustomer) VALUES (62, 109, 1);
INSERT INTO invite (tripID, customerID, totalCustomer) VALUES (63, 138, 2);
INSERT INTO invite (tripID, customerID, totalCustomer) VALUES (64, 171, 1);
INSERT INTO invite (tripID, customerID, totalCustomer) VALUES (65, 185, 4);
INSERT INTO invite (tripID, customerID, totalCustomer) VALUES (66, 177, 5);
INSERT INTO invite (tripID, customerID, totalCustomer) VALUES (67, 154, 5);
INSERT INTO invite (tripID, customerID, totalCustomer) VALUES (68, 38, 1);
INSERT INTO invite (tripID, customerID, totalCustomer) VALUES (69, 41, 1);
INSERT INTO invite (tripID, customerID, totalCustomer) VALUES (70, 68, 4);
INSERT INTO invite (tripID, customerID, totalCustomer) VALUES (71, 197, 1);
INSERT INTO invite (tripID, customerID, totalCustomer) VALUES (72, 103, 2);
INSERT INTO invite (tripID, customerID, totalCustomer) VALUES (73, 118, 5);
INSERT INTO invite (tripID, customerID, totalCustomer) VALUES (74, 195, 5);
INSERT INTO invite (tripID, customerID, totalCustomer) VALUES (75, 26, 3);
INSERT INTO invite (tripID, customerID, totalCustomer) VALUES (76, 169, 4);
INSERT INTO invite (tripID, customerID, totalCustomer) VALUES (77, 8, 4);
INSERT INTO invite (tripID, customerID, totalCustomer) VALUES (78, 89, 1);
INSERT INTO invite (tripID, customerID, totalCustomer) VALUES (79, 79, 1);
INSERT INTO invite (tripID, customerID, totalCustomer) VALUES (80, 27, 5);
INSERT INTO invite (tripID, customerID, totalCustomer) VALUES (81, 61, 4);
INSERT INTO invite (tripID, customerID, totalCustomer) VALUES (82, 86, 1);
INSERT INTO invite (tripID, customerID, totalCustomer) VALUES (83, 130, 5);
INSERT INTO invite (tripID, customerID, totalCustomer) VALUES (84, 106, 1);
INSERT INTO invite (tripID, customerID, totalCustomer) VALUES (85, 109, 2);
INSERT INTO invite (tripID, customerID, totalCustomer) VALUES (86, 36, 3);
INSERT INTO invite (tripID, customerID, totalCustomer) VALUES (87, 179, 3);
INSERT INTO invite (tripID, customerID, totalCustomer) VALUES (88, 180, 1);
INSERT INTO invite (tripID, customerID, totalCustomer) VALUES (89, 108, 1);
INSERT INTO invite (tripID, customerID, totalCustomer) VALUES (90, 53, 2);
INSERT INTO invite (tripID, customerID, totalCustomer) VALUES (91, 132, 4);
INSERT INTO invite (tripID, customerID, totalCustomer) VALUES (92, 71, 4);
INSERT INTO invite (tripID, customerID, totalCustomer) VALUES (93, 152, 4);
INSERT INTO invite (tripID, customerID, totalCustomer) VALUES (94, 100, 4);
INSERT INTO invite (tripID, customerID, totalCustomer) VALUES (95, 188, 4);
INSERT INTO invite (tripID, customerID, totalCustomer) VALUES (96, 10, 1);
INSERT INTO invite (tripID, customerID, totalCustomer) VALUES (97, 124, 4);
INSERT INTO invite (tripID, customerID, totalCustomer) VALUES (98, 113, 5);
INSERT INTO invite (tripID, customerID, totalCustomer) VALUES (99, 92, 2);
INSERT INTO invite (tripID, customerID, totalCustomer) VALUES (100, 185, 3);
INSERT INTO invite (tripID, customerID, totalCustomer) VALUES (101, 166, 3);
INSERT INTO invite (tripID, customerID, totalCustomer) VALUES (102, 69, 4);
INSERT INTO invite (tripID, customerID, totalCustomer) VALUES (103, 190, 4);
INSERT INTO invite (tripID, customerID, totalCustomer) VALUES (104, 88, 4);
INSERT INTO invite (tripID, customerID, totalCustomer) VALUES (105, 121, 5);
INSERT INTO invite (tripID, customerID, totalCustomer) VALUES (106, 74, 5);
INSERT INTO invite (tripID, customerID, totalCustomer) VALUES (107, 164, 5);
INSERT INTO invite (tripID, customerID, totalCustomer) VALUES (108, 106, 5);
INSERT INTO invite (tripID, customerID, totalCustomer) VALUES (109, 110, 2);
INSERT INTO invite (tripID, customerID, totalCustomer) VALUES (110, 202, 5);
INSERT INTO invite (tripID, customerID, totalCustomer) VALUES (111, 116, 2);
INSERT INTO invite (tripID, customerID, totalCustomer) VALUES (112, 137, 2);
INSERT INTO invite (tripID, customerID, totalCustomer) VALUES (113, 36, 5);
INSERT INTO invite (tripID, customerID, totalCustomer) VALUES (114, 76, 1);
INSERT INTO invite (tripID, customerID, totalCustomer) VALUES (115, 73, 2);
INSERT INTO invite (tripID, customerID, totalCustomer) VALUES (116, 90, 3);
INSERT INTO invite (tripID, customerID, totalCustomer) VALUES (117, 193, 2);
INSERT INTO invite (tripID, customerID, totalCustomer) VALUES (118, 159, 1);
INSERT INTO invite (tripID, customerID, totalCustomer) VALUES (119, 24, 1);
INSERT INTO invite (tripID, customerID, totalCustomer) VALUES (120, 188, 5);
INSERT INTO invite (tripID, customerID, totalCustomer) VALUES (121, 176, 4);
INSERT INTO invite (tripID, customerID, totalCustomer) VALUES (122, 107, 4);
INSERT INTO invite (tripID, customerID, totalCustomer) VALUES (123, 146, 5);
INSERT INTO invite (tripID, customerID, totalCustomer) VALUES (124, 45, 2);
INSERT INTO invite (tripID, customerID, totalCustomer) VALUES (125, 23, 1);
INSERT INTO invite (tripID, customerID, totalCustomer) VALUES (126, 90, 3);
INSERT INTO invite (tripID, customerID, totalCustomer) VALUES (127, 97, 2);
INSERT INTO invite (tripID, customerID, totalCustomer) VALUES (128, 167, 3);
INSERT INTO invite (tripID, customerID, totalCustomer) VALUES (129, 62, 5);
INSERT INTO invite (tripID, customerID, totalCustomer) VALUES (130, 13, 2);
INSERT INTO invite (tripID, customerID, totalCustomer) VALUES (131, 171, 4);
INSERT INTO invite (tripID, customerID, totalCustomer) VALUES (132, 67, 1);
INSERT INTO invite (tripID, customerID, totalCustomer) VALUES (133, 187, 4);
INSERT INTO invite (tripID, customerID, totalCustomer) VALUES (134, 82, 4);
INSERT INTO invite (tripID, customerID, totalCustomer) VALUES (135, 189, 3);
INSERT INTO invite (tripID, customerID, totalCustomer) VALUES (136, 26, 1);
INSERT INTO invite (tripID, customerID, totalCustomer) VALUES (137, 10, 5);
INSERT INTO invite (tripID, customerID, totalCustomer) VALUES (138, 42, 1);
INSERT INTO invite (tripID, customerID, totalCustomer) VALUES (139, 82, 4);
INSERT INTO invite (tripID, customerID, totalCustomer) VALUES (140, 167, 3);
INSERT INTO invite (tripID, customerID, totalCustomer) VALUES (141, 112, 3);
INSERT INTO invite (tripID, customerID, totalCustomer) VALUES (142, 149, 1);
INSERT INTO invite (tripID, customerID, totalCustomer) VALUES (143, 121, 3);
INSERT INTO invite (tripID, customerID, totalCustomer) VALUES (144, 81, 5);
INSERT INTO invite (tripID, customerID, totalCustomer) VALUES (145, 41, 1);
INSERT INTO invite (tripID, customerID, totalCustomer) VALUES (146, 9, 4);
INSERT INTO invite (tripID, customerID, totalCustomer) VALUES (147, 84, 3);
INSERT INTO invite (tripID, customerID, totalCustomer) VALUES (148, 45, 1);
INSERT INTO invite (tripID, customerID, totalCustomer) VALUES (149, 48, 4);
INSERT INTO invite (tripID, customerID, totalCustomer) VALUES (150, 70, 1);
INSERT INTO invite (tripID, customerID, totalCustomer) VALUES (151, 157, 1);
INSERT INTO invite (tripID, customerID, totalCustomer) VALUES (152, 72, 2);
INSERT INTO invite (tripID, customerID, totalCustomer) VALUES (153, 11, 3);
INSERT INTO invite (tripID, customerID, totalCustomer) VALUES (154, 46, 4);
INSERT INTO invite (tripID, customerID, totalCustomer) VALUES (155, 130, 3);
INSERT INTO invite (tripID, customerID, totalCustomer) VALUES (156, 153, 3);
INSERT INTO invite (tripID, customerID, totalCustomer) VALUES (157, 79, 1);
INSERT INTO invite (tripID, customerID, totalCustomer) VALUES (158, 29, 2);
INSERT INTO invite (tripID, customerID, totalCustomer) VALUES (159, 7, 2);
INSERT INTO invite (tripID, customerID, totalCustomer) VALUES (160, 169, 1);
INSERT INTO invite (tripID, customerID, totalCustomer) VALUES (161, 10, 5);
INSERT INTO invite (tripID, customerID, totalCustomer) VALUES (162, 32, 2);
INSERT INTO invite (tripID, customerID, totalCustomer) VALUES (163, 203, 4);
INSERT INTO invite (tripID, customerID, totalCustomer) VALUES (164, 155, 5);
INSERT INTO invite (tripID, customerID, totalCustomer) VALUES (165, 33, 1);
INSERT INTO invite (tripID, customerID, totalCustomer) VALUES (166, 81, 5);
INSERT INTO invite (tripID, customerID, totalCustomer) VALUES (167, 82, 5);
INSERT INTO invite (tripID, customerID, totalCustomer) VALUES (168, 35, 2);
INSERT INTO invite (tripID, customerID, totalCustomer) VALUES (169, 150, 1);
INSERT INTO invite (tripID, customerID, totalCustomer) VALUES (170, 131, 3);
INSERT INTO invite (tripID, customerID, totalCustomer) VALUES (171, 169, 1);
INSERT INTO invite (tripID, customerID, totalCustomer) VALUES (172, 102, 2);
INSERT INTO invite (tripID, customerID, totalCustomer) VALUES (173, 77, 5);
INSERT INTO invite (tripID, customerID, totalCustomer) VALUES (174, 152, 1);
INSERT INTO invite (tripID, customerID, totalCustomer) VALUES (175, 134, 5);
INSERT INTO invite (tripID, customerID, totalCustomer) VALUES (176, 94, 4);
INSERT INTO invite (tripID, customerID, totalCustomer) VALUES (177, 7, 3);
INSERT INTO invite (tripID, customerID, totalCustomer) VALUES (178, 49, 4);
INSERT INTO invite (tripID, customerID, totalCustomer) VALUES (179, 77, 2);
INSERT INTO invite (tripID, customerID, totalCustomer) VALUES (180, 68, 2);
INSERT INTO invite (tripID, customerID, totalCustomer) VALUES (181, 185, 4);
INSERT INTO invite (tripID, customerID, totalCustomer) VALUES (182, 51, 1);
INSERT INTO invite (tripID, customerID, totalCustomer) VALUES (183, 181, 4);
INSERT INTO invite (tripID, customerID, totalCustomer) VALUES (184, 154, 2);
INSERT INTO invite (tripID, customerID, totalCustomer) VALUES (185, 197, 4);
INSERT INTO invite (tripID, customerID, totalCustomer) VALUES (186, 203, 1);
INSERT INTO invite (tripID, customerID, totalCustomer) VALUES (187, 142, 5);
INSERT INTO invite (tripID, customerID, totalCustomer) VALUES (188, 63, 3);
INSERT INTO invite (tripID, customerID, totalCustomer) VALUES (189, 40, 5);
INSERT INTO invite (tripID, customerID, totalCustomer) VALUES (190, 40, 1);
INSERT INTO invite (tripID, customerID, totalCustomer) VALUES (191, 107, 1);
INSERT INTO invite (tripID, customerID, totalCustomer) VALUES (192, 23, 2);
INSERT INTO invite (tripID, customerID, totalCustomer) VALUES (193, 4, 2);
INSERT INTO invite (tripID, customerID, totalCustomer) VALUES (194, 112, 5);
INSERT INTO invite (tripID, customerID, totalCustomer) VALUES (195, 72, 4);
INSERT INTO invite (tripID, customerID, totalCustomer) VALUES (196, 99, 1);
INSERT INTO invite (tripID, customerID, totalCustomer) VALUES (197, 143, 4);
INSERT INTO invite (tripID, customerID, totalCustomer) VALUES (198, 19, 2);
INSERT INTO invite (tripID, customerID, totalCustomer) VALUES (199, 167, 2);
INSERT INTO invite (tripID, customerID, totalCustomer) VALUES (200, 42, 2);
INSERT INTO invite (tripID, customerID, totalCustomer) VALUES (201, 143, 4);
INSERT INTO invite (tripID, customerID, totalCustomer) VALUES (202, 177, 2);
INSERT INTO invite (tripID, customerID, totalCustomer) VALUES (203, 22, 1);

-- Inserting data into include
INSERT INTO include (tripID, flightID) VALUES (4, 175);
INSERT INTO include (tripID, flightID) VALUES (5, 127);
INSERT INTO include (tripID, flightID) VALUES (6, 177);
INSERT INTO include (tripID, flightID) VALUES (7, 164);
INSERT INTO include (tripID, flightID) VALUES (8, 173);
INSERT INTO include (tripID, flightID) VALUES (9, 134);
INSERT INTO include (tripID, flightID) VALUES (10, 65);
INSERT INTO include (tripID, flightID) VALUES (11, 22);
INSERT INTO include (tripID, flightID) VALUES (12, 57);
INSERT INTO include (tripID, flightID) VALUES (13, 91);
INSERT INTO include (tripID, flightID) VALUES (14, 179);
INSERT INTO include (tripID, flightID) VALUES (15, 88);
INSERT INTO include (tripID, flightID) VALUES (16, 96);
INSERT INTO include (tripID, flightID) VALUES (17, 195);
INSERT INTO include (tripID, flightID) VALUES (18, 155);
INSERT INTO include (tripID, flightID) VALUES (19, 144);
INSERT INTO include (tripID, flightID) VALUES (20, 202);
INSERT INTO include (tripID, flightID) VALUES (21, 70);
INSERT INTO include (tripID, flightID) VALUES (22, 161);
INSERT INTO include (tripID, flightID) VALUES (23, 112);
INSERT INTO include (tripID, flightID) VALUES (24, 99);
INSERT INTO include (tripID, flightID) VALUES (25, 60);
INSERT INTO include (tripID, flightID) VALUES (26, 5);
INSERT INTO include (tripID, flightID) VALUES (27, 141);
INSERT INTO include (tripID, flightID) VALUES (28, 182);
INSERT INTO include (tripID, flightID) VALUES (29, 34);
INSERT INTO include (tripID, flightID) VALUES (30, 141);
INSERT INTO include (tripID, flightID) VALUES (31, 53);
INSERT INTO include (tripID, flightID) VALUES (32, 120);
INSERT INTO include (tripID, flightID) VALUES (33, 69);
INSERT INTO include (tripID, flightID) VALUES (34, 42);
INSERT INTO include (tripID, flightID) VALUES (35, 105);
INSERT INTO include (tripID, flightID) VALUES (36, 97);
INSERT INTO include (tripID, flightID) VALUES (37, 169);
INSERT INTO include (tripID, flightID) VALUES (38, 180);
INSERT INTO include (tripID, flightID) VALUES (39, 24);
INSERT INTO include (tripID, flightID) VALUES (40, 57);
INSERT INTO include (tripID, flightID) VALUES (41, 38);
INSERT INTO include (tripID, flightID) VALUES (42, 29);
INSERT INTO include (tripID, flightID) VALUES (43, 22);
INSERT INTO include (tripID, flightID) VALUES (44, 73);
INSERT INTO include (tripID, flightID) VALUES (45, 175);
INSERT INTO include (tripID, flightID) VALUES (46, 176);
INSERT INTO include (tripID, flightID) VALUES (47, 54);
INSERT INTO include (tripID, flightID) VALUES (48, 39);
INSERT INTO include (tripID, flightID) VALUES (49, 20);
INSERT INTO include (tripID, flightID) VALUES (50, 196);
INSERT INTO include (tripID, flightID) VALUES (51, 38);
INSERT INTO include (tripID, flightID) VALUES (52, 65);
INSERT INTO include (tripID, flightID) VALUES (53, 133);
INSERT INTO include (tripID, flightID) VALUES (54, 141);
INSERT INTO include (tripID, flightID) VALUES (55, 162);
INSERT INTO include (tripID, flightID) VALUES (56, 188);
INSERT INTO include (tripID, flightID) VALUES (57, 44);
INSERT INTO include (tripID, flightID) VALUES (58, 184);
INSERT INTO include (tripID, flightID) VALUES (59, 124);
INSERT INTO include (tripID, flightID) VALUES (60, 177);
INSERT INTO include (tripID, flightID) VALUES (61, 132);
INSERT INTO include (tripID, flightID) VALUES (62, 141);
INSERT INTO include (tripID, flightID) VALUES (63, 45);
INSERT INTO include (tripID, flightID) VALUES (64, 155);
INSERT INTO include (tripID, flightID) VALUES (65, 156);
INSERT INTO include (tripID, flightID) VALUES (66, 177);
INSERT INTO include (tripID, flightID) VALUES (67, 190);
INSERT INTO include (tripID, flightID) VALUES (68, 149);
INSERT INTO include (tripID, flightID) VALUES (69, 168);
INSERT INTO include (tripID, flightID) VALUES (70, 7);
INSERT INTO include (tripID, flightID) VALUES (71, 98);
INSERT INTO include (tripID, flightID) VALUES (72, 10);
INSERT INTO include (tripID, flightID) VALUES (73, 148);
INSERT INTO include (tripID, flightID) VALUES (74, 75);
INSERT INTO include (tripID, flightID) VALUES (75, 47);
INSERT INTO include (tripID, flightID) VALUES (76, 51);
INSERT INTO include (tripID, flightID) VALUES (77, 49);
INSERT INTO include (tripID, flightID) VALUES (78, 49);
INSERT INTO include (tripID, flightID) VALUES (79, 85);
INSERT INTO include (tripID, flightID) VALUES (80, 80);
INSERT INTO include (tripID, flightID) VALUES (81, 58);
INSERT INTO include (tripID, flightID) VALUES (82, 91);
INSERT INTO include (tripID, flightID) VALUES (83, 118);
INSERT INTO include (tripID, flightID) VALUES (84, 164);
INSERT INTO include (tripID, flightID) VALUES (85, 54);
INSERT INTO include (tripID, flightID) VALUES (86, 14);
INSERT INTO include (tripID, flightID) VALUES (87, 95);
INSERT INTO include (tripID, flightID) VALUES (88, 86);
INSERT INTO include (tripID, flightID) VALUES (89, 19);
INSERT INTO include (tripID, flightID) VALUES (90, 87);
INSERT INTO include (tripID, flightID) VALUES (91, 30);
INSERT INTO include (tripID, flightID) VALUES (92, 62);
INSERT INTO include (tripID, flightID) VALUES (93, 195);
INSERT INTO include (tripID, flightID) VALUES (94, 18);
INSERT INTO include (tripID, flightID) VALUES (95, 74);
INSERT INTO include (tripID, flightID) VALUES (96, 5);
INSERT INTO include (tripID, flightID) VALUES (97, 20);
INSERT INTO include (tripID, flightID) VALUES (98, 51);
INSERT INTO include (tripID, flightID) VALUES (99, 142);
INSERT INTO include (tripID, flightID) VALUES (100, 73);
INSERT INTO include (tripID, flightID) VALUES (101, 97);
INSERT INTO include (tripID, flightID) VALUES (102, 55);
INSERT INTO include (tripID, flightID) VALUES (103, 20);
INSERT INTO include (tripID, flightID) VALUES (104, 171);
INSERT INTO include (tripID, flightID) VALUES (105, 22);
INSERT INTO include (tripID, flightID) VALUES (106, 142);
INSERT INTO include (tripID, flightID) VALUES (107, 148);
INSERT INTO include (tripID, flightID) VALUES (108, 5);
INSERT INTO include (tripID, flightID) VALUES (109, 160);
INSERT INTO include (tripID, flightID) VALUES (110, 129);
INSERT INTO include (tripID, flightID) VALUES (111, 133);
INSERT INTO include (tripID, flightID) VALUES (112, 82);
INSERT INTO include (tripID, flightID) VALUES (113, 77);
INSERT INTO include (tripID, flightID) VALUES (114, 55);
INSERT INTO include (tripID, flightID) VALUES (115, 124);
INSERT INTO include (tripID, flightID) VALUES (116, 88);
INSERT INTO include (tripID, flightID) VALUES (117, 181);
INSERT INTO include (tripID, flightID) VALUES (118, 134);
INSERT INTO include (tripID, flightID) VALUES (119, 154);
INSERT INTO include (tripID, flightID) VALUES (120, 122);
INSERT INTO include (tripID, flightID) VALUES (121, 106);
INSERT INTO include (tripID, flightID) VALUES (122, 84);
INSERT INTO include (tripID, flightID) VALUES (123, 168);
INSERT INTO include (tripID, flightID) VALUES (124, 166);
INSERT INTO include (tripID, flightID) VALUES (125, 192);
INSERT INTO include (tripID, flightID) VALUES (126, 54);
INSERT INTO include (tripID, flightID) VALUES (127, 180);
INSERT INTO include (tripID, flightID) VALUES (128, 119);
INSERT INTO include (tripID, flightID) VALUES (129, 106);
INSERT INTO include (tripID, flightID) VALUES (130, 184);
INSERT INTO include (tripID, flightID) VALUES (131, 46);
INSERT INTO include (tripID, flightID) VALUES (132, 9);
INSERT INTO include (tripID, flightID) VALUES (133, 24);
INSERT INTO include (tripID, flightID) VALUES (134, 111);
INSERT INTO include (tripID, flightID) VALUES (135, 194);
INSERT INTO include (tripID, flightID) VALUES (136, 119);
INSERT INTO include (tripID, flightID) VALUES (137, 150);
INSERT INTO include (tripID, flightID) VALUES (138, 13);
INSERT INTO include (tripID, flightID) VALUES (139, 126);
INSERT INTO include (tripID, flightID) VALUES (140, 115);
INSERT INTO include (tripID, flightID) VALUES (141, 31);
INSERT INTO include (tripID, flightID) VALUES (142, 197);
INSERT INTO include (tripID, flightID) VALUES (143, 38);
INSERT INTO include (tripID, flightID) VALUES (144, 70);
INSERT INTO include (tripID, flightID) VALUES (145, 173);
INSERT INTO include (tripID, flightID) VALUES (146, 167);
INSERT INTO include (tripID, flightID) VALUES (147, 171);
INSERT INTO include (tripID, flightID) VALUES (148, 39);
INSERT INTO include (tripID, flightID) VALUES (149, 142);
INSERT INTO include (tripID, flightID) VALUES (150, 115);
INSERT INTO include (tripID, flightID) VALUES (151, 49);
INSERT INTO include (tripID, flightID) VALUES (152, 121);
INSERT INTO include (tripID, flightID) VALUES (153, 54);
INSERT INTO include (tripID, flightID) VALUES (154, 122);
INSERT INTO include (tripID, flightID) VALUES (155, 54);
INSERT INTO include (tripID, flightID) VALUES (156, 32);
INSERT INTO include (tripID, flightID) VALUES (157, 21);
INSERT INTO include (tripID, flightID) VALUES (158, 183);
INSERT INTO include (tripID, flightID) VALUES (159, 67);
INSERT INTO include (tripID, flightID) VALUES (160, 85);
INSERT INTO include (tripID, flightID) VALUES (161, 78);
INSERT INTO include (tripID, flightID) VALUES (162, 43);
INSERT INTO include (tripID, flightID) VALUES (163, 189);
INSERT INTO include (tripID, flightID) VALUES (164, 108);
INSERT INTO include (tripID, flightID) VALUES (165, 152);
INSERT INTO include (tripID, flightID) VALUES (166, 33);
INSERT INTO include (tripID, flightID) VALUES (167, 145);
INSERT INTO include (tripID, flightID) VALUES (168, 129);
INSERT INTO include (tripID, flightID) VALUES (169, 10);
INSERT INTO include (tripID, flightID) VALUES (170, 159);
INSERT INTO include (tripID, flightID) VALUES (171, 136);
INSERT INTO include (tripID, flightID) VALUES (172, 119);
INSERT INTO include (tripID, flightID) VALUES (173, 106);
INSERT INTO include (tripID, flightID) VALUES (174, 141);
INSERT INTO include (tripID, flightID) VALUES (175, 138);
INSERT INTO include (tripID, flightID) VALUES (176, 17);
INSERT INTO include (tripID, flightID) VALUES (177, 131);
INSERT INTO include (tripID, flightID) VALUES (178, 191);
INSERT INTO include (tripID, flightID) VALUES (179, 197);
INSERT INTO include (tripID, flightID) VALUES (180, 76);
INSERT INTO include (tripID, flightID) VALUES (181, 106);
INSERT INTO include (tripID, flightID) VALUES (182, 76);
INSERT INTO include (tripID, flightID) VALUES (183, 45);
INSERT INTO include (tripID, flightID) VALUES (184, 67);
INSERT INTO include (tripID, flightID) VALUES (185, 138);
INSERT INTO include (tripID, flightID) VALUES (186, 190);
INSERT INTO include (tripID, flightID) VALUES (187, 191);
INSERT INTO include (tripID, flightID) VALUES (188, 26);
INSERT INTO include (tripID, flightID) VALUES (189, 139);
INSERT INTO include (tripID, flightID) VALUES (190, 123);
INSERT INTO include (tripID, flightID) VALUES (191, 194);
INSERT INTO include (tripID, flightID) VALUES (192, 165);
INSERT INTO include (tripID, flightID) VALUES (193, 59);
INSERT INTO include (tripID, flightID) VALUES (194, 174);
INSERT INTO include (tripID, flightID) VALUES (195, 196);
INSERT INTO include (tripID, flightID) VALUES (196, 152);
INSERT INTO include (tripID, flightID) VALUES (197, 159);
INSERT INTO include (tripID, flightID) VALUES (198, 88);
INSERT INTO include (tripID, flightID) VALUES (199, 149);
INSERT INTO include (tripID, flightID) VALUES (200, 12);
INSERT INTO include (tripID, flightID) VALUES (201, 115);
INSERT INTO include (tripID, flightID) VALUES (202, 66);
INSERT INTO include (tripID, flightID) VALUES (203, 191);
