guideID, guideName, phoneNumber
1,Nathalie,199-403-4923
2,Sharyl,697-578-9495
3,Samuele,867-154-5598
4,Corrie,362-699-6534
5,Ravid,141-385-7467
6,Riccardo,970-172-5035
7,Elsy,424-538-4671
8,Kip,599-222-9036
9,Salvador,891-118-1425
10,Rawley,664-477-5071
11,Caritta,100-259-5104
12,Bren,297-402-4487
13,Charil,322-574-1621
14,Sylas,724-386-3036
15,Thornton,139-915-6844
16,Kym,663-776-8153
17,Anastasie,251-967-0539
18,Annabela,727-750-6143
19,Laurel,565-472-4115
20,Florrie,712-376-0828
21,Phil,104-563-5604
22,Xylia,160-423-8897
23,Powell,342-945-2302
24,Christian,379-860-9958
25,Nissa,199-765-8315
26,Margaux,183-673-4264
27,Agneta,324-865-0350
28,Sophia,328-220-5237
29,Tiffani,969-168-5359
30,Roderich,800-556-3576
31,Jessey,313-222-2751
32,Eyde,202-307-2668
33,Gilburt,427-903-3897
34,Quincey,639-771-3817
35,Saba,819-156-1903
36,Rosemary,750-876-0226
37,Calypso,685-552-4295
38,Germain,203-838-1398
39,Emmalyn,699-134-1609
40,Rudyard,647-760-8123
41,Jasen,212-638-8568
42,Katheryn,392-651-3894
43,Luca,222-130-8369
44,Rey,266-514-3808
45,Marris,820-443-9519
46,Rosabella,504-241-8303
47,Saloma,729-247-0034
48,Neille,767-310-0913
49,Guthry,261-331-9668
50,Marja,534-654-7270
51,Hallie,817-778-3321
52,Jemmy,878-670-6917
53,Timoteo,633-113-4144
54,Ganny,878-701-4219
55,Ronalda,591-359-8069
56,Jessamine,938-817-9116
57,Marna,147-801-7465
58,Suzi,513-731-8991
59,Hi,410-787-3749
60,Dewitt,280-633-0654
61,Zach,896-410-8771
62,Cyrillus,860-955-2506
63,Teresina,703-116-6529
64,Xavier,796-196-5374
65,Riki,375-561-3066
66,Ursola,583-442-4712
67,Anneliese,105-201-9571
68,Tabbatha,590-470-6341
69,Powell,751-589-0113
70,Carlin,375-765-6511
71,Bryanty,104-332-4968
72,Madelena,647-977-5685
73,Darb,772-142-1465
74,Winthrop,784-524-3279
75,Tania,198-239-9565
76,Daron,406-573-6488
77,Cassey,769-802-7328
78,Alexandrina,265-430-3054
79,Nessi,193-970-9129
80,Lucila,438-124-5757
81,Quintus,137-549-6670
82,Thayne,758-208-1673
83,Rochester,169-883-9638
84,Doretta,847-692-6960
85,Harmonie,239-505-2313
86,Dolley,666-946-4572
87,Sashenka,944-176-3613
88,Vivian,109-859-6478
89,Daloris,630-985-4743
90,Tonye,378-627-6457
91,Chalmers,669-965-5514
92,Jewelle,320-228-0607
93,Gaby,697-232-4352
94,Abigael,663-320-0046
95,Rosina,605-380-9291
96,Ame,277-251-2789
97,Stinky,855-956-6281
98,Olin,846-448-4016
99,Hi,315-578-2358
100,Ewart,846-586-4443
101,Kassandra,220-120-0696
102,Budd,248-969-9221
103,Ana,524-442-4456
104,Seka,794-328-1299
105,Selle,806-291-7061
106,Jeanna,249-342-0347
107,Aloysius,437-325-2040
108,Alain,350-216-6912
109,Skippie,832-215-9287
110,Martie,181-797-3461
111,Gwenore,789-239-8627
112,Reina,629-244-2758
113,Kienan,716-240-4363
114,Filippa,121-537-1778
115,Gill,998-458-6831
116,Kirby,221-866-1219
117,Pauline,794-701-4358
118,Tiphanie,556-385-4555
119,Alejandra,168-611-2627
120,Madonna,362-811-7896
121,Glyn,859-990-4734
122,Hugo,377-814-7716
123,Briant,763-859-9310
124,Nadeen,714-972-3676
125,Joyann,782-950-9622
126,Birk,847-800-6483
127,Janifer,656-805-6643
128,Lonni,754-769-0718
129,Jeramie,485-550-7699
130,Brennen,771-191-3620
131,Theobald,902-114-7461
132,Issiah,698-853-8477
133,Virgil,393-229-6223
134,Emmey,176-253-1958
135,Marlie,905-315-8364
136,Madlin,904-775-0946
137,Coletta,226-158-0476
138,Glynis,807-792-9370
139,Tisha,117-129-6205
140,Dukey,247-361-5217
141,Giraldo,172-232-2184
142,Murray,433-411-8068
143,Tanner,330-515-5948
144,Morissa,111-659-5072
145,Jana,261-471-8625
146,Harlan,908-904-6513
147,Carmita,932-789-4463
148,Armin,853-968-6311
149,Ernestine,908-834-2738
150,Joellen,857-158-6500
151,Otho,832-534-3342
152,Shandy,649-854-7826
153,Banky,689-116-1203
154,Blaire,775-382-8799
155,Babara,497-397-5239
156,Herc,157-518-6459
157,Kirby,949-127-3763
158,Carline,592-325-3692
159,Audry,979-575-2793
160,Helge,233-296-6227
161,Ron,958-397-9587
162,Cate,793-262-7654
163,Keri,947-656-8731
164,Earvin,476-484-2444
165,Wandie,823-857-3706
166,Erica,413-937-9640
167,Guglielmo,850-171-2751
168,Leopold,824-631-0932
169,Chiquita,298-998-6101
170,Jodee,842-455-5213
171,Marlee,170-458-9346
172,Dolley,905-119-4277
173,Gideon,357-843-1411
174,Linnell,815-303-1051
175,Norby,480-280-9195
176,Simonette,727-571-2637
177,Raynell,761-999-6962
178,Berkley,206-672-0213
179,Chicky,757-851-6081
180,Dolly,553-707-3311
181,Mimi,875-588-4684
182,Tatiana,170-986-2580
183,Paddy,545-945-4614
184,Fawnia,832-946-2681
185,Sophi,995-333-1970
186,Parker,667-288-6040
187,Jermaine,295-570-7267
188,Lew,737-976-4719
189,Towny,454-120-3942
190,Pammy,469-278-0318
191,Emmery,720-980-4912
192,Jamison,215-960-9762
193,Rae,902-442-4269
194,Sam,903-700-2359
195,Velvet,448-204-3916
196,Vick,354-236-5368
197,Georas,280-357-6340
198,Stewart,798-802-6980
199,Annetta,738-183-4638
200,Anastasia,530-967-9390
201,Gianina,279-129-0495
202,Marigold,480-893-3757
203,Maritsa,167-942-3505
204,Bjorn,850-482-2424
205,Joby,100-931-6653
206,Randie,969-953-0519
207,Leticia,887-914-9381
208,Mathilda,781-231-1309
209,Stefanie,984-584-9941
210,Morena,863-967-1583
211,Bone,160-244-2441
212,Maryanne,512-477-1753
213,Griffy,990-661-1613
214,Ruddy,147-493-4538
215,Pail,892-771-7034
216,Hollie,845-965-9076
217,Marabel,893-919-7985
218,Marchall,247-230-8931
219,Tyrus,713-628-0443
220,Ileane,225-779-3136
221,Keven,279-214-4936
222,Wainwright,253-182-4441
223,Leroy,630-972-4536
224,Lionel,248-765-4695
225,Allard,655-898-5632
226,Mab,383-156-7561
227,Nels,424-900-7171
228,Rebbecca,803-292-4206
229,Marijo,819-410-3656
230,Annice,440-408-5958
231,Iorgos,943-551-2147
232,Josephine,535-195-5042
233,Shana,419-914-2820
234,Jethro,584-840-5369
235,Nahum,921-500-3180
236,Kaine,155-810-3495
237,Svend,524-388-9520
238,Philippine,187-411-3250
239,Eyde,593-874-3254
240,Marie-jeanne,451-482-4222
241,Sheri,690-756-2674
242,Shana,767-610-3814
243,Ted,283-939-0741
244,Eden,965-145-2254
245,Aron,736-612-4018
246,Umeko,378-959-0596
247,Reginauld,552-720-0435
248,Brien,332-632-4905
249,Tracie,767-928-5901
250,Junina,895-282-5675
251,Fabiano,463-274-0187
252,Raymond,820-842-2932
253,Loren,112-696-1480
254,Anne,289-481-1441
255,Onfre,968-866-1462
256,Massimiliano,800-691-5106
257,Vallie,590-814-3094
258,Jessamine,978-143-2985
259,Viviene,836-856-1606
260,Basilio,805-894-3301
261,Shannon,971-616-3709
262,Eloise,972-946-5023
263,Carling,739-660-6126
264,Salvador,908-311-9958
265,Enrichetta,611-369-4859
266,Flin,873-631-7718
267,Cherrita,576-698-0337
268,Tanney,721-326-4462
269,Tiffanie,813-429-5046
270,Aridatha,496-634-6874
271,Nye,271-170-0269
272,Trina,210-704-3102
273,Vaughn,867-106-4054
274,Kirsteni,126-116-4475
275,Oralle,753-451-0381
276,Rhys,663-771-0654
277,Shellie,641-146-5733
278,Oralee,821-312-4760
279,Giorgio,984-452-9061
280,Farlay,136-166-6939
281,Malvin,443-276-5195
282,Nalani,459-772-9788
283,Casey,535-117-3207
284,Donnamarie,910-700-7843
285,See,198-261-8595
286,Uriah,621-119-0897
287,Giffard,118-201-7172
288,Ber,250-995-6533
289,Jacklin,822-362-5992
290,Falkner,631-292-5307
291,Ruperto,386-239-0439
292,Alisa,202-970-5577
293,Winthrop,122-204-1048
294,Alan,872-687-9715
295,Johann,562-152-8437
296,Kathie,854-753-6509
297,Audry,248-338-6524
298,Wrennie,122-956-9996
299,Fidelity,884-274-9616
300,Henka,961-200-7670
301,Lamar,961-759-8267
302,Melisandra,887-392-5238
303,Olive,636-997-1846
304,Megen,271-933-9589
305,Sunny,645-640-6858
306,Terry,237-962-5020
307,Desi,299-514-6428
308,Arri,380-955-6274
309,Hannie,447-773-9724
310,Meris,299-846-2648
311,Elmer,577-966-2988
312,Kin,230-607-1730
313,Kris,505-799-1283
314,Cole,472-710-6439
315,Elle,619-583-5779
316,Tanner,334-235-8959
317,Thalia,272-699-9725
318,Guthrie,853-779-4481
319,Erna,201-716-3240
320,Park,743-118-6734
321,Ezra,379-985-9323
322,Jonathan,791-816-5457
323,Salomo,717-778-6691
324,Neila,409-379-7453
325,Estrella,441-634-7675
326,Portia,563-375-7795
327,Enriqueta,216-972-9777
328,Cary,961-326-9360
329,Dale,555-135-1469
330,Jacinthe,377-352-7936
331,Dredi,508-613-3100
332,Wildon,221-182-5965
333,Adella,573-348-5809
334,Misti,406-471-7738
335,Idalina,227-888-2515
336,Consuelo,659-644-5398
337,Barnabe,795-297-6797
338,Jodi,147-814-6069
339,Keene,205-550-5993
340,Elisabeth,437-329-2392
341,Carmelle,721-468-9019
342,Niel,842-638-0008
343,Zoe,396-580-5591
344,Wilone,706-272-0834
345,Ayn,212-435-8958
346,Jase,159-301-0089
347,Ki,179-782-8687
348,Bernete,912-770-9941
349,Frasier,308-872-7713
350,Benn,688-334-0170
351,Beryle,150-582-6163
352,Winslow,368-216-9841
353,Gratiana,879-372-8108
354,Dorthy,301-504-6359
355,Constance,883-564-7304
356,Gaston,725-228-1127
357,Elvyn,534-739-5667
358,Baird,480-767-1960
359,Fin,605-718-3754
360,Charmion,846-885-7322
361,Thatcher,614-625-3453
362,Alejandra,772-221-1348
363,Edd,951-156-8908
364,Euell,600-486-4671
365,Sutherlan,215-341-1176
366,Cullin,482-131-5859
367,Elia,679-148-7427
368,Cesare,616-686-6008
369,Guthrie,736-310-1665
370,Marcus,964-281-0898
371,Kendall,643-385-2606
372,Jere,822-705-2948
373,Abrahan,255-617-5684
374,Ruthanne,676-439-9048
375,Mandi,784-621-9687
376,Ervin,969-192-3092
377,Nickey,114-719-8655
378,Raddy,470-646-1346
379,Priscella,978-659-2976
380,Bond,877-794-3672
381,Harlie,151-727-8657
382,Hurlee,959-835-7177
383,Hildy,624-405-1426
384,Jaymie,260-821-0419
385,Jenine,337-670-4055
386,Madelena,780-497-8003
387,Rockwell,683-245-4967
388,Boote,557-781-1917
389,Marin,545-826-2129
390,Ricoriki,431-452-1399
391,Mikey,755-256-9903
392,Bruis,797-761-9764
393,Jerry,592-311-0761
394,Barnett,176-387-2991
395,Koressa,786-199-0396
396,Shea,523-903-0935
397,Dominique,493-590-0654
398,Gaelan,237-563-4669
399,Edik,604-485-6485
400,Mannie,944-123-7361
401,Ax,938-278-9697
402,Benyamin,895-108-8058
403,Jeni,563-371-6435
404,Natalie,387-977-2558
405,Valentin,944-970-3090
406,Gerardo,712-884-9147
407,Esma,841-542-6845
408,Stacee,724-939-3349
409,Catherine,573-446-4256
410,Melany,266-280-2612
411,Kylila,609-911-6680
412,Bone,297-521-0729
413,Henderson,735-141-5053
414,Jarrid,170-679-6658
415,Hershel,275-422-4702
416,Kinna,548-795-7764
417,Pall,895-618-3825
418,Allard,562-978-9737
419,Alaric,667-266-1453
420,Massimo,564-813-6300
421,Neall,744-725-7194
422,Florina,557-627-8894
423,Claretta,659-932-1475
424,Caryl,334-451-2860
425,Nicol,238-491-3689
426,Salomo,169-373-1308
427,Estevan,589-953-6466
428,Alessandro,691-303-6773
429,Emanuele,413-720-6849
430,Carmon,931-792-6924
431,Aldus,774-827-6733
432,Lovell,860-227-2284
433,Millisent,225-807-4786
434,Margalit,884-329-7296
435,Verna,227-439-8719
436,Giulio,281-882-6634
437,Anselma,864-431-3454
438,Monika,538-116-9216
439,Bale,638-910-7943
440,Brade,976-818-5998
441,Consuelo,154-725-5476
442,Bili,188-703-7756
443,Tarrance,913-811-0857
444,Carmina,916-962-7298
445,Catarina,801-131-7395
446,Dixie,328-422-2484
447,Rafi,626-130-8461
448,Orly,362-528-0955
449,Matthaeus,128-172-0700
450,Allie,389-738-9867
451,Cathe,737-376-7944
452,Chrissie,254-345-6111
453,Marlon,558-439-2601
454,Keene,980-917-0690
455,Thadeus,965-620-8470
456,Annalise,352-884-4814
457,Austine,733-960-2309
458,Juline,924-338-5721
459,Haleigh,903-473-7798
460,Kenon,231-415-0810
461,Lari,352-225-6489
462,Laurette,665-605-1338
463,Dorotea,396-166-3341
464,Felicio,588-232-5824
465,Shelbi,498-986-0713
466,Farrell,485-591-7700
467,Pyotr,875-831-9771
468,Westley,237-134-9571
469,Jolene,696-954-0721
470,Augie,407-899-4663
471,Byrann,835-953-3408
472,Cherlyn,208-373-8785
473,Prissie,865-160-9990
474,Massimo,354-824-8128
475,Danette,547-680-8577
476,Elicia,614-766-0378
477,Giustina,867-904-8402
478,Damara,676-295-2050
479,Tyler,927-683-7868
480,Renae,494-355-2492
481,Orland,242-423-2415
482,Deck,483-348-0298
483,Keelia,674-157-7346
484,Gav,767-533-4895
485,Tirrell,922-889-5837
486,Farah,952-986-0429
487,Carlyn,493-381-9844
488,Alasdair,604-574-4081
489,Letti,418-246-0147
490,Kaitlyn,774-784-6913
491,Cherida,693-860-3419
492,Greta,967-313-4368
493,Cordie,987-482-9077
494,Bax,552-228-3591
495,Kariotta,763-266-3250
496,Lucie,982-713-2292
497,Orland,315-333-8741
498,Daffi,984-939-3639
499,Mandy,803-160-8973
500,Doreen,913-239-8619
501,Natalee,388-713-7061
502,Simmonds,948-590-8895
503,Berkly,693-691-4103
504,Stacee,210-396-2681
505,Rudolf,662-144-3577
506,Dorene,292-109-9681
507,Angy,273-286-9747
508,Storm,306-903-8081
509,Porty,275-238-1676
510,Eileen,347-670-3171
511,Catherina,482-243-6533
512,Dorelia,278-850-3658
513,Burke,680-977-4872
514,Paxon,880-672-5194
515,Dov,947-689-0280
516,Stanfield,240-178-5923
517,Matilde,529-173-4574
518,Flori,439-464-1792
519,Albina,502-761-2875
520,Langston,581-637-0628
521,Alphard,797-491-6853
522,Marj,650-591-6794
523,Kiele,495-875-6969
524,Calla,544-814-5935
525,Kalie,469-509-6334
526,Curr,785-568-6474
527,Daphna,957-977-5881
528,Timi,634-971-3425
529,Lock,955-121-9009
530,Jimmie,735-237-7754
531,Agnola,924-188-7670
532,Valeria,951-369-9682
533,Adella,424-933-4856
534,Alexandra,771-623-4726
535,Milicent,528-133-9106
536,Norbie,246-845-0543
537,Dana,508-484-3812
538,Delmar,704-973-2522
539,Rhys,819-223-4615
540,Sasha,618-800-8743
541,Kerwin,522-703-5619
542,Carmencita,699-800-5534
543,Cassaundra,898-858-8944
544,Alfons,299-747-9594
545,Holden,694-909-9705
546,Viki,203-756-9760
547,Justus,312-838-1229
548,Oswell,651-837-0051
549,Sigismundo,538-820-7061
550,Jenny,648-303-1930
551,Arley,223-634-1229
552,Hendrick,332-732-9703
553,Ernestus,154-975-8276
554,Gregoire,386-744-3275
555,Jehanna,619-321-3133
556,Carlene,498-685-1800
557,Tommi,674-827-1596
558,Joanna,270-797-9807
559,Edgard,394-390-8373
560,Olivier,843-977-3802
561,Nerta,857-824-1928
562,Lilyan,352-640-7127
563,Nilson,385-275-5396
564,Mickie,498-750-1056
565,Teador,737-562-9813
566,Timoteo,747-888-3919
567,Art,773-955-8734
568,Matthus,824-745-4201
569,Lynnelle,301-223-5832
570,Jarrod,917-552-6415
571,Rikki,692-595-0080
572,Ardelle,395-204-9444
573,Dennis,232-234-6749
574,Lindy,853-598-5837
575,Lilah,682-337-7107
576,Dom,903-912-6549
577,Auroora,506-706-8014
578,North,609-519-2055
579,Jeno,540-191-9576
580,Hildegarde,579-236-1021
581,Barris,805-875-5241
582,Lin,676-479-0543
583,Herbert,388-373-8511
584,Bill,310-825-7027
585,Allen,619-910-2069
586,Doralin,127-120-5555
587,Otes,612-233-6321
588,Therese,384-829-7866
589,Phyllys,973-521-7606
590,Sabine,567-397-7141
591,Nananne,177-135-5021
592,Janina,401-631-0653
593,Kipper,207-225-4923
594,Gonzalo,650-337-0470
595,Koo,985-318-7338
596,Cello,376-431-1147
597,Kelsey,860-283-4049
598,Amye,942-356-7981
599,Freida,770-844-3917
600,Piotr,143-304-1673
601,Lilia,427-801-8657
602,Carlene,274-559-3842
603,Wesley,456-184-7775
604,Herrick,199-141-3026
605,Clevie,788-845-1297
606,Anastasie,628-684-9719
607,Raviv,241-214-4979
608,Audi,274-867-9588
609,Allyn,926-844-9372
610,Almeria,401-764-5453
611,Feliks,466-107-9734
612,Jase,961-955-2092
613,Kata,107-303-3392
614,Earl,625-512-7261
615,Bucky,357-358-4206
616,Sandor,712-518-0723
617,Curt,869-129-0311
618,Jennica,984-745-4232
619,Edvard,716-358-1668
620,Aldus,493-873-3871
621,Gilli,173-909-6887
622,Phil,336-104-8863
623,Smith,489-527-0860
624,Adara,417-447-4918
625,Wiley,120-228-0588
626,Jakob,840-495-6332
627,Sonia,521-289-8272
628,Wally,882-261-1609
629,Cristen,977-668-0166
630,Georas,825-641-4583
631,Charline,551-121-1068
632,Fitz,592-524-3471
633,Ardelle,783-812-5366
634,Hazel,349-698-1373
635,Anthiathia,272-438-0549
636,Brigitte,206-318-0122
637,Culley,395-196-2062
638,Urbano,476-504-1482
639,Dur,550-277-3488
640,Salvador,466-196-9435
641,Cinderella,275-547-6216
642,Sasha,453-943-1393
643,Darnall,466-212-0472
644,Cherilynn,805-286-4804
645,Amberly,696-416-6143
646,Alley,260-176-5238
647,Libby,188-196-1344
648,Mattheus,838-779-6334
649,Gus,182-520-5159
650,Annalee,323-686-3831
651,Dodie,886-346-3319
652,Ilysa,930-812-1035
653,Court,485-261-2365
654,Jasmina,135-226-2530
655,Camile,320-600-6645
656,Rubi,397-881-6933
657,Umeko,639-770-1274
658,Stavros,731-886-2536
659,Blithe,828-151-7806
660,Marwin,921-586-5020
661,Ryun,200-746-7664
662,Bernete,629-697-9459
663,Juli,895-640-3240
664,Flossi,794-878-9758
665,Cordey,756-602-9961
666,Terrie,885-820-2949
667,Raphael,108-148-1682
668,Therese,686-790-2109
669,Erinn,786-238-1444
670,Lia,903-974-9760
671,Natale,661-199-2807
672,Jo-ann,442-358-3856
673,Celine,995-191-1675
674,Sydel,392-943-8081
675,Dasya,285-324-5577
676,Joela,213-602-6254
677,Early,965-963-9523
678,Gabriellia,928-921-4702
679,Oswell,800-445-6684
680,Rosmunda,155-335-2880
681,Gretchen,809-752-9470
682,Pamelina,518-596-8733
683,Dyann,757-110-1196
684,Carline,301-954-3675
685,Eugene,311-410-2043
686,Cilka,237-542-5850
687,Nollie,188-144-4563
688,Arnie,260-620-8463
689,Brooke,673-485-1957
690,Conny,899-646-1422
691,Randal,347-637-8764
692,Janis,449-171-0717
693,Onofredo,994-377-2938
694,Marcelo,364-716-9262
695,Elfie,593-633-8048
696,Issiah,667-908-0299
697,Sena,643-979-4862
698,Jamie,207-583-1523
699,Miof mela,195-477-8987
700,Ellette,643-809-5565
701,Rafaello,445-707-1475
702,Sigfrid,655-579-9724
703,Rutger,104-111-8644
704,Ag,319-454-8452
705,Dame,756-463-9484
706,Doroteya,193-898-8523
707,Brandea,683-803-3049
708,Linzy,837-689-5789
709,Colline,221-546-1364
710,Vivian,709-946-5810
711,Adolpho,952-111-8764
712,Augy,166-600-6268
713,Parnell,523-671-8586
714,Ebenezer,398-252-0808
715,Nester,366-757-4909
716,Cecile,505-657-2056
717,Nalani,535-820-1875
718,Gayle,348-205-9716
719,Torrin,609-447-1863
720,Tobe,886-944-0837
721,Fredericka,710-153-9717
722,Emalee,499-338-3824
723,Margie,508-884-5895
724,Sophie,327-893-7660
725,Andria,888-572-5562
726,Ashli,647-506-4466
727,Maiga,831-881-0924
728,Obediah,507-531-6268
729,Barbi,846-971-6426
730,Paquito,312-430-2282
731,Care,482-949-6264
732,Jemimah,551-554-9690
733,Valencia,662-118-2017
734,Romain,284-346-6197
735,Delcine,712-774-0589
736,Findlay,908-345-1507
737,Malinde,889-446-3885
738,Maureene,596-151-4716
739,Fania,653-214-4404
740,Nerti,748-981-1928
741,Fancy,327-754-9303
742,Catlaina,205-898-0976
743,Dave,568-937-9004
744,Livvyy,267-930-7333
745,Thorpe,740-209-0355
746,Cornela,925-308-8935
747,Sid,928-597-5895
748,Raff,458-417-5358
749,Tine,186-659-4817
750,Lari,429-217-6863
751,Keenan,259-324-4847
752,Anallise,946-207-7374
753,Mandi,792-958-4705
754,Meghann,618-134-7378
755,Eben,670-727-8228
756,Claudius,439-673-6863
757,Filmore,292-539-9663
758,Harlie,157-493-9135
759,Lisabeth,747-777-7401
760,Evonne,396-830-5904
761,Tremaine,114-268-6107
762,Fabiano,842-471-8630
763,Eugen,746-634-5200
764,Gradey,947-903-8595
765,Liv,667-123-2622
766,Berte,575-818-3758
767,Carmina,943-524-0842
768,Addia,580-609-1265
769,Victoir,735-230-0777
770,Margie,451-923-0283
771,Lalo,546-889-3146
772,Sherye,757-291-6645
773,Rosamond,818-454-0985
774,Randi,450-656-8772
775,Lin,447-662-9953
776,Neilla,989-196-4760
777,Harrietta,443-456-0844
778,Natka,424-344-8041
779,Traci,743-148-5580
780,Rheta,470-525-7559
781,Lucine,978-560-5596
782,Penn,445-711-0188
783,Benjie,632-547-6867
784,Audrye,271-440-5477
785,Odie,206-487-1128
786,Bertina,939-905-3843
787,Deb,989-728-4747
788,Clim,862-320-1349
789,Deni,833-138-2278
790,Lianne,763-144-5668
791,Karlie,250-438-1743
792,Morris,823-892-9683
793,Alexandrina,999-381-1466
794,Ashli,203-502-1520
795,Wendy,861-824-2821
796,Nataline,131-488-5608
797,Morgun,810-627-1459
798,Leroy,410-127-5225
799,Artair,401-243-1473
800,Reginald,727-852-4354
801,Leisha,916-305-6299
802,Harald,884-775-1023
803,Gertrude,144-886-9235
804,Nicholle,285-952-4163
805,Zola,918-292-5842
806,Rica,808-451-6828
807,Bill,549-858-6532
808,Dalenna,843-194-4792
809,Leonerd,702-448-6743
810,Lynelle,686-541-8830
811,Renee,916-485-8632
812,Em,308-238-7178
813,Amitie,541-472-9442
814,Ichabod,724-436-1390
815,Vassily,439-378-4777
816,Dodi,916-122-5493
817,Brynn,243-168-3034
818,Arv,608-824-1193
819,Collete,564-479-5339
820,Travis,231-571-2673
821,Iain,910-589-7082
822,Dalt,654-831-9784
823,Teodora,613-962-0267
824,Chilton,775-654-2674
825,Mill,603-303-1491
826,Dolores,950-585-6577
827,Elbertina,516-142-5954
828,Xerxes,371-980-0793
829,Carolyn,916-335-0200
830,Rolando,633-206-6037
831,Laurice,122-600-8654
832,Daune,944-373-9248
833,Nola,823-777-1054
834,Gavra,196-921-1359
835,Ida,980-506-9554
836,Suzy,656-404-5746
837,Carolyn,927-528-3152
838,Melisa,462-998-0530
839,Whitman,803-983-0867
840,Karin,710-701-2874
841,Jaymie,569-964-3993
842,Vivyan,939-179-9142
843,Alexis,122-664-3944
844,Davita,791-322-3048
845,Walker,312-362-1754
846,Giustino,883-599-9501
847,Cynthea,344-538-6661
848,Rafaelia,504-418-7802
849,Aubree,634-420-2502
850,Berthe,518-232-3434
851,Dallon,466-152-8479
852,Candie,994-250-0807
853,Karrah,746-925-9017
854,Christian,512-596-7871
855,Clare,636-468-1883
856,Darya,939-675-8618
857,Madelon,430-575-3418
858,Elna,951-788-8286
859,Ginnifer,717-375-3985
860,Karlene,772-668-1278
861,Reggie,254-116-6192
862,Terencio,951-360-9384
863,Marlo,716-650-5309
864,Hillier,865-409-1628
865,Aida,574-836-6199
866,Erminia,929-670-0311
867,Keane,854-550-6168
868,Cherey,760-737-0636
869,Karlyn,165-920-3234
870,Angel,708-473-1949
871,Devi,847-115-4167
872,Katheryn,371-536-3094
873,Donnajean,873-527-6394
874,Flo,848-578-4390
875,Eolanda,635-410-8316
876,Della,379-947-7607
877,Geraldine,885-355-9347
878,Taffy,831-337-4182
879,Lethia,256-311-3040
880,Mayer,411-305-9607
881,Renaud,969-685-2747
882,Keene,896-176-7374
883,Jannelle,128-918-8363
884,Edlin,562-552-4349
885,Francine,250-312-2493
886,Ermina,925-919-6951
887,Kelvin,856-621-0851
888,Pepito,609-372-3502
889,Scotty,200-418-7742
890,Ekaterina,863-698-3279
891,Merola,897-265-8626
892,Seward,340-659-9372
893,Nicol,805-531-7979
894,Gabriell,147-404-3465
895,Harmonia,862-220-0173
896,Matias,707-663-0599
897,Corabelle,609-391-1826
898,Liza,458-587-2122
899,Ardyce,556-405-7400
900,Barry,965-394-2843
901,Eran,398-283-3773
902,Ebenezer,768-491-2438
903,Paco,507-828-7709
904,Grantley,875-304-3116
905,Jameson,589-179-3220
906,Tuckie,310-773-7350
907,Nahum,584-523-5629
908,Valeda,217-834-0998
909,Reinaldos,326-702-6387
910,Enid,749-698-6600
911,Georgiana,493-742-1843
912,Megen,302-680-9257
913,Kenny,836-101-9808
914,Corabella,590-638-5069
915,Flory,898-644-1425
916,Garold,112-581-2882
917,Murvyn,413-578-0941
918,Letizia,862-785-7278
919,Lura,702-385-0481
920,Robbin,637-774-6244
921,Kassi,278-495-7670
922,Clint,288-856-2025
923,Buddy,702-316-4957
924,Albina,466-784-6790
925,Brod,433-913-8323
926,Franciskus,519-362-9043
927,Vita,850-103-4016
928,Liam,853-492-2202
929,Alie,858-981-4520
930,Andriette,286-437-7951
931,Shelton,228-883-3535
932,Beatriz,840-883-6580
933,Cathie,448-221-5418
934,Boigie,448-955-9341
935,Natty,935-959-4300
936,Drusilla,975-299-0153
937,Berty,208-476-6785
938,Angelica,881-562-2824
939,Townie,905-670-7055
940,Devy,921-301-9217
941,Karola,889-528-9382
942,Lenna,733-235-7222
943,Aymer,394-867-2935
944,Cherise,302-505-4662
945,Benedicto,439-474-9828
946,Othilia,920-453-4529
947,Eadie,365-537-6316
948,Addie,411-764-6430
949,Vicky,465-563-5144
950,Adair,311-835-5974
951,Benni,860-582-7628
952,April,406-552-8040
953,Dinny,812-148-3159
954,Leland,297-178-8608
955,Thomasin,158-845-5015
956,Collette,104-307-2337
957,Meade,218-430-8519
958,Emanuel,952-586-4438
959,Mack,187-365-8260
960,Betteanne,111-177-7053
961,Carrol,663-179-3742
962,Cy,500-919-6014
963,Tabby,774-852-7913
964,Jemie,756-810-6943
965,Joscelin,751-917-8793
966,Giulia,257-796-6512
967,Kara-lynn,488-458-9918
968,Aube,760-371-2751
969,Vyky,874-695-4919
970,Florencia,272-255-1466
971,Selig,672-293-1651
972,Juanita,628-352-0715
973,Ceil,465-523-0501
974,Connie,782-762-5695
975,Alfonse,134-406-8856
976,Annette,979-523-8694
977,Cecilio,662-411-4462
978,Ambrosio,369-658-9284
979,Emera,413-220-7756
980,Charmine,728-354-1410
981,Rowen,905-787-0604
982,Biddie,516-325-2662
983,Sheelagh,675-836-5301
984,Alys,255-354-3024
985,Wilbur,510-838-0709
986,Maible,928-485-0188
987,Antonin,697-373-9570
988,Corie,784-351-1267
989,Rochell,468-160-4957
990,Kort,373-875-6299
991,Sally,392-428-8381
992,Yves,863-264-1326
993,Shelby,630-898-5578
994,Vincenz,889-479-5128
995,Saba,598-166-6248
996,Mari,817-396-3962
997,Ellary,786-336-5388
998,Katerina,473-477-8102
999,Estelle,793-506-4049
1000,Catha,920-635-9322
