-- Inserting data into customer
INSERT INTO customer (ID, fullName, phoneNumber, email) VALUES (4, 'Olivia_4', '661-2183-4299', 'olivia_4@test.org');
INSERT INTO customer (ID, fullName, phoneNumber, email) VALUES (5, 'Charlie_5', '876-7735-5879', 'charlie_5@test.org');
INSERT INTO customer (ID, fullName, phoneNumber, email) VALUES (6, 'Charlie_6', '491-5102-9911', 'charlie_6@mail.com');
INSERT INTO customer (ID, fullName, phoneNumber, email) VALUES (7, 'Liam_7', '600-3903-9755', 'liam_7@test.org');
INSERT INTO customer (ID, fullName, phoneNumber, email) VALUES (8, 'Charlie_8', '768-1552-1922', 'charlie_8@demo.net');
INSERT INTO customer (ID, fullName, phoneNumber, email) VALUES (9, 'David_9', '819-3819-1705', 'david_9@test.org');
INSERT INTO customer (ID, fullName, phoneNumber, email) VALUES (10, 'Noah_10', '157-1282-3849', 'noah_10@demo.net');
INSERT INTO customer (ID, fullName, phoneNumber, email) VALUES (11, 'Olivia_11', '709-5394-5491', 'olivia_11@mail.com');
INSERT INTO customer (ID, fullName, phoneNumber, email) VALUES (12, 'Alice_12', '276-4656-8984', 'alice_12@example.com');
INSERT INTO customer (ID, fullName, phoneNumber, email) VALUES (13, 'Noah_13', '917-1890-6779', 'noah_13@example.com');
INSERT INTO customer (ID, fullName, phoneNumber, email) VALUES (14, 'Noah_14', '247-4276-9613', 'noah_14@demo.net');
INSERT INTO customer (ID, fullName, phoneNumber, email) VALUES (15, 'Liam_15', '854-3035-6348', 'liam_15@mail.com');
INSERT INTO customer (ID, fullName, phoneNumber, email) VALUES (16, 'David_16', '223-9114-6627', 'david_16@demo.net');
INSERT INTO customer (ID, fullName, phoneNumber, email) VALUES (17, 'Olivia_17', '901-9826-2716', 'olivia_17@test.org');
INSERT INTO customer (ID, fullName, phoneNumber, email) VALUES (18, 'Alice_18', '332-6733-5071', 'alice_18@demo.net');
INSERT INTO customer (ID, fullName, phoneNumber, email) VALUES (19, 'Sophia_19', '379-6849-2389', 'sophia_19@mail.com');
INSERT INTO customer (ID, fullName, phoneNumber, email) VALUES (20, 'Sophia_20', '862-9456-5336', 'sophia_20@mail.com');
INSERT INTO customer (ID, fullName, phoneNumber, email) VALUES (21, 'Ava_21', '998-4196-7574', 'ava_21@demo.net');
INSERT INTO customer (ID, fullName, phoneNumber, email) VALUES (22, 'Bob_22', '554-1559-8556', 'bob_22@demo.net');
INSERT INTO customer (ID, fullName, phoneNumber, email) VALUES (23, 'Olivia_23', '822-5811-4086', 'olivia_23@example.com');
INSERT INTO customer (ID, fullName, phoneNumber, email) VALUES (24, 'Olivia_24', '488-6600-6959', 'olivia_24@test.org');
INSERT INTO customer (ID, fullName, phoneNumber, email) VALUES (25, 'Liam_25', '707-3633-6825', 'liam_25@example.com');
INSERT INTO customer (ID, fullName, phoneNumber, email) VALUES (26, 'Olivia_26', '458-9626-7265', 'olivia_26@demo.net');
INSERT INTO customer (ID, fullName, phoneNumber, email) VALUES (27, 'Emma_27', '184-2185-1250', 'emma_27@mail.com');
INSERT INTO customer (ID, fullName, phoneNumber, email) VALUES (28, 'Liam_28', '380-2907-3589', 'liam_28@mail.com');
INSERT INTO customer (ID, fullName, phoneNumber, email) VALUES (29, 'Liam_29', '963-3092-4018', 'liam_29@test.org');
INSERT INTO customer (ID, fullName, phoneNumber, email) VALUES (30, 'Sophia_30', '235-7015-5855', 'sophia_30@test.org');
INSERT INTO customer (ID, fullName, phoneNumber, email) VALUES (31, 'Charlie_31', '656-9719-4439', 'charlie_31@mail.com');
INSERT INTO customer (ID, fullName, phoneNumber, email) VALUES (32, 'Olivia_32', '105-1718-5240', 'olivia_32@test.org');
INSERT INTO customer (ID, fullName, phoneNumber, email) VALUES (33, 'Emma_33', '477-6352-4740', 'emma_33@mail.com');
INSERT INTO customer (ID, fullName, phoneNumber, email) VALUES (34, 'Olivia_34', '141-6187-5570', 'olivia_34@demo.net');
INSERT INTO customer (ID, fullName, phoneNumber, email) VALUES (35, 'Charlie_35', '600-5500-3572', 'charlie_35@demo.net');
INSERT INTO customer (ID, fullName, phoneNumber, email) VALUES (36, 'David_36', '507-5158-4050', 'david_36@example.com');
INSERT INTO customer (ID, fullName, phoneNumber, email) VALUES (37, 'Liam_37', '491-5165-5669', 'liam_37@mail.com');
INSERT INTO customer (ID, fullName, phoneNumber, email) VALUES (38, 'Emma_38', '253-4484-7434', 'emma_38@example.com');
INSERT INTO customer (ID, fullName, phoneNumber, email) VALUES (39, 'Ava_39', '230-4415-6932', 'ava_39@mail.com');
INSERT INTO customer (ID, fullName, phoneNumber, email) VALUES (40, 'Liam_40', '210-7186-7803', 'liam_40@demo.net');
INSERT INTO customer (ID, fullName, phoneNumber, email) VALUES (41, 'Sophia_41', '897-5503-6155', 'sophia_41@demo.net');
INSERT INTO customer (ID, fullName, phoneNumber, email) VALUES (42, 'Bob_42', '955-9931-8984', 'bob_42@test.org');
INSERT INTO customer (ID, fullName, phoneNumber, email) VALUES (43, 'Bob_43', '458-3393-3335', 'bob_43@example.com');
INSERT INTO customer (ID, fullName, phoneNumber, email) VALUES (44, 'Noah_44', '132-3908-8817', 'noah_44@mail.com');
INSERT INTO customer (ID, fullName, phoneNumber, email) VALUES (45, 'Alice_45', '493-3026-2676', 'alice_45@example.com');
INSERT INTO customer (ID, fullName, phoneNumber, email) VALUES (46, 'Ava_46', '858-3581-3178', 'ava_46@mail.com');
INSERT INTO customer (ID, fullName, phoneNumber, email) VALUES (47, 'Emma_47', '538-5386-2417', 'emma_47@test.org');
INSERT INTO customer (ID, fullName, phoneNumber, email) VALUES (48, 'Liam_48', '140-9339-4308', 'liam_48@mail.com');
INSERT INTO customer (ID, fullName, phoneNumber, email) VALUES (49, 'Sophia_49', '163-5051-1257', 'sophia_49@mail.com');
INSERT INTO customer (ID, fullName, phoneNumber, email) VALUES (50, 'Alice_50', '970-7550-3511', 'alice_50@test.org');
INSERT INTO customer (ID, fullName, phoneNumber, email) VALUES (51, 'Charlie_51', '239-9772-1562', 'charlie_51@mail.com');
INSERT INTO customer (ID, fullName, phoneNumber, email) VALUES (52, 'Emma_52', '525-4265-7557', 'emma_52@mail.com');
INSERT INTO customer (ID, fullName, phoneNumber, email) VALUES (53, 'Bob_53', '406-9268-6485', 'bob_53@demo.net');
INSERT INTO customer (ID, fullName, phoneNumber, email) VALUES (54, 'David_54', '797-8902-6623', 'david_54@mail.com');
INSERT INTO customer (ID, fullName, phoneNumber, email) VALUES (55, 'Bob_55', '738-7358-4937', 'bob_55@mail.com');
INSERT INTO customer (ID, fullName, phoneNumber, email) VALUES (56, 'Alice_56', '186-3472-4471', 'alice_56@demo.net');
INSERT INTO customer (ID, fullName, phoneNumber, email) VALUES (57, 'Charlie_57', '507-4132-7862', 'charlie_57@example.com');
INSERT INTO customer (ID, fullName, phoneNumber, email) VALUES (58, 'Emma_58', '273-5390-3064', 'emma_58@mail.com');
INSERT INTO customer (ID, fullName, phoneNumber, email) VALUES (59, 'Emma_59', '729-9068-3521', 'emma_59@mail.com');
INSERT INTO customer (ID, fullName, phoneNumber, email) VALUES (60, 'Sophia_60', '963-9247-9453', 'sophia_60@demo.net');
INSERT INTO customer (ID, fullName, phoneNumber, email) VALUES (61, 'Ava_61', '780-2460-2769', 'ava_61@test.org');
INSERT INTO customer (ID, fullName, phoneNumber, email) VALUES (62, 'Ava_62', '871-5244-3233', 'ava_62@test.org');
INSERT INTO customer (ID, fullName, phoneNumber, email) VALUES (63, 'Emma_63', '844-3992-3242', 'emma_63@demo.net');
INSERT INTO customer (ID, fullName, phoneNumber, email) VALUES (64, 'David_64', '709-1193-1761', 'david_64@example.com');
INSERT INTO customer (ID, fullName, phoneNumber, email) VALUES (65, 'Sophia_65', '915-7878-8243', 'sophia_65@test.org');
INSERT INTO customer (ID, fullName, phoneNumber, email) VALUES (66, 'Olivia_66', '313-7889-9678', 'olivia_66@example.com');
INSERT INTO customer (ID, fullName, phoneNumber, email) VALUES (67, 'Olivia_67', '941-4064-7303', 'olivia_67@demo.net');
INSERT INTO customer (ID, fullName, phoneNumber, email) VALUES (68, 'Alice_68', '657-8415-1312', 'alice_68@mail.com');
INSERT INTO customer (ID, fullName, phoneNumber, email) VALUES (69, 'Olivia_69', '100-8242-4506', 'olivia_69@test.org');
INSERT INTO customer (ID, fullName, phoneNumber, email) VALUES (70, 'Emma_70', '306-6668-4653', 'emma_70@example.com');
INSERT INTO customer (ID, fullName, phoneNumber, email) VALUES (71, 'Ava_71', '367-4350-5783', 'ava_71@demo.net');
INSERT INTO customer (ID, fullName, phoneNumber, email) VALUES (72, 'Olivia_72', '671-8044-8439', 'olivia_72@example.com');
INSERT INTO customer (ID, fullName, phoneNumber, email) VALUES (73, 'Sophia_73', '783-7337-8987', 'sophia_73@example.com');
INSERT INTO customer (ID, fullName, phoneNumber, email) VALUES (74, 'David_74', '413-2617-3632', 'david_74@test.org');
INSERT INTO customer (ID, fullName, phoneNumber, email) VALUES (75, 'Sophia_75', '253-9555-1314', 'sophia_75@demo.net');
INSERT INTO customer (ID, fullName, phoneNumber, email) VALUES (76, 'Ava_76', '734-7088-5764', 'ava_76@example.com');
INSERT INTO customer (ID, fullName, phoneNumber, email) VALUES (77, 'Charlie_77', '542-9263-5528', 'charlie_77@mail.com');
INSERT INTO customer (ID, fullName, phoneNumber, email) VALUES (78, 'Noah_78', '867-9343-5454', 'noah_78@example.com');
INSERT INTO customer (ID, fullName, phoneNumber, email) VALUES (79, 'Liam_79', '191-7592-8220', 'liam_79@test.org');
INSERT INTO customer (ID, fullName, phoneNumber, email) VALUES (80, 'Charlie_80', '609-9628-4957', 'charlie_80@demo.net');
INSERT INTO customer (ID, fullName, phoneNumber, email) VALUES (81, 'Bob_81', '829-5100-8172', 'bob_81@demo.net');
INSERT INTO customer (ID, fullName, phoneNumber, email) VALUES (82, 'Alice_82', '740-3776-9716', 'alice_82@demo.net');
INSERT INTO customer (ID, fullName, phoneNumber, email) VALUES (83, 'David_83', '720-8164-5755', 'david_83@mail.com');
INSERT INTO customer (ID, fullName, phoneNumber, email) VALUES (84, 'Bob_84', '744-6180-8080', 'bob_84@mail.com');
INSERT INTO customer (ID, fullName, phoneNumber, email) VALUES (85, 'Emma_85', '952-7399-2598', 'emma_85@example.com');
INSERT INTO customer (ID, fullName, phoneNumber, email) VALUES (86, 'Sophia_86', '619-3883-9331', 'sophia_86@example.com');
INSERT INTO customer (ID, fullName, phoneNumber, email) VALUES (87, 'Sophia_87', '515-3054-1627', 'sophia_87@example.com');
INSERT INTO customer (ID, fullName, phoneNumber, email) VALUES (88, 'Bob_88', '290-3479-5998', 'bob_88@demo.net');
INSERT INTO customer (ID, fullName, phoneNumber, email) VALUES (89, 'Alice_89', '550-2906-3322', 'alice_89@test.org');
INSERT INTO customer (ID, fullName, phoneNumber, email) VALUES (90, 'Noah_90', '624-3919-2872', 'noah_90@test.org');
INSERT INTO customer (ID, fullName, phoneNumber, email) VALUES (91, 'Liam_91', '298-1578-1180', 'liam_91@example.com');
INSERT INTO customer (ID, fullName, phoneNumber, email) VALUES (92, 'David_92', '358-7149-4205', 'david_92@example.com');
INSERT INTO customer (ID, fullName, phoneNumber, email) VALUES (93, 'Ava_93', '994-6382-3704', 'ava_93@demo.net');
INSERT INTO customer (ID, fullName, phoneNumber, email) VALUES (94, 'Olivia_94', '633-4555-5500', 'olivia_94@example.com');
INSERT INTO customer (ID, fullName, phoneNumber, email) VALUES (95, 'Alice_95', '725-2403-4636', 'alice_95@example.com');
INSERT INTO customer (ID, fullName, phoneNumber, email) VALUES (96, 'Ava_96', '802-6257-4884', 'ava_96@example.com');
INSERT INTO customer (ID, fullName, phoneNumber, email) VALUES (97, 'Liam_97', '545-4278-9354', 'liam_97@mail.com');
INSERT INTO customer (ID, fullName, phoneNumber, email) VALUES (98, 'Sophia_98', '174-8607-8753', 'sophia_98@mail.com');
INSERT INTO customer (ID, fullName, phoneNumber, email) VALUES (99, 'David_99', '465-9811-8969', 'david_99@test.org');
INSERT INTO customer (ID, fullName, phoneNumber, email) VALUES (100, 'Ava_100', '692-8989-1571', 'ava_100@mail.com');
INSERT INTO customer (ID, fullName, phoneNumber, email) VALUES (101, 'Alice_101', '985-9759-3740', 'alice_101@mail.com');
INSERT INTO customer (ID, fullName, phoneNumber, email) VALUES (102, 'Bob_102', '420-3828-6074', 'bob_102@test.org');
INSERT INTO customer (ID, fullName, phoneNumber, email) VALUES (103, 'Ava_103', '449-8529-7692', 'ava_103@test.org');
INSERT INTO customer (ID, fullName, phoneNumber, email) VALUES (104, 'Alice_104', '340-4808-1846', 'alice_104@mail.com');
INSERT INTO customer (ID, fullName, phoneNumber, email) VALUES (105, 'Alice_105', '241-1725-7179', 'alice_105@demo.net');
INSERT INTO customer (ID, fullName, phoneNumber, email) VALUES (106, 'Olivia_106', '881-2097-6450', 'olivia_106@demo.net');
INSERT INTO customer (ID, fullName, phoneNumber, email) VALUES (107, 'Olivia_107', '964-8193-8458', 'olivia_107@mail.com');
INSERT INTO customer (ID, fullName, phoneNumber, email) VALUES (108, 'Sophia_108', '631-6078-7639', 'sophia_108@demo.net');
INSERT INTO customer (ID, fullName, phoneNumber, email) VALUES (109, 'Olivia_109', '462-3762-3658', 'olivia_109@example.com');
INSERT INTO customer (ID, fullName, phoneNumber, email) VALUES (110, 'Sophia_110', '750-6300-7418', 'sophia_110@test.org');
INSERT INTO customer (ID, fullName, phoneNumber, email) VALUES (111, 'Liam_111', '587-8727-1632', 'liam_111@demo.net');
INSERT INTO customer (ID, fullName, phoneNumber, email) VALUES (112, 'Charlie_112', '175-8618-9709', 'charlie_112@test.org');
INSERT INTO customer (ID, fullName, phoneNumber, email) VALUES (113, 'Ava_113', '894-3549-4839', 'ava_113@example.com');
INSERT INTO customer (ID, fullName, phoneNumber, email) VALUES (114, 'Sophia_114', '725-1453-1328', 'sophia_114@demo.net');
INSERT INTO customer (ID, fullName, phoneNumber, email) VALUES (115, 'Olivia_115', '183-6903-6286', 'olivia_115@mail.com');
INSERT INTO customer (ID, fullName, phoneNumber, email) VALUES (116, 'Olivia_116', '738-1706-3777', 'olivia_116@demo.net');
INSERT INTO customer (ID, fullName, phoneNumber, email) VALUES (117, 'Ava_117', '827-1626-9871', 'ava_117@test.org');
INSERT INTO customer (ID, fullName, phoneNumber, email) VALUES (118, 'David_118', '591-5809-9962', 'david_118@test.org');
INSERT INTO customer (ID, fullName, phoneNumber, email) VALUES (119, 'Bob_119', '292-6396-2293', 'bob_119@mail.com');
INSERT INTO customer (ID, fullName, phoneNumber, email) VALUES (120, 'Ava_120', '686-7237-6302', 'ava_120@test.org');
INSERT INTO customer (ID, fullName, phoneNumber, email) VALUES (121, 'Liam_121', '266-1508-8665', 'liam_121@demo.net');
INSERT INTO customer (ID, fullName, phoneNumber, email) VALUES (122, 'Alice_122', '449-5476-5231', 'alice_122@demo.net');
INSERT INTO customer (ID, fullName, phoneNumber, email) VALUES (123, 'Ava_123', '584-1999-7240', 'ava_123@test.org');
INSERT INTO customer (ID, fullName, phoneNumber, email) VALUES (124, 'Noah_124', '469-1304-5207', 'noah_124@demo.net');
INSERT INTO customer (ID, fullName, phoneNumber, email) VALUES (125, 'Bob_125', '786-9466-4437', 'bob_125@demo.net');
INSERT INTO customer (ID, fullName, phoneNumber, email) VALUES (126, 'Bob_126', '717-8338-4275', 'bob_126@demo.net');
INSERT INTO customer (ID, fullName, phoneNumber, email) VALUES (127, 'Liam_127', '446-5259-2879', 'liam_127@example.com');
INSERT INTO customer (ID, fullName, phoneNumber, email) VALUES (128, 'Sophia_128', '134-6270-8210', 'sophia_128@example.com');
INSERT INTO customer (ID, fullName, phoneNumber, email) VALUES (129, 'David_129', '712-1831-7292', 'david_129@mail.com');
INSERT INTO customer (ID, fullName, phoneNumber, email) VALUES (130, 'Ava_130', '798-2396-2195', 'ava_130@test.org');
INSERT INTO customer (ID, fullName, phoneNumber, email) VALUES (131, 'David_131', '311-6201-9631', 'david_131@test.org');
INSERT INTO customer (ID, fullName, phoneNumber, email) VALUES (132, 'David_132', '759-4482-4250', 'david_132@demo.net');
INSERT INTO customer (ID, fullName, phoneNumber, email) VALUES (133, 'Olivia_133', '951-4994-2404', 'olivia_133@example.com');
INSERT INTO customer (ID, fullName, phoneNumber, email) VALUES (134, 'Emma_134', '618-3546-7152', 'emma_134@mail.com');
INSERT INTO customer (ID, fullName, phoneNumber, email) VALUES (135, 'Liam_135', '262-7743-5510', 'liam_135@test.org');
INSERT INTO customer (ID, fullName, phoneNumber, email) VALUES (136, 'Charlie_136', '221-9124-8598', 'charlie_136@test.org');
INSERT INTO customer (ID, fullName, phoneNumber, email) VALUES (137, 'Olivia_137', '898-2811-3072', 'olivia_137@test.org');
INSERT INTO customer (ID, fullName, phoneNumber, email) VALUES (138, 'Noah_138', '250-5967-1692', 'noah_138@demo.net');
INSERT INTO customer (ID, fullName, phoneNumber, email) VALUES (139, 'Sophia_139', '555-9136-3089', 'sophia_139@test.org');
INSERT INTO customer (ID, fullName, phoneNumber, email) VALUES (140, 'Liam_140', '910-4764-4651', 'liam_140@mail.com');
INSERT INTO customer (ID, fullName, phoneNumber, email) VALUES (141, 'Liam_141', '669-4970-6631', 'liam_141@demo.net');
INSERT INTO customer (ID, fullName, phoneNumber, email) VALUES (142, 'Olivia_142', '142-9832-6465', 'olivia_142@demo.net');
INSERT INTO customer (ID, fullName, phoneNumber, email) VALUES (143, 'Ava_143', '699-8459-1414', 'ava_143@test.org');
INSERT INTO customer (ID, fullName, phoneNumber, email) VALUES (144, 'Noah_144', '360-7677-3977', 'noah_144@demo.net');
INSERT INTO customer (ID, fullName, phoneNumber, email) VALUES (145, 'Noah_145', '245-5159-4785', 'noah_145@example.com');
INSERT INTO customer (ID, fullName, phoneNumber, email) VALUES (146, 'Ava_146', '430-5329-5004', 'ava_146@demo.net');
INSERT INTO customer (ID, fullName, phoneNumber, email) VALUES (147, 'Sophia_147', '972-7980-1365', 'sophia_147@test.org');
INSERT INTO customer (ID, fullName, phoneNumber, email) VALUES (148, 'Sophia_148', '570-4090-1673', 'sophia_148@test.org');
INSERT INTO customer (ID, fullName, phoneNumber, email) VALUES (149, 'Alice_149', '936-6325-1887', 'alice_149@example.com');
INSERT INTO customer (ID, fullName, phoneNumber, email) VALUES (150, 'Noah_150', '824-1104-6294', 'noah_150@test.org');
INSERT INTO customer (ID, fullName, phoneNumber, email) VALUES (151, 'Sophia_151', '693-8316-1643', 'sophia_151@test.org');
INSERT INTO customer (ID, fullName, phoneNumber, email) VALUES (152, 'David_152', '113-4669-6211', 'david_152@demo.net');
INSERT INTO customer (ID, fullName, phoneNumber, email) VALUES (153, 'Olivia_153', '644-2985-1521', 'olivia_153@mail.com');
INSERT INTO customer (ID, fullName, phoneNumber, email) VALUES (154, 'Charlie_154', '312-6115-4043', 'charlie_154@mail.com');
INSERT INTO customer (ID, fullName, phoneNumber, email) VALUES (155, 'Charlie_155', '290-3655-8459', 'charlie_155@demo.net');
INSERT INTO customer (ID, fullName, phoneNumber, email) VALUES (156, 'Ava_156', '895-4271-5600', 'ava_156@mail.com');
INSERT INTO customer (ID, fullName, phoneNumber, email) VALUES (157, 'David_157', '538-9261-3405', 'david_157@mail.com');
INSERT INTO customer (ID, fullName, phoneNumber, email) VALUES (158, 'David_158', '905-7090-7973', 'david_158@test.org');
INSERT INTO customer (ID, fullName, phoneNumber, email) VALUES (159, 'Sophia_159', '419-5274-9533', 'sophia_159@test.org');
INSERT INTO customer (ID, fullName, phoneNumber, email) VALUES (160, 'Emma_160', '681-8398-1541', 'emma_160@mail.com');
INSERT INTO customer (ID, fullName, phoneNumber, email) VALUES (161, 'Noah_161', '440-3589-5598', 'noah_161@mail.com');
INSERT INTO customer (ID, fullName, phoneNumber, email) VALUES (162, 'Liam_162', '670-8451-8294', 'liam_162@demo.net');
INSERT INTO customer (ID, fullName, phoneNumber, email) VALUES (163, 'Bob_163', '648-2165-7017', 'bob_163@demo.net');
INSERT INTO customer (ID, fullName, phoneNumber, email) VALUES (164, 'Charlie_164', '307-2413-1439', 'charlie_164@example.com');
INSERT INTO customer (ID, fullName, phoneNumber, email) VALUES (165, 'David_165', '208-5732-4306', 'david_165@test.org');
INSERT INTO customer (ID, fullName, phoneNumber, email) VALUES (166, 'David_166', '143-3753-3317', 'david_166@demo.net');
INSERT INTO customer (ID, fullName, phoneNumber, email) VALUES (167, 'David_167', '285-1022-6866', 'david_167@example.com');
INSERT INTO customer (ID, fullName, phoneNumber, email) VALUES (168, 'David_168', '863-2596-2985', 'david_168@mail.com');
INSERT INTO customer (ID, fullName, phoneNumber, email) VALUES (169, 'Emma_169', '677-4954-2073', 'emma_169@test.org');
INSERT INTO customer (ID, fullName, phoneNumber, email) VALUES (170, 'Ava_170', '650-1674-3494', 'ava_170@demo.net');
INSERT INTO customer (ID, fullName, phoneNumber, email) VALUES (171, 'Sophia_171', '454-3841-3585', 'sophia_171@example.com');
INSERT INTO customer (ID, fullName, phoneNumber, email) VALUES (172, 'Emma_172', '297-7445-7505', 'emma_172@test.org');
INSERT INTO customer (ID, fullName, phoneNumber, email) VALUES (173, 'David_173', '694-8258-8261', 'david_173@demo.net');
INSERT INTO customer (ID, fullName, phoneNumber, email) VALUES (174, 'David_174', '615-1884-5148', 'david_174@example.com');
INSERT INTO customer (ID, fullName, phoneNumber, email) VALUES (175, 'Olivia_175', '952-4606-5635', 'olivia_175@example.com');
INSERT INTO customer (ID, fullName, phoneNumber, email) VALUES (176, 'Emma_176', '112-3165-2270', 'emma_176@example.com');
INSERT INTO customer (ID, fullName, phoneNumber, email) VALUES (177, 'Liam_177', '447-9559-3960', 'liam_177@demo.net');
INSERT INTO customer (ID, fullName, phoneNumber, email) VALUES (178, 'Emma_178', '756-3686-2087', 'emma_178@test.org');
INSERT INTO customer (ID, fullName, phoneNumber, email) VALUES (179, 'Bob_179', '164-9695-4844', 'bob_179@mail.com');
INSERT INTO customer (ID, fullName, phoneNumber, email) VALUES (180, 'Alice_180', '553-9017-6712', 'alice_180@example.com');
INSERT INTO customer (ID, fullName, phoneNumber, email) VALUES (181, 'Sophia_181', '161-5747-8846', 'sophia_181@test.org');
INSERT INTO customer (ID, fullName, phoneNumber, email) VALUES (182, 'David_182', '823-3288-8365', 'david_182@demo.net');
INSERT INTO customer (ID, fullName, phoneNumber, email) VALUES (183, 'David_183', '290-6164-5228', 'david_183@example.com');
INSERT INTO customer (ID, fullName, phoneNumber, email) VALUES (184, 'Liam_184', '723-5894-7353', 'liam_184@example.com');
INSERT INTO customer (ID, fullName, phoneNumber, email) VALUES (185, 'Ava_185', '728-9643-3000', 'ava_185@test.org');
INSERT INTO customer (ID, fullName, phoneNumber, email) VALUES (186, 'Olivia_186', '206-4741-2217', 'olivia_186@test.org');
INSERT INTO customer (ID, fullName, phoneNumber, email) VALUES (187, 'Emma_187', '899-2036-2147', 'emma_187@example.com');
INSERT INTO customer (ID, fullName, phoneNumber, email) VALUES (188, 'Emma_188', '667-5426-6979', 'emma_188@test.org');
INSERT INTO customer (ID, fullName, phoneNumber, email) VALUES (189, 'Sophia_189', '197-2672-5403', 'sophia_189@mail.com');
INSERT INTO customer (ID, fullName, phoneNumber, email) VALUES (190, 'Sophia_190', '810-5521-4362', 'sophia_190@mail.com');
INSERT INTO customer (ID, fullName, phoneNumber, email) VALUES (191, 'Noah_191', '387-2534-1682', 'noah_191@test.org');
INSERT INTO customer (ID, fullName, phoneNumber, email) VALUES (192, 'Olivia_192', '385-6927-6152', 'olivia_192@demo.net');
INSERT INTO customer (ID, fullName, phoneNumber, email) VALUES (193, 'Emma_193', '742-3123-8573', 'emma_193@mail.com');
INSERT INTO customer (ID, fullName, phoneNumber, email) VALUES (194, 'Alice_194', '177-8636-4615', 'alice_194@mail.com');
INSERT INTO customer (ID, fullName, phoneNumber, email) VALUES (195, 'Bob_195', '993-5921-6445', 'bob_195@mail.com');
INSERT INTO customer (ID, fullName, phoneNumber, email) VALUES (196, 'Alice_196', '997-6884-7536', 'alice_196@mail.com');
INSERT INTO customer (ID, fullName, phoneNumber, email) VALUES (197, 'Liam_197', '629-1579-5105', 'liam_197@mail.com');
INSERT INTO customer (ID, fullName, phoneNumber, email) VALUES (198, 'Alice_198', '508-7167-8051', 'alice_198@example.com');
INSERT INTO customer (ID, fullName, phoneNumber, email) VALUES (199, 'Emma_199', '733-7856-8225', 'emma_199@example.com');
INSERT INTO customer (ID, fullName, phoneNumber, email) VALUES (200, 'Noah_200', '272-8930-9030', 'noah_200@example.com');
INSERT INTO customer (ID, fullName, phoneNumber, email) VALUES (201, 'Emma_201', '147-6638-4781', 'emma_201@test.org');
INSERT INTO customer (ID, fullName, phoneNumber, email) VALUES (202, 'Emma_202', '158-5900-1240', 'emma_202@example.com');
INSERT INTO customer (ID, fullName, phoneNumber, email) VALUES (203, 'Noah_203', '637-9711-4025', 'noah_203@mail.com');

-- Inserting data into guide
INSERT INTO guide (guideID, guideName, phoneNumber) VALUES (4, 'Guide_4', '739-5533-7423');
INSERT INTO guide (guideID, guideName, phoneNumber) VALUES (5, 'Guide_5', '404-4810-9362');
INSERT INTO guide (guideID, guideName, phoneNumber) VALUES (6, 'Guide_6', '569-6984-8779');
INSERT INTO guide (guideID, guideName, phoneNumber) VALUES (7, 'Guide_7', '524-6686-6749');
INSERT INTO guide (guideID, guideName, phoneNumber) VALUES (8, 'Guide_8', '964-6161-5795');
INSERT INTO guide (guideID, guideName, phoneNumber) VALUES (9, 'Guide_9', '725-4087-7309');
INSERT INTO guide (guideID, guideName, phoneNumber) VALUES (10, 'Guide_10', '541-6184-7649');
INSERT INTO guide (guideID, guideName, phoneNumber) VALUES (11, 'Guide_11', '361-9875-4618');
INSERT INTO guide (guideID, guideName, phoneNumber) VALUES (12, 'Guide_12', '587-4227-1130');
INSERT INTO guide (guideID, guideName, phoneNumber) VALUES (13, 'Guide_13', '331-7291-4187');
INSERT INTO guide (guideID, guideName, phoneNumber) VALUES (14, 'Guide_14', '544-3596-1548');
INSERT INTO guide (guideID, guideName, phoneNumber) VALUES (15, 'Guide_15', '342-5386-8556');
INSERT INTO guide (guideID, guideName, phoneNumber) VALUES (16, 'Guide_16', '379-1720-1055');
INSERT INTO guide (guideID, guideName, phoneNumber) VALUES (17, 'Guide_17', '920-9529-8227');
INSERT INTO guide (guideID, guideName, phoneNumber) VALUES (18, 'Guide_18', '298-6005-4104');
INSERT INTO guide (guideID, guideName, phoneNumber) VALUES (19, 'Guide_19', '668-7999-3563');
INSERT INTO guide (guideID, guideName, phoneNumber) VALUES (20, 'Guide_20', '256-9896-2909');
INSERT INTO guide (guideID, guideName, phoneNumber) VALUES (21, 'Guide_21', '454-8014-6560');
INSERT INTO guide (guideID, guideName, phoneNumber) VALUES (22, 'Guide_22', '893-4588-2816');
INSERT INTO guide (guideID, guideName, phoneNumber) VALUES (23, 'Guide_23', '951-6356-8402');
INSERT INTO guide (guideID, guideName, phoneNumber) VALUES (24, 'Guide_24', '211-4217-1523');
INSERT INTO guide (guideID, guideName, phoneNumber) VALUES (25, 'Guide_25', '956-4872-9037');
INSERT INTO guide (guideID, guideName, phoneNumber) VALUES (26, 'Guide_26', '405-9893-7324');
INSERT INTO guide (guideID, guideName, phoneNumber) VALUES (27, 'Guide_27', '592-7412-4909');
INSERT INTO guide (guideID, guideName, phoneNumber) VALUES (28, 'Guide_28', '690-5442-1028');
INSERT INTO guide (guideID, guideName, phoneNumber) VALUES (29, 'Guide_29', '118-8771-9597');
INSERT INTO guide (guideID, guideName, phoneNumber) VALUES (30, 'Guide_30', '467-5217-1051');
INSERT INTO guide (guideID, guideName, phoneNumber) VALUES (31, 'Guide_31', '802-8474-4997');
INSERT INTO guide (guideID, guideName, phoneNumber) VALUES (32, 'Guide_32', '965-9817-6887');
INSERT INTO guide (guideID, guideName, phoneNumber) VALUES (33, 'Guide_33', '219-5556-1532');
INSERT INTO guide (guideID, guideName, phoneNumber) VALUES (34, 'Guide_34', '730-9010-4043');
INSERT INTO guide (guideID, guideName, phoneNumber) VALUES (35, 'Guide_35', '691-8935-8482');
INSERT INTO guide (guideID, guideName, phoneNumber) VALUES (36, 'Guide_36', '274-5076-4492');
INSERT INTO guide (guideID, guideName, phoneNumber) VALUES (37, 'Guide_37', '843-3553-6198');
INSERT INTO guide (guideID, guideName, phoneNumber) VALUES (38, 'Guide_38', '565-5675-2450');
INSERT INTO guide (guideID, guideName, phoneNumber) VALUES (39, 'Guide_39', '764-9385-2230');
INSERT INTO guide (guideID, guideName, phoneNumber) VALUES (40, 'Guide_40', '692-8448-5576');
INSERT INTO guide (guideID, guideName, phoneNumber) VALUES (41, 'Guide_41', '716-9234-7777');
INSERT INTO guide (guideID, guideName, phoneNumber) VALUES (42, 'Guide_42', '570-4330-2341');
INSERT INTO guide (guideID, guideName, phoneNumber) VALUES (43, 'Guide_43', '552-4251-8737');
INSERT INTO guide (guideID, guideName, phoneNumber) VALUES (44, 'Guide_44', '171-7751-4542');
INSERT INTO guide (guideID, guideName, phoneNumber) VALUES (45, 'Guide_45', '860-7933-9458');
INSERT INTO guide (guideID, guideName, phoneNumber) VALUES (46, 'Guide_46', '694-7221-7038');
INSERT INTO guide (guideID, guideName, phoneNumber) VALUES (47, 'Guide_47', '518-5514-1413');
INSERT INTO guide (guideID, guideName, phoneNumber) VALUES (48, 'Guide_48', '376-7740-7003');
INSERT INTO guide (guideID, guideName, phoneNumber) VALUES (49, 'Guide_49', '398-8548-5383');
INSERT INTO guide (guideID, guideName, phoneNumber) VALUES (50, 'Guide_50', '641-2981-8753');
INSERT INTO guide (guideID, guideName, phoneNumber) VALUES (51, 'Guide_51', '848-2169-9051');
INSERT INTO guide (guideID, guideName, phoneNumber) VALUES (52, 'Guide_52', '438-9612-6412');
INSERT INTO guide (guideID, guideName, phoneNumber) VALUES (53, 'Guide_53', '754-8919-8786');
INSERT INTO guide (guideID, guideName, phoneNumber) VALUES (54, 'Guide_54', '487-8471-9233');
INSERT INTO guide (guideID, guideName, phoneNumber) VALUES (55, 'Guide_55', '649-9395-5375');
INSERT INTO guide (guideID, guideName, phoneNumber) VALUES (56, 'Guide_56', '568-5558-1961');
INSERT INTO guide (guideID, guideName, phoneNumber) VALUES (57, 'Guide_57', '417-9831-1610');
INSERT INTO guide (guideID, guideName, phoneNumber) VALUES (58, 'Guide_58', '574-5979-3521');
INSERT INTO guide (guideID, guideName, phoneNumber) VALUES (59, 'Guide_59', '553-2790-8000');
INSERT INTO guide (guideID, guideName, phoneNumber) VALUES (60, 'Guide_60', '437-3652-4134');
INSERT INTO guide (guideID, guideName, phoneNumber) VALUES (61, 'Guide_61', '520-7061-3696');
INSERT INTO guide (guideID, guideName, phoneNumber) VALUES (62, 'Guide_62', '602-9673-9481');
INSERT INTO guide (guideID, guideName, phoneNumber) VALUES (63, 'Guide_63', '282-5388-6096');
INSERT INTO guide (guideID, guideName, phoneNumber) VALUES (64, 'Guide_64', '351-4303-6731');
INSERT INTO guide (guideID, guideName, phoneNumber) VALUES (65, 'Guide_65', '918-8986-8970');
INSERT INTO guide (guideID, guideName, phoneNumber) VALUES (66, 'Guide_66', '322-8469-1036');
INSERT INTO guide (guideID, guideName, phoneNumber) VALUES (67, 'Guide_67', '573-3554-7618');
INSERT INTO guide (guideID, guideName, phoneNumber) VALUES (68, 'Guide_68', '821-6728-6377');
INSERT INTO guide (guideID, guideName, phoneNumber) VALUES (69, 'Guide_69', '255-3065-4368');
INSERT INTO guide (guideID, guideName, phoneNumber) VALUES (70, 'Guide_70', '673-4592-2338');
INSERT INTO guide (guideID, guideName, phoneNumber) VALUES (71, 'Guide_71', '468-7083-1537');
INSERT INTO guide (guideID, guideName, phoneNumber) VALUES (72, 'Guide_72', '629-1808-4456');
INSERT INTO guide (guideID, guideName, phoneNumber) VALUES (73, 'Guide_73', '527-5972-8789');
INSERT INTO guide (guideID, guideName, phoneNumber) VALUES (74, 'Guide_74', '210-2876-3707');
INSERT INTO guide (guideID, guideName, phoneNumber) VALUES (75, 'Guide_75', '486-8982-4056');
INSERT INTO guide (guideID, guideName, phoneNumber) VALUES (76, 'Guide_76', '913-8031-5477');
INSERT INTO guide (guideID, guideName, phoneNumber) VALUES (77, 'Guide_77', '366-5713-8097');
INSERT INTO guide (guideID, guideName, phoneNumber) VALUES (78, 'Guide_78', '777-6385-8529');
INSERT INTO guide (guideID, guideName, phoneNumber) VALUES (79, 'Guide_79', '118-7245-2957');
INSERT INTO guide (guideID, guideName, phoneNumber) VALUES (80, 'Guide_80', '771-2519-3224');
INSERT INTO guide (guideID, guideName, phoneNumber) VALUES (81, 'Guide_81', '731-7038-3174');
INSERT INTO guide (guideID, guideName, phoneNumber) VALUES (82, 'Guide_82', '446-7192-2315');
INSERT INTO guide (guideID, guideName, phoneNumber) VALUES (83, 'Guide_83', '447-3297-6012');
INSERT INTO guide (guideID, guideName, phoneNumber) VALUES (84, 'Guide_84', '525-1955-7539');
INSERT INTO guide (guideID, guideName, phoneNumber) VALUES (85, 'Guide_85', '745-6543-4723');
INSERT INTO guide (guideID, guideName, phoneNumber) VALUES (86, 'Guide_86', '505-5078-9366');
INSERT INTO guide (guideID, guideName, phoneNumber) VALUES (87, 'Guide_87', '737-6493-1563');
INSERT INTO guide (guideID, guideName, phoneNumber) VALUES (88, 'Guide_88', '577-5227-1025');
INSERT INTO guide (guideID, guideName, phoneNumber) VALUES (89, 'Guide_89', '907-3053-3895');
INSERT INTO guide (guideID, guideName, phoneNumber) VALUES (90, 'Guide_90', '704-1469-2088');
INSERT INTO guide (guideID, guideName, phoneNumber) VALUES (91, 'Guide_91', '658-3585-4009');
INSERT INTO guide (guideID, guideName, phoneNumber) VALUES (92, 'Guide_92', '564-8910-1101');
INSERT INTO guide (guideID, guideName, phoneNumber) VALUES (93, 'Guide_93', '800-7986-2301');
INSERT INTO guide (guideID, guideName, phoneNumber) VALUES (94, 'Guide_94', '681-9934-9210');
INSERT INTO guide (guideID, guideName, phoneNumber) VALUES (95, 'Guide_95', '696-3762-2715');
INSERT INTO guide (guideID, guideName, phoneNumber) VALUES (96, 'Guide_96', '548-2110-1593');
INSERT INTO guide (guideID, guideName, phoneNumber) VALUES (97, 'Guide_97', '486-1596-3393');
INSERT INTO guide (guideID, guideName, phoneNumber) VALUES (98, 'Guide_98', '504-7586-3143');
INSERT INTO guide (guideID, guideName, phoneNumber) VALUES (99, 'Guide_99', '897-9025-6222');
INSERT INTO guide (guideID, guideName, phoneNumber) VALUES (100, 'Guide_100', '384-3589-5107');
INSERT INTO guide (guideID, guideName, phoneNumber) VALUES (101, 'Guide_101', '343-1226-3075');
INSERT INTO guide (guideID, guideName, phoneNumber) VALUES (102, 'Guide_102', '917-4050-4058');
INSERT INTO guide (guideID, guideName, phoneNumber) VALUES (103, 'Guide_103', '432-5128-4246');
INSERT INTO guide (guideID, guideName, phoneNumber) VALUES (104, 'Guide_104', '213-4940-7821');
INSERT INTO guide (guideID, guideName, phoneNumber) VALUES (105, 'Guide_105', '136-2644-5149');
INSERT INTO guide (guideID, guideName, phoneNumber) VALUES (106, 'Guide_106', '191-1825-8973');
INSERT INTO guide (guideID, guideName, phoneNumber) VALUES (107, 'Guide_107', '706-5440-2141');
INSERT INTO guide (guideID, guideName, phoneNumber) VALUES (108, 'Guide_108', '473-7550-4658');
INSERT INTO guide (guideID, guideName, phoneNumber) VALUES (109, 'Guide_109', '242-3765-7053');
INSERT INTO guide (guideID, guideName, phoneNumber) VALUES (110, 'Guide_110', '978-7867-9308');
INSERT INTO guide (guideID, guideName, phoneNumber) VALUES (111, 'Guide_111', '785-2956-6627');
INSERT INTO guide (guideID, guideName, phoneNumber) VALUES (112, 'Guide_112', '637-1962-9718');
INSERT INTO guide (guideID, guideName, phoneNumber) VALUES (113, 'Guide_113', '176-2459-9324');
INSERT INTO guide (guideID, guideName, phoneNumber) VALUES (114, 'Guide_114', '162-9072-3224');
INSERT INTO guide (guideID, guideName, phoneNumber) VALUES (115, 'Guide_115', '638-1938-8085');
INSERT INTO guide (guideID, guideName, phoneNumber) VALUES (116, 'Guide_116', '957-8967-6816');
INSERT INTO guide (guideID, guideName, phoneNumber) VALUES (117, 'Guide_117', '860-4889-1614');
INSERT INTO guide (guideID, guideName, phoneNumber) VALUES (118, 'Guide_118', '239-6860-3126');
INSERT INTO guide (guideID, guideName, phoneNumber) VALUES (119, 'Guide_119', '753-7674-9703');
INSERT INTO guide (guideID, guideName, phoneNumber) VALUES (120, 'Guide_120', '393-8296-8530');
INSERT INTO guide (guideID, guideName, phoneNumber) VALUES (121, 'Guide_121', '680-5007-1150');
INSERT INTO guide (guideID, guideName, phoneNumber) VALUES (122, 'Guide_122', '617-8292-6120');
INSERT INTO guide (guideID, guideName, phoneNumber) VALUES (123, 'Guide_123', '590-1283-6470');
INSERT INTO guide (guideID, guideName, phoneNumber) VALUES (124, 'Guide_124', '114-9214-7731');
INSERT INTO guide (guideID, guideName, phoneNumber) VALUES (125, 'Guide_125', '227-3134-8967');
INSERT INTO guide (guideID, guideName, phoneNumber) VALUES (126, 'Guide_126', '837-2500-7397');
INSERT INTO guide (guideID, guideName, phoneNumber) VALUES (127, 'Guide_127', '618-9345-3908');
INSERT INTO guide (guideID, guideName, phoneNumber) VALUES (128, 'Guide_128', '840-4058-8757');
INSERT INTO guide (guideID, guideName, phoneNumber) VALUES (129, 'Guide_129', '328-9169-6664');
INSERT INTO guide (guideID, guideName, phoneNumber) VALUES (130, 'Guide_130', '987-4063-5675');
INSERT INTO guide (guideID, guideName, phoneNumber) VALUES (131, 'Guide_131', '360-8375-1268');
INSERT INTO guide (guideID, guideName, phoneNumber) VALUES (132, 'Guide_132', '841-6039-2505');
INSERT INTO guide (guideID, guideName, phoneNumber) VALUES (133, 'Guide_133', '246-5291-5917');
INSERT INTO guide (guideID, guideName, phoneNumber) VALUES (134, 'Guide_134', '927-4627-2643');
INSERT INTO guide (guideID, guideName, phoneNumber) VALUES (135, 'Guide_135', '982-4513-6178');
INSERT INTO guide (guideID, guideName, phoneNumber) VALUES (136, 'Guide_136', '655-3425-8907');
INSERT INTO guide (guideID, guideName, phoneNumber) VALUES (137, 'Guide_137', '432-2946-7004');
INSERT INTO guide (guideID, guideName, phoneNumber) VALUES (138, 'Guide_138', '796-2149-4338');
INSERT INTO guide (guideID, guideName, phoneNumber) VALUES (139, 'Guide_139', '620-2522-3144');
INSERT INTO guide (guideID, guideName, phoneNumber) VALUES (140, 'Guide_140', '856-1538-1009');
INSERT INTO guide (guideID, guideName, phoneNumber) VALUES (141, 'Guide_141', '334-8680-5079');
INSERT INTO guide (guideID, guideName, phoneNumber) VALUES (142, 'Guide_142', '940-6403-7371');
INSERT INTO guide (guideID, guideName, phoneNumber) VALUES (143, 'Guide_143', '525-9497-5655');
INSERT INTO guide (guideID, guideName, phoneNumber) VALUES (144, 'Guide_144', '229-9389-5509');
INSERT INTO guide (guideID, guideName, phoneNumber) VALUES (145, 'Guide_145', '383-1918-5961');
INSERT INTO guide (guideID, guideName, phoneNumber) VALUES (146, 'Guide_146', '437-1904-3162');
INSERT INTO guide (guideID, guideName, phoneNumber) VALUES (147, 'Guide_147', '300-8756-7713');
INSERT INTO guide (guideID, guideName, phoneNumber) VALUES (148, 'Guide_148', '710-8167-3794');
INSERT INTO guide (guideID, guideName, phoneNumber) VALUES (149, 'Guide_149', '155-7683-8532');
INSERT INTO guide (guideID, guideName, phoneNumber) VALUES (150, 'Guide_150', '496-9080-1288');
INSERT INTO guide (guideID, guideName, phoneNumber) VALUES (151, 'Guide_151', '657-9123-3450');
INSERT INTO guide (guideID, guideName, phoneNumber) VALUES (152, 'Guide_152', '503-1690-1567');
INSERT INTO guide (guideID, guideName, phoneNumber) VALUES (153, 'Guide_153', '734-3518-2630');
INSERT INTO guide (guideID, guideName, phoneNumber) VALUES (154, 'Guide_154', '455-5477-8043');
INSERT INTO guide (guideID, guideName, phoneNumber) VALUES (155, 'Guide_155', '554-8612-4004');
INSERT INTO guide (guideID, guideName, phoneNumber) VALUES (156, 'Guide_156', '592-2119-3435');
INSERT INTO guide (guideID, guideName, phoneNumber) VALUES (157, 'Guide_157', '495-9484-7684');
INSERT INTO guide (guideID, guideName, phoneNumber) VALUES (158, 'Guide_158', '166-9943-5624');
INSERT INTO guide (guideID, guideName, phoneNumber) VALUES (159, 'Guide_159', '206-1736-5976');
INSERT INTO guide (guideID, guideName, phoneNumber) VALUES (160, 'Guide_160', '273-2053-9417');
INSERT INTO guide (guideID, guideName, phoneNumber) VALUES (161, 'Guide_161', '294-4299-2172');
INSERT INTO guide (guideID, guideName, phoneNumber) VALUES (162, 'Guide_162', '316-1303-8876');
INSERT INTO guide (guideID, guideName, phoneNumber) VALUES (163, 'Guide_163', '194-5500-4598');
INSERT INTO guide (guideID, guideName, phoneNumber) VALUES (164, 'Guide_164', '437-6913-5687');
INSERT INTO guide (guideID, guideName, phoneNumber) VALUES (165, 'Guide_165', '345-7961-7021');
INSERT INTO guide (guideID, guideName, phoneNumber) VALUES (166, 'Guide_166', '653-5783-2623');
INSERT INTO guide (guideID, guideName, phoneNumber) VALUES (167, 'Guide_167', '720-5055-9649');
INSERT INTO guide (guideID, guideName, phoneNumber) VALUES (168, 'Guide_168', '265-8752-2987');
INSERT INTO guide (guideID, guideName, phoneNumber) VALUES (169, 'Guide_169', '525-7353-1089');
INSERT INTO guide (guideID, guideName, phoneNumber) VALUES (170, 'Guide_170', '613-5054-3257');
INSERT INTO guide (guideID, guideName, phoneNumber) VALUES (171, 'Guide_171', '464-5566-8942');
INSERT INTO guide (guideID, guideName, phoneNumber) VALUES (172, 'Guide_172', '448-8954-6933');
INSERT INTO guide (guideID, guideName, phoneNumber) VALUES (173, 'Guide_173', '203-7522-1975');
INSERT INTO guide (guideID, guideName, phoneNumber) VALUES (174, 'Guide_174', '505-1839-1047');
INSERT INTO guide (guideID, guideName, phoneNumber) VALUES (175, 'Guide_175', '819-6795-7486');
INSERT INTO guide (guideID, guideName, phoneNumber) VALUES (176, 'Guide_176', '877-5602-7948');
INSERT INTO guide (guideID, guideName, phoneNumber) VALUES (177, 'Guide_177', '551-8905-8937');
INSERT INTO guide (guideID, guideName, phoneNumber) VALUES (178, 'Guide_178', '653-1423-1724');
INSERT INTO guide (guideID, guideName, phoneNumber) VALUES (179, 'Guide_179', '712-7747-1332');
INSERT INTO guide (guideID, guideName, phoneNumber) VALUES (180, 'Guide_180', '562-2736-4187');
INSERT INTO guide (guideID, guideName, phoneNumber) VALUES (181, 'Guide_181', '730-8010-5246');
INSERT INTO guide (guideID, guideName, phoneNumber) VALUES (182, 'Guide_182', '429-7819-6052');
INSERT INTO guide (guideID, guideName, phoneNumber) VALUES (183, 'Guide_183', '831-3582-6985');
INSERT INTO guide (guideID, guideName, phoneNumber) VALUES (184, 'Guide_184', '306-4401-1694');
INSERT INTO guide (guideID, guideName, phoneNumber) VALUES (185, 'Guide_185', '953-4129-8287');
INSERT INTO guide (guideID, guideName, phoneNumber) VALUES (186, 'Guide_186', '398-7168-3494');
INSERT INTO guide (guideID, guideName, phoneNumber) VALUES (187, 'Guide_187', '480-4593-2403');
INSERT INTO guide (guideID, guideName, phoneNumber) VALUES (188, 'Guide_188', '914-3514-5412');
INSERT INTO guide (guideID, guideName, phoneNumber) VALUES (189, 'Guide_189', '540-6814-1187');
INSERT INTO guide (guideID, guideName, phoneNumber) VALUES (190, 'Guide_190', '730-8193-9447');
INSERT INTO guide (guideID, guideName, phoneNumber) VALUES (191, 'Guide_191', '803-5958-3666');
INSERT INTO guide (guideID, guideName, phoneNumber) VALUES (192, 'Guide_192', '247-2550-6479');
INSERT INTO guide (guideID, guideName, phoneNumber) VALUES (193, 'Guide_193', '737-7358-4611');
INSERT INTO guide (guideID, guideName, phoneNumber) VALUES (194, 'Guide_194', '673-2249-3548');
INSERT INTO guide (guideID, guideName, phoneNumber) VALUES (195, 'Guide_195', '493-3046-9416');
INSERT INTO guide (guideID, guideName, phoneNumber) VALUES (196, 'Guide_196', '977-8898-7814');
INSERT INTO guide (guideID, guideName, phoneNumber) VALUES (197, 'Guide_197', '757-1927-2636');
INSERT INTO guide (guideID, guideName, phoneNumber) VALUES (198, 'Guide_198', '264-7585-6370');
INSERT INTO guide (guideID, guideName, phoneNumber) VALUES (199, 'Guide_199', '960-7523-7185');
INSERT INTO guide (guideID, guideName, phoneNumber) VALUES (200, 'Guide_200', '386-5870-3558');
INSERT INTO guide (guideID, guideName, phoneNumber) VALUES (201, 'Guide_201', '510-6476-4459');
INSERT INTO guide (guideID, guideName, phoneNumber) VALUES (202, 'Guide_202', '408-8005-3134');
INSERT INTO guide (guideID, guideName, phoneNumber) VALUES (203, 'Guide_203', '428-4944-7957');

-- Inserting data into destination
INSERT INTO destination (zipCode, country, address) VALUES (1004, 'Canada', 'Main St 123');
INSERT INTO destination (zipCode, country, address) VALUES (1005, 'Germany', '5th Avenue 987');
INSERT INTO destination (zipCode, country, address) VALUES (1006, 'Japan', 'Baker St 221B');
INSERT INTO destination (zipCode, country, address) VALUES (1007, 'Japan', '5th Avenue 987');
INSERT INTO destination (zipCode, country, address) VALUES (1008, 'France', 'Baker St 221B');
INSERT INTO destination (zipCode, country, address) VALUES (1009, 'USA', 'High St 456');
INSERT INTO destination (zipCode, country, address) VALUES (1010, 'Japan', 'Main St 123');
INSERT INTO destination (zipCode, country, address) VALUES (1011, 'Canada', 'High St 456');
INSERT INTO destination (zipCode, country, address) VALUES (1012, 'USA', 'Main St 123');
INSERT INTO destination (zipCode, country, address) VALUES (1013, 'Japan', 'Sunset Blvd 100');
INSERT INTO destination (zipCode, country, address) VALUES (1014, 'Canada', 'Baker St 221B');
INSERT INTO destination (zipCode, country, address) VALUES (1015, 'USA', 'Main St 123');
INSERT INTO destination (zipCode, country, address) VALUES (1016, 'France', 'Main St 123');
INSERT INTO destination (zipCode, country, address) VALUES (1017, 'Japan', '5th Avenue 987');
INSERT INTO destination (zipCode, country, address) VALUES (1018, 'Germany', '5th Avenue 987');
INSERT INTO destination (zipCode, country, address) VALUES (1019, 'France', 'Sunset Blvd 100');
INSERT INTO destination (zipCode, country, address) VALUES (1020, 'Germany', 'Main St 123');
INSERT INTO destination (zipCode, country, address) VALUES (1021, 'France', 'Sunset Blvd 100');
INSERT INTO destination (zipCode, country, address) VALUES (1022, 'Japan', 'Main St 123');
INSERT INTO destination (zipCode, country, address) VALUES (1023, 'USA', 'Baker St 221B');
INSERT INTO destination (zipCode, country, address) VALUES (1024, 'Japan', 'Baker St 221B');
INSERT INTO destination (zipCode, country, address) VALUES (1025, 'USA', 'High St 456');
INSERT INTO destination (zipCode, country, address) VALUES (1026, 'Germany', 'Main St 123');
INSERT INTO destination (zipCode, country, address) VALUES (1027, 'Germany', '5th Avenue 987');
INSERT INTO destination (zipCode, country, address) VALUES (1028, 'USA', 'Baker St 221B');
INSERT INTO destination (zipCode, country, address) VALUES (1029, 'France', '5th Avenue 987');
INSERT INTO destination (zipCode, country, address) VALUES (1030, 'Japan', 'Baker St 221B');
INSERT INTO destination (zipCode, country, address) VALUES (1031, 'Japan', 'Sunset Blvd 100');
INSERT INTO destination (zipCode, country, address) VALUES (1032, 'Germany', 'Main St 123');
INSERT INTO destination (zipCode, country, address) VALUES (1033, 'Canada', '5th Avenue 987');
INSERT INTO destination (zipCode, country, address) VALUES (1034, 'USA', '5th Avenue 987');
INSERT INTO destination (zipCode, country, address) VALUES (1035, 'Canada', 'Sunset Blvd 100');
INSERT INTO destination (zipCode, country, address) VALUES (1036, 'Canada', 'Main St 123');
INSERT INTO destination (zipCode, country, address) VALUES (1037, 'Germany', 'Baker St 221B');
INSERT INTO destination (zipCode, country, address) VALUES (1038, 'USA', 'High St 456');
INSERT INTO destination (zipCode, country, address) VALUES (1039, 'Germany', 'Main St 123');
INSERT INTO destination (zipCode, country, address) VALUES (1040, 'France', '5th Avenue 987');
INSERT INTO destination (zipCode, country, address) VALUES (1041, 'USA', 'Main St 123');
INSERT INTO destination (zipCode, country, address) VALUES (1042, 'Canada', '5th Avenue 987');
INSERT INTO destination (zipCode, country, address) VALUES (1043, 'France', '5th Avenue 987');
INSERT INTO destination (zipCode, country, address) VALUES (1044, 'Germany', 'Main St 123');
INSERT INTO destination (zipCode, country, address) VALUES (1045, 'Germany', '5th Avenue 987');
INSERT INTO destination (zipCode, country, address) VALUES (1046, 'USA', '5th Avenue 987');
INSERT INTO destination (zipCode, country, address) VALUES (1047, 'USA', '5th Avenue 987');
INSERT INTO destination (zipCode, country, address) VALUES (1048, 'Germany', 'Baker St 221B');
INSERT INTO destination (zipCode, country, address) VALUES (1049, 'Japan', 'High St 456');
INSERT INTO destination (zipCode, country, address) VALUES (1050, 'Canada', 'Main St 123');
INSERT INTO destination (zipCode, country, address) VALUES (1051, 'Canada', 'Baker St 221B');
INSERT INTO destination (zipCode, country, address) VALUES (1052, 'USA', 'Main St 123');
INSERT INTO destination (zipCode, country, address) VALUES (1053, 'Germany', 'Baker St 221B');
INSERT INTO destination (zipCode, country, address) VALUES (1054, 'Germany', '5th Avenue 987');
INSERT INTO destination (zipCode, country, address) VALUES (1055, 'USA', 'Baker St 221B');
INSERT INTO destination (zipCode, country, address) VALUES (1056, 'Canada', 'Main St 123');
INSERT INTO destination (zipCode, country, address) VALUES (1057, 'Japan', 'Sunset Blvd 100');
INSERT INTO destination (zipCode, country, address) VALUES (1058, 'France', 'Sunset Blvd 100');
INSERT INTO destination (zipCode, country, address) VALUES (1059, 'Japan', '5th Avenue 987');
INSERT INTO destination (zipCode, country, address) VALUES (1060, 'France', '5th Avenue 987');
INSERT INTO destination (zipCode, country, address) VALUES (1061, 'Germany', 'High St 456');
INSERT INTO destination (zipCode, country, address) VALUES (1062, 'Germany', 'Sunset Blvd 100');
INSERT INTO destination (zipCode, country, address) VALUES (1063, 'France', 'Baker St 221B');
INSERT INTO destination (zipCode, country, address) VALUES (1064, 'Germany', 'Main St 123');
INSERT INTO destination (zipCode, country, address) VALUES (1065, 'Japan', 'High St 456');
INSERT INTO destination (zipCode, country, address) VALUES (1066, 'France', 'Main St 123');
INSERT INTO destination (zipCode, country, address) VALUES (1067, 'Germany', 'Main St 123');
INSERT INTO destination (zipCode, country, address) VALUES (1068, 'USA', '5th Avenue 987');
INSERT INTO destination (zipCode, country, address) VALUES (1069, 'Germany', 'Main St 123');
INSERT INTO destination (zipCode, country, address) VALUES (1070, 'Germany', '5th Avenue 987');
INSERT INTO destination (zipCode, country, address) VALUES (1071, 'France', '5th Avenue 987');
INSERT INTO destination (zipCode, country, address) VALUES (1072, 'Canada', 'Sunset Blvd 100');
INSERT INTO destination (zipCode, country, address) VALUES (1073, 'USA', 'Baker St 221B');
INSERT INTO destination (zipCode, country, address) VALUES (1074, 'Canada', 'Main St 123');
INSERT INTO destination (zipCode, country, address) VALUES (1075, 'USA', 'Sunset Blvd 100');
INSERT INTO destination (zipCode, country, address) VALUES (1076, 'USA', 'Baker St 221B');
INSERT INTO destination (zipCode, country, address) VALUES (1077, 'USA', 'Main St 123');
INSERT INTO destination (zipCode, country, address) VALUES (1078, 'Germany', 'High St 456');
INSERT INTO destination (zipCode, country, address) VALUES (1079, 'USA', '5th Avenue 987');
INSERT INTO destination (zipCode, country, address) VALUES (1080, 'USA', 'Main St 123');
INSERT INTO destination (zipCode, country, address) VALUES (1081, 'Canada', 'Sunset Blvd 100');
INSERT INTO destination (zipCode, country, address) VALUES (1082, 'France', 'Main St 123');
INSERT INTO destination (zipCode, country, address) VALUES (1083, 'France', 'Sunset Blvd 100');
INSERT INTO destination (zipCode, country, address) VALUES (1084, 'USA', 'High St 456');
INSERT INTO destination (zipCode, country, address) VALUES (1085, 'Canada', '5th Avenue 987');
INSERT INTO destination (zipCode, country, address) VALUES (1086, 'Canada', '5th Avenue 987');
INSERT INTO destination (zipCode, country, address) VALUES (1087, 'Japan', 'Baker St 221B');
INSERT INTO destination (zipCode, country, address) VALUES (1088, 'Germany', 'Main St 123');
INSERT INTO destination (zipCode, country, address) VALUES (1089, 'France', 'Main St 123');
INSERT INTO destination (zipCode, country, address) VALUES (1090, 'Germany', 'Main St 123');
INSERT INTO destination (zipCode, country, address) VALUES (1091, 'Japan', 'High St 456');
INSERT INTO destination (zipCode, country, address) VALUES (1092, 'Canada', 'Baker St 221B');
INSERT INTO destination (zipCode, country, address) VALUES (1093, 'USA', 'Sunset Blvd 100');
INSERT INTO destination (zipCode, country, address) VALUES (1094, 'France', 'Main St 123');
INSERT INTO destination (zipCode, country, address) VALUES (1095, 'USA', '5th Avenue 987');
INSERT INTO destination (zipCode, country, address) VALUES (1096, 'France', 'Baker St 221B');
INSERT INTO destination (zipCode, country, address) VALUES (1097, 'Japan', 'Sunset Blvd 100');
INSERT INTO destination (zipCode, country, address) VALUES (1098, 'Germany', 'High St 456');
INSERT INTO destination (zipCode, country, address) VALUES (1099, 'Japan', '5th Avenue 987');
INSERT INTO destination (zipCode, country, address) VALUES (1100, 'Germany', 'Baker St 221B');
INSERT INTO destination (zipCode, country, address) VALUES (1101, 'Canada', 'Baker St 221B');
INSERT INTO destination (zipCode, country, address) VALUES (1102, 'Japan', 'Baker St 221B');
INSERT INTO destination (zipCode, country, address) VALUES (1103, 'Japan', 'Baker St 221B');
INSERT INTO destination (zipCode, country, address) VALUES (1104, 'USA', 'Main St 123');
INSERT INTO destination (zipCode, country, address) VALUES (1105, 'Germany', 'High St 456');
INSERT INTO destination (zipCode, country, address) VALUES (1106, 'Germany', 'High St 456');
INSERT INTO destination (zipCode, country, address) VALUES (1107, 'Canada', '5th Avenue 987');
INSERT INTO destination (zipCode, country, address) VALUES (1108, 'USA', 'Main St 123');
INSERT INTO destination (zipCode, country, address) VALUES (1109, 'Germany', 'Sunset Blvd 100');
INSERT INTO destination (zipCode, country, address) VALUES (1110, 'Germany', '5th Avenue 987');
INSERT INTO destination (zipCode, country, address) VALUES (1111, 'USA', 'Baker St 221B');
INSERT INTO destination (zipCode, country, address) VALUES (1112, 'USA', 'High St 456');
INSERT INTO destination (zipCode, country, address) VALUES (1113, 'France', 'Baker St 221B');
INSERT INTO destination (zipCode, country, address) VALUES (1114, 'Japan', 'Baker St 221B');
INSERT INTO destination (zipCode, country, address) VALUES (1115, 'USA', 'High St 456');
INSERT INTO destination (zipCode, country, address) VALUES (1116, 'France', 'High St 456');
INSERT INTO destination (zipCode, country, address) VALUES (1117, 'France', '5th Avenue 987');
INSERT INTO destination (zipCode, country, address) VALUES (1118, 'USA', '5th Avenue 987');
INSERT INTO destination (zipCode, country, address) VALUES (1119, 'Canada', 'Main St 123');
INSERT INTO destination (zipCode, country, address) VALUES (1120, 'Canada', '5th Avenue 987');
INSERT INTO destination (zipCode, country, address) VALUES (1121, 'Canada', 'High St 456');
INSERT INTO destination (zipCode, country, address) VALUES (1122, 'Japan', 'Baker St 221B');
INSERT INTO destination (zipCode, country, address) VALUES (1123, 'Canada', 'Main St 123');
INSERT INTO destination (zipCode, country, address) VALUES (1124, 'USA', 'Sunset Blvd 100');
INSERT INTO destination (zipCode, country, address) VALUES (1125, 'Germany', 'Baker St 221B');
INSERT INTO destination (zipCode, country, address) VALUES (1126, 'Canada', 'Main St 123');
INSERT INTO destination (zipCode, country, address) VALUES (1127, 'USA', '5th Avenue 987');
INSERT INTO destination (zipCode, country, address) VALUES (1128, 'France', 'High St 456');
INSERT INTO destination (zipCode, country, address) VALUES (1129, 'Canada', 'Main St 123');
INSERT INTO destination (zipCode, country, address) VALUES (1130, 'France', 'High St 456');
INSERT INTO destination (zipCode, country, address) VALUES (1131, 'Germany', 'Baker St 221B');
INSERT INTO destination (zipCode, country, address) VALUES (1132, 'France', 'Baker St 221B');
INSERT INTO destination (zipCode, country, address) VALUES (1133, 'Germany', 'High St 456');
INSERT INTO destination (zipCode, country, address) VALUES (1134, 'Germany', '5th Avenue 987');
INSERT INTO destination (zipCode, country, address) VALUES (1135, 'USA', '5th Avenue 987');
INSERT INTO destination (zipCode, country, address) VALUES (1136, 'Canada', 'Sunset Blvd 100');
INSERT INTO destination (zipCode, country, address) VALUES (1137, 'USA', 'High St 456');
INSERT INTO destination (zipCode, country, address) VALUES (1138, 'Canada', '5th Avenue 987');
INSERT INTO destination (zipCode, country, address) VALUES (1139, 'Germany', 'High St 456');
INSERT INTO destination (zipCode, country, address) VALUES (1140, 'USA', 'Main St 123');
INSERT INTO destination (zipCode, country, address) VALUES (1141, 'Japan', 'High St 456');
INSERT INTO destination (zipCode, country, address) VALUES (1142, 'Canada', 'Sunset Blvd 100');
INSERT INTO destination (zipCode, country, address) VALUES (1143, 'France', 'Sunset Blvd 100');
INSERT INTO destination (zipCode, country, address) VALUES (1144, 'Canada', '5th Avenue 987');
INSERT INTO destination (zipCode, country, address) VALUES (1145, 'Canada', 'Main St 123');
INSERT INTO destination (zipCode, country, address) VALUES (1146, 'France', 'High St 456');
INSERT INTO destination (zipCode, country, address) VALUES (1147, 'Canada', 'Sunset Blvd 100');
INSERT INTO destination (zipCode, country, address) VALUES (1148, 'Japan', 'High St 456');
INSERT INTO destination (zipCode, country, address) VALUES (1149, 'USA', '5th Avenue 987');
INSERT INTO destination (zipCode, country, address) VALUES (1150, 'France', 'High St 456');
INSERT INTO destination (zipCode, country, address) VALUES (1151, 'France', 'Sunset Blvd 100');
INSERT INTO destination (zipCode, country, address) VALUES (1152, 'USA', 'Sunset Blvd 100');
INSERT INTO destination (zipCode, country, address) VALUES (1153, 'Japan', 'Sunset Blvd 100');
INSERT INTO destination (zipCode, country, address) VALUES (1154, 'Japan', 'High St 456');
INSERT INTO destination (zipCode, country, address) VALUES (1155, 'France', '5th Avenue 987');
INSERT INTO destination (zipCode, country, address) VALUES (1156, 'USA', 'High St 456');
INSERT INTO destination (zipCode, country, address) VALUES (1157, 'USA', 'Baker St 221B');
INSERT INTO destination (zipCode, country, address) VALUES (1158, 'Japan', 'Main St 123');
INSERT INTO destination (zipCode, country, address) VALUES (1159, 'Germany', 'High St 456');
INSERT INTO destination (zipCode, country, address) VALUES (1160, 'Germany', 'High St 456');
INSERT INTO destination (zipCode, country, address) VALUES (1161, 'Japan', 'Sunset Blvd 100');
INSERT INTO destination (zipCode, country, address) VALUES (1162, 'Germany', 'High St 456');
INSERT INTO destination (zipCode, country, address) VALUES (1163, 'France', 'Sunset Blvd 100');
INSERT INTO destination (zipCode, country, address) VALUES (1164, 'France', 'High St 456');
INSERT INTO destination (zipCode, country, address) VALUES (1165, 'Japan', 'Baker St 221B');
INSERT INTO destination (zipCode, country, address) VALUES (1166, 'Germany', 'Main St 123');
INSERT INTO destination (zipCode, country, address) VALUES (1167, 'France', 'Sunset Blvd 100');
INSERT INTO destination (zipCode, country, address) VALUES (1168, 'Germany', 'Sunset Blvd 100');
INSERT INTO destination (zipCode, country, address) VALUES (1169, 'France', 'Sunset Blvd 100');
INSERT INTO destination (zipCode, country, address) VALUES (1170, 'France', 'Main St 123');
INSERT INTO destination (zipCode, country, address) VALUES (1171, 'Japan', 'Main St 123');
INSERT INTO destination (zipCode, country, address) VALUES (1172, 'Japan', 'High St 456');
INSERT INTO destination (zipCode, country, address) VALUES (1173, 'Canada', 'Baker St 221B');
INSERT INTO destination (zipCode, country, address) VALUES (1174, 'Germany', 'High St 456');
INSERT INTO destination (zipCode, country, address) VALUES (1175, 'France', 'Main St 123');
INSERT INTO destination (zipCode, country, address) VALUES (1176, 'Japan', 'High St 456');
INSERT INTO destination (zipCode, country, address) VALUES (1177, 'USA', '5th Avenue 987');
INSERT INTO destination (zipCode, country, address) VALUES (1178, 'USA', '5th Avenue 987');
INSERT INTO destination (zipCode, country, address) VALUES (1179, 'Canada', 'Sunset Blvd 100');
INSERT INTO destination (zipCode, country, address) VALUES (1180, 'Germany', 'Sunset Blvd 100');
INSERT INTO destination (zipCode, country, address) VALUES (1181, 'USA', 'Main St 123');
INSERT INTO destination (zipCode, country, address) VALUES (1182, 'Germany', 'Sunset Blvd 100');
INSERT INTO destination (zipCode, country, address) VALUES (1183, 'France', '5th Avenue 987');
INSERT INTO destination (zipCode, country, address) VALUES (1184, 'France', 'Baker St 221B');
INSERT INTO destination (zipCode, country, address) VALUES (1185, 'Canada', 'Main St 123');
INSERT INTO destination (zipCode, country, address) VALUES (1186, 'Japan', 'High St 456');
INSERT INTO destination (zipCode, country, address) VALUES (1187, 'Canada', 'Baker St 221B');
INSERT INTO destination (zipCode, country, address) VALUES (1188, 'Canada', 'Baker St 221B');
INSERT INTO destination (zipCode, country, address) VALUES (1189, 'USA', '5th Avenue 987');
INSERT INTO destination (zipCode, country, address) VALUES (1190, 'Japan', '5th Avenue 987');
INSERT INTO destination (zipCode, country, address) VALUES (1191, 'Japan', 'High St 456');
INSERT INTO destination (zipCode, country, address) VALUES (1192, 'Japan', 'Sunset Blvd 100');
INSERT INTO destination (zipCode, country, address) VALUES (1193, 'Germany', 'Main St 123');
INSERT INTO destination (zipCode, country, address) VALUES (1194, 'Germany', 'Baker St 221B');
INSERT INTO destination (zipCode, country, address) VALUES (1195, 'Germany', '5th Avenue 987');
INSERT INTO destination (zipCode, country, address) VALUES (1196, 'Japan', 'High St 456');
INSERT INTO destination (zipCode, country, address) VALUES (1197, 'USA', 'High St 456');
INSERT INTO destination (zipCode, country, address) VALUES (1198, 'Canada', 'Main St 123');
INSERT INTO destination (zipCode, country, address) VALUES (1199, 'Canada', 'Sunset Blvd 100');
INSERT INTO destination (zipCode, country, address) VALUES (1200, 'USA', 'High St 456');
INSERT INTO destination (zipCode, country, address) VALUES (1201, 'USA', 'Sunset Blvd 100');
INSERT INTO destination (zipCode, country, address) VALUES (1202, 'USA', 'High St 456');
INSERT INTO destination (zipCode, country, address) VALUES (1203, 'Germany', 'Baker St 221B');

-- Inserting data into hotel
INSERT INTO hotel (hotelID, hotelName, location, totalRooms) VALUES (4, 'Hotel_4', 'Sunset Blvd 100', 115);
INSERT INTO hotel (hotelID, hotelName, location, totalRooms) VALUES (5, 'Hotel_5', 'Sunset Blvd 100', 111);
INSERT INTO hotel (hotelID, hotelName, location, totalRooms) VALUES (6, 'Hotel_6', 'Sunset Blvd 100', 126);
INSERT INTO hotel (hotelID, hotelName, location, totalRooms) VALUES (7, 'Hotel_7', 'Main St 123', 198);
INSERT INTO hotel (hotelID, hotelName, location, totalRooms) VALUES (8, 'Hotel_8', 'High St 456', 130);
INSERT INTO hotel (hotelID, hotelName, location, totalRooms) VALUES (9, 'Hotel_9', 'Main St 123', 39);
INSERT INTO hotel (hotelID, hotelName, location, totalRooms) VALUES (10, 'Hotel_10', '5th Avenue 987', 44);
INSERT INTO hotel (hotelID, hotelName, location, totalRooms) VALUES (11, 'Hotel_11', 'Main St 123', 164);
INSERT INTO hotel (hotelID, hotelName, location, totalRooms) VALUES (12, 'Hotel_12', 'Main St 123', 29);
INSERT INTO hotel (hotelID, hotelName, location, totalRooms) VALUES (13, 'Hotel_13', '5th Avenue 987', 66);
INSERT INTO hotel (hotelID, hotelName, location, totalRooms) VALUES (14, 'Hotel_14', 'High St 456', 24);
INSERT INTO hotel (hotelID, hotelName, location, totalRooms) VALUES (15, 'Hotel_15', 'High St 456', 60);
INSERT INTO hotel (hotelID, hotelName, location, totalRooms) VALUES (16, 'Hotel_16', 'Sunset Blvd 100', 151);
INSERT INTO hotel (hotelID, hotelName, location, totalRooms) VALUES (17, 'Hotel_17', '5th Avenue 987', 119);
INSERT INTO hotel (hotelID, hotelName, location, totalRooms) VALUES (18, 'Hotel_18', '5th Avenue 987', 96);
INSERT INTO hotel (hotelID, hotelName, location, totalRooms) VALUES (19, 'Hotel_19', 'Main St 123', 39);
INSERT INTO hotel (hotelID, hotelName, location, totalRooms) VALUES (20, 'Hotel_20', '5th Avenue 987', 36);
INSERT INTO hotel (hotelID, hotelName, location, totalRooms) VALUES (21, 'Hotel_21', '5th Avenue 987', 128);
INSERT INTO hotel (hotelID, hotelName, location, totalRooms) VALUES (22, 'Hotel_22', 'Sunset Blvd 100', 63);
INSERT INTO hotel (hotelID, hotelName, location, totalRooms) VALUES (23, 'Hotel_23', 'Main St 123', 79);
INSERT INTO hotel (hotelID, hotelName, location, totalRooms) VALUES (24, 'Hotel_24', 'Baker St 221B', 74);
INSERT INTO hotel (hotelID, hotelName, location, totalRooms) VALUES (25, 'Hotel_25', 'Main St 123', 152);
INSERT INTO hotel (hotelID, hotelName, location, totalRooms) VALUES (26, 'Hotel_26', 'Baker St 221B', 188);
INSERT INTO hotel (hotelID, hotelName, location, totalRooms) VALUES (27, 'Hotel_27', 'Baker St 221B', 76);
INSERT INTO hotel (hotelID, hotelName, location, totalRooms) VALUES (28, 'Hotel_28', 'Baker St 221B', 183);
INSERT INTO hotel (hotelID, hotelName, location, totalRooms) VALUES (29, 'Hotel_29', 'Main St 123', 126);
INSERT INTO hotel (hotelID, hotelName, location, totalRooms) VALUES (30, 'Hotel_30', 'High St 456', 85);
INSERT INTO hotel (hotelID, hotelName, location, totalRooms) VALUES (31, 'Hotel_31', 'Sunset Blvd 100', 122);
INSERT INTO hotel (hotelID, hotelName, location, totalRooms) VALUES (32, 'Hotel_32', 'Main St 123', 71);
INSERT INTO hotel (hotelID, hotelName, location, totalRooms) VALUES (33, 'Hotel_33', 'Sunset Blvd 100', 159);
INSERT INTO hotel (hotelID, hotelName, location, totalRooms) VALUES (34, 'Hotel_34', '5th Avenue 987', 123);
INSERT INTO hotel (hotelID, hotelName, location, totalRooms) VALUES (35, 'Hotel_35', 'Baker St 221B', 89);
INSERT INTO hotel (hotelID, hotelName, location, totalRooms) VALUES (36, 'Hotel_36', 'Sunset Blvd 100', 39);
INSERT INTO hotel (hotelID, hotelName, location, totalRooms) VALUES (37, 'Hotel_37', 'Baker St 221B', 81);
INSERT INTO hotel (hotelID, hotelName, location, totalRooms) VALUES (38, 'Hotel_38', '5th Avenue 987', 135);
INSERT INTO hotel (hotelID, hotelName, location, totalRooms) VALUES (39, 'Hotel_39', 'High St 456', 35);
INSERT INTO hotel (hotelID, hotelName, location, totalRooms) VALUES (40, 'Hotel_40', 'Sunset Blvd 100', 156);
INSERT INTO hotel (hotelID, hotelName, location, totalRooms) VALUES (41, 'Hotel_41', 'High St 456', 70);
INSERT INTO hotel (hotelID, hotelName, location, totalRooms) VALUES (42, 'Hotel_42', 'High St 456', 37);
INSERT INTO hotel (hotelID, hotelName, location, totalRooms) VALUES (43, 'Hotel_43', 'Main St 123', 57);
INSERT INTO hotel (hotelID, hotelName, location, totalRooms) VALUES (44, 'Hotel_44', 'Main St 123', 136);
INSERT INTO hotel (hotelID, hotelName, location, totalRooms) VALUES (45, 'Hotel_45', 'Sunset Blvd 100', 112);
INSERT INTO hotel (hotelID, hotelName, location, totalRooms) VALUES (46, 'Hotel_46', 'Main St 123', 148);
INSERT INTO hotel (hotelID, hotelName, location, totalRooms) VALUES (47, 'Hotel_47', 'Sunset Blvd 100', 138);
INSERT INTO hotel (hotelID, hotelName, location, totalRooms) VALUES (48, 'Hotel_48', 'High St 456', 79);
INSERT INTO hotel (hotelID, hotelName, location, totalRooms) VALUES (49, 'Hotel_49', '5th Avenue 987', 63);
INSERT INTO hotel (hotelID, hotelName, location, totalRooms) VALUES (50, 'Hotel_50', 'Main St 123', 112);
INSERT INTO hotel (hotelID, hotelName, location, totalRooms) VALUES (51, 'Hotel_51', 'Baker St 221B', 174);
INSERT INTO hotel (hotelID, hotelName, location, totalRooms) VALUES (52, 'Hotel_52', 'Main St 123', 131);
INSERT INTO hotel (hotelID, hotelName, location, totalRooms) VALUES (53, 'Hotel_53', 'Main St 123', 188);
INSERT INTO hotel (hotelID, hotelName, location, totalRooms) VALUES (54, 'Hotel_54', 'Sunset Blvd 100', 134);
INSERT INTO hotel (hotelID, hotelName, location, totalRooms) VALUES (55, 'Hotel_55', '5th Avenue 987', 87);
INSERT INTO hotel (hotelID, hotelName, location, totalRooms) VALUES (56, 'Hotel_56', 'Main St 123', 132);
INSERT INTO hotel (hotelID, hotelName, location, totalRooms) VALUES (57, 'Hotel_57', '5th Avenue 987', 124);
INSERT INTO hotel (hotelID, hotelName, location, totalRooms) VALUES (58, 'Hotel_58', '5th Avenue 987', 70);
INSERT INTO hotel (hotelID, hotelName, location, totalRooms) VALUES (59, 'Hotel_59', 'Main St 123', 79);
INSERT INTO hotel (hotelID, hotelName, location, totalRooms) VALUES (60, 'Hotel_60', '5th Avenue 987', 126);
INSERT INTO hotel (hotelID, hotelName, location, totalRooms) VALUES (61, 'Hotel_61', '5th Avenue 987', 82);
INSERT INTO hotel (hotelID, hotelName, location, totalRooms) VALUES (62, 'Hotel_62', 'Baker St 221B', 30);
INSERT INTO hotel (hotelID, hotelName, location, totalRooms) VALUES (63, 'Hotel_63', 'High St 456', 66);
INSERT INTO hotel (hotelID, hotelName, location, totalRooms) VALUES (64, 'Hotel_64', 'Baker St 221B', 46);
INSERT INTO hotel (hotelID, hotelName, location, totalRooms) VALUES (65, 'Hotel_65', 'High St 456', 99);
INSERT INTO hotel (hotelID, hotelName, location, totalRooms) VALUES (66, 'Hotel_66', '5th Avenue 987', 69);
INSERT INTO hotel (hotelID, hotelName, location, totalRooms) VALUES (67, 'Hotel_67', '5th Avenue 987', 95);
INSERT INTO hotel (hotelID, hotelName, location, totalRooms) VALUES (68, 'Hotel_68', '5th Avenue 987', 182);
INSERT INTO hotel (hotelID, hotelName, location, totalRooms) VALUES (69, 'Hotel_69', 'Main St 123', 31);
INSERT INTO hotel (hotelID, hotelName, location, totalRooms) VALUES (70, 'Hotel_70', '5th Avenue 987', 155);
INSERT INTO hotel (hotelID, hotelName, location, totalRooms) VALUES (71, 'Hotel_71', 'High St 456', 152);
INSERT INTO hotel (hotelID, hotelName, location, totalRooms) VALUES (72, 'Hotel_72', 'Baker St 221B', 153);
INSERT INTO hotel (hotelID, hotelName, location, totalRooms) VALUES (73, 'Hotel_73', 'Main St 123', 68);
INSERT INTO hotel (hotelID, hotelName, location, totalRooms) VALUES (74, 'Hotel_74', 'Baker St 221B', 165);
INSERT INTO hotel (hotelID, hotelName, location, totalRooms) VALUES (75, 'Hotel_75', 'High St 456', 147);
INSERT INTO hotel (hotelID, hotelName, location, totalRooms) VALUES (76, 'Hotel_76', 'Sunset Blvd 100', 63);
INSERT INTO hotel (hotelID, hotelName, location, totalRooms) VALUES (77, 'Hotel_77', '5th Avenue 987', 187);
INSERT INTO hotel (hotelID, hotelName, location, totalRooms) VALUES (78, 'Hotel_78', 'Baker St 221B', 40);
INSERT INTO hotel (hotelID, hotelName, location, totalRooms) VALUES (79, 'Hotel_79', 'High St 456', 58);
INSERT INTO hotel (hotelID, hotelName, location, totalRooms) VALUES (80, 'Hotel_80', 'Sunset Blvd 100', 69);
INSERT INTO hotel (hotelID, hotelName, location, totalRooms) VALUES (81, 'Hotel_81', '5th Avenue 987', 42);
INSERT INTO hotel (hotelID, hotelName, location, totalRooms) VALUES (82, 'Hotel_82', 'High St 456', 165);
INSERT INTO hotel (hotelID, hotelName, location, totalRooms) VALUES (83, 'Hotel_83', 'Main St 123', 158);
INSERT INTO hotel (hotelID, hotelName, location, totalRooms) VALUES (84, 'Hotel_84', 'High St 456', 27);
INSERT INTO hotel (hotelID, hotelName, location, totalRooms) VALUES (85, 'Hotel_85', 'High St 456', 111);
INSERT INTO hotel (hotelID, hotelName, location, totalRooms) VALUES (86, 'Hotel_86', 'Sunset Blvd 100', 67);
INSERT INTO hotel (hotelID, hotelName, location, totalRooms) VALUES (87, 'Hotel_87', 'High St 456', 154);
INSERT INTO hotel (hotelID, hotelName, location, totalRooms) VALUES (88, 'Hotel_88', 'Main St 123', 164);
INSERT INTO hotel (hotelID, hotelName, location, totalRooms) VALUES (89, 'Hotel_89', '5th Avenue 987', 40);
INSERT INTO hotel (hotelID, hotelName, location, totalRooms) VALUES (90, 'Hotel_90', 'Baker St 221B', 168);
INSERT INTO hotel (hotelID, hotelName, location, totalRooms) VALUES (91, 'Hotel_91', 'Baker St 221B', 200);
INSERT INTO hotel (hotelID, hotelName, location, totalRooms) VALUES (92, 'Hotel_92', 'Main St 123', 125);
INSERT INTO hotel (hotelID, hotelName, location, totalRooms) VALUES (93, 'Hotel_93', 'Baker St 221B', 50);
INSERT INTO hotel (hotelID, hotelName, location, totalRooms) VALUES (94, 'Hotel_94', 'High St 456', 64);
INSERT INTO hotel (hotelID, hotelName, location, totalRooms) VALUES (95, 'Hotel_95', '5th Avenue 987', 25);
INSERT INTO hotel (hotelID, hotelName, location, totalRooms) VALUES (96, 'Hotel_96', 'Sunset Blvd 100', 135);
INSERT INTO hotel (hotelID, hotelName, location, totalRooms) VALUES (97, 'Hotel_97', 'Baker St 221B', 27);
INSERT INTO hotel (hotelID, hotelName, location, totalRooms) VALUES (98, 'Hotel_98', 'Sunset Blvd 100', 57);
INSERT INTO hotel (hotelID, hotelName, location, totalRooms) VALUES (99, 'Hotel_99', 'Sunset Blvd 100', 108);
INSERT INTO hotel (hotelID, hotelName, location, totalRooms) VALUES (100, 'Hotel_100', 'Main St 123', 152);
INSERT INTO hotel (hotelID, hotelName, location, totalRooms) VALUES (101, 'Hotel_101', 'High St 456', 132);
INSERT INTO hotel (hotelID, hotelName, location, totalRooms) VALUES (102, 'Hotel_102', 'Baker St 221B', 108);
INSERT INTO hotel (hotelID, hotelName, location, totalRooms) VALUES (103, 'Hotel_103', 'High St 456', 60);
INSERT INTO hotel (hotelID, hotelName, location, totalRooms) VALUES (104, 'Hotel_104', '5th Avenue 987', 37);
INSERT INTO hotel (hotelID, hotelName, location, totalRooms) VALUES (105, 'Hotel_105', 'Main St 123', 39);
INSERT INTO hotel (hotelID, hotelName, location, totalRooms) VALUES (106, 'Hotel_106', 'High St 456', 84);
INSERT INTO hotel (hotelID, hotelName, location, totalRooms) VALUES (107, 'Hotel_107', 'Baker St 221B', 61);
INSERT INTO hotel (hotelID, hotelName, location, totalRooms) VALUES (108, 'Hotel_108', 'High St 456', 44);
INSERT INTO hotel (hotelID, hotelName, location, totalRooms) VALUES (109, 'Hotel_109', 'Sunset Blvd 100', 29);
INSERT INTO hotel (hotelID, hotelName, location, totalRooms) VALUES (110, 'Hotel_110', 'Main St 123', 100);
INSERT INTO hotel (hotelID, hotelName, location, totalRooms) VALUES (111, 'Hotel_111', 'Sunset Blvd 100', 146);
INSERT INTO hotel (hotelID, hotelName, location, totalRooms) VALUES (112, 'Hotel_112', 'Baker St 221B', 170);
INSERT INTO hotel (hotelID, hotelName, location, totalRooms) VALUES (113, 'Hotel_113', 'Sunset Blvd 100', 128);
INSERT INTO hotel (hotelID, hotelName, location, totalRooms) VALUES (114, 'Hotel_114', 'Baker St 221B', 199);
INSERT INTO hotel (hotelID, hotelName, location, totalRooms) VALUES (115, 'Hotel_115', 'Main St 123', 145);
INSERT INTO hotel (hotelID, hotelName, location, totalRooms) VALUES (116, 'Hotel_116', '5th Avenue 987', 197);
INSERT INTO hotel (hotelID, hotelName, location, totalRooms) VALUES (117, 'Hotel_117', 'Baker St 221B', 160);
INSERT INTO hotel (hotelID, hotelName, location, totalRooms) VALUES (118, 'Hotel_118', 'Main St 123', 117);
INSERT INTO hotel (hotelID, hotelName, location, totalRooms) VALUES (119, 'Hotel_119', 'Sunset Blvd 100', 135);
INSERT INTO hotel (hotelID, hotelName, location, totalRooms) VALUES (120, 'Hotel_120', 'Baker St 221B', 158);
INSERT INTO hotel (hotelID, hotelName, location, totalRooms) VALUES (121, 'Hotel_121', 'Baker St 221B', 55);
INSERT INTO hotel (hotelID, hotelName, location, totalRooms) VALUES (122, 'Hotel_122', '5th Avenue 987', 94);
INSERT INTO hotel (hotelID, hotelName, location, totalRooms) VALUES (123, 'Hotel_123', '5th Avenue 987', 147);
INSERT INTO hotel (hotelID, hotelName, location, totalRooms) VALUES (124, 'Hotel_124', 'Main St 123', 22);
INSERT INTO hotel (hotelID, hotelName, location, totalRooms) VALUES (125, 'Hotel_125', 'Baker St 221B', 28);
INSERT INTO hotel (hotelID, hotelName, location, totalRooms) VALUES (126, 'Hotel_126', 'Sunset Blvd 100', 148);
INSERT INTO hotel (hotelID, hotelName, location, totalRooms) VALUES (127, 'Hotel_127', 'High St 456', 107);
INSERT INTO hotel (hotelID, hotelName, location, totalRooms) VALUES (128, 'Hotel_128', 'Baker St 221B', 54);
INSERT INTO hotel (hotelID, hotelName, location, totalRooms) VALUES (129, 'Hotel_129', 'High St 456', 100);
INSERT INTO hotel (hotelID, hotelName, location, totalRooms) VALUES (130, 'Hotel_130', '5th Avenue 987', 164);
INSERT INTO hotel (hotelID, hotelName, location, totalRooms) VALUES (131, 'Hotel_131', 'Baker St 221B', 159);
INSERT INTO hotel (hotelID, hotelName, location, totalRooms) VALUES (132, 'Hotel_132', 'Baker St 221B', 44);
INSERT INTO hotel (hotelID, hotelName, location, totalRooms) VALUES (133, 'Hotel_133', 'High St 456', 38);
INSERT INTO hotel (hotelID, hotelName, location, totalRooms) VALUES (134, 'Hotel_134', 'High St 456', 116);
INSERT INTO hotel (hotelID, hotelName, location, totalRooms) VALUES (135, 'Hotel_135', '5th Avenue 987', 179);
INSERT INTO hotel (hotelID, hotelName, location, totalRooms) VALUES (136, 'Hotel_136', 'High St 456', 149);
INSERT INTO hotel (hotelID, hotelName, location, totalRooms) VALUES (137, 'Hotel_137', 'Main St 123', 172);
INSERT INTO hotel (hotelID, hotelName, location, totalRooms) VALUES (138, 'Hotel_138', 'Sunset Blvd 100', 36);
INSERT INTO hotel (hotelID, hotelName, location, totalRooms) VALUES (139, 'Hotel_139', 'Baker St 221B', 116);
INSERT INTO hotel (hotelID, hotelName, location, totalRooms) VALUES (140, 'Hotel_140', 'Sunset Blvd 100', 66);
INSERT INTO hotel (hotelID, hotelName, location, totalRooms) VALUES (141, 'Hotel_141', 'Baker St 221B', 149);
INSERT INTO hotel (hotelID, hotelName, location, totalRooms) VALUES (142, 'Hotel_142', 'Sunset Blvd 100', 113);
INSERT INTO hotel (hotelID, hotelName, location, totalRooms) VALUES (143, 'Hotel_143', 'Baker St 221B', 172);
INSERT INTO hotel (hotelID, hotelName, location, totalRooms) VALUES (144, 'Hotel_144', '5th Avenue 987', 100);
INSERT INTO hotel (hotelID, hotelName, location, totalRooms) VALUES (145, 'Hotel_145', 'Sunset Blvd 100', 73);
INSERT INTO hotel (hotelID, hotelName, location, totalRooms) VALUES (146, 'Hotel_146', 'Main St 123', 85);
INSERT INTO hotel (hotelID, hotelName, location, totalRooms) VALUES (147, 'Hotel_147', 'Sunset Blvd 100', 109);
INSERT INTO hotel (hotelID, hotelName, location, totalRooms) VALUES (148, 'Hotel_148', 'Main St 123', 96);
INSERT INTO hotel (hotelID, hotelName, location, totalRooms) VALUES (149, 'Hotel_149', 'Sunset Blvd 100', 115);
INSERT INTO hotel (hotelID, hotelName, location, totalRooms) VALUES (150, 'Hotel_150', 'High St 456', 37);
INSERT INTO hotel (hotelID, hotelName, location, totalRooms) VALUES (151, 'Hotel_151', '5th Avenue 987', 84);
INSERT INTO hotel (hotelID, hotelName, location, totalRooms) VALUES (152, 'Hotel_152', 'Main St 123', 132);
INSERT INTO hotel (hotelID, hotelName, location, totalRooms) VALUES (153, 'Hotel_153', '5th Avenue 987', 84);
INSERT INTO hotel (hotelID, hotelName, location, totalRooms) VALUES (154, 'Hotel_154', '5th Avenue 987', 115);
INSERT INTO hotel (hotelID, hotelName, location, totalRooms) VALUES (155, 'Hotel_155', '5th Avenue 987', 110);
INSERT INTO hotel (hotelID, hotelName, location, totalRooms) VALUES (156, 'Hotel_156', '5th Avenue 987', 59);
INSERT INTO hotel (hotelID, hotelName, location, totalRooms) VALUES (157, 'Hotel_157', 'Main St 123', 152);
INSERT INTO hotel (hotelID, hotelName, location, totalRooms) VALUES (158, 'Hotel_158', 'High St 456', 60);
INSERT INTO hotel (hotelID, hotelName, location, totalRooms) VALUES (159, 'Hotel_159', 'High St 456', 46);
INSERT INTO hotel (hotelID, hotelName, location, totalRooms) VALUES (160, 'Hotel_160', 'Baker St 221B', 190);
INSERT INTO hotel (hotelID, hotelName, location, totalRooms) VALUES (161, 'Hotel_161', 'High St 456', 178);
INSERT INTO hotel (hotelID, hotelName, location, totalRooms) VALUES (162, 'Hotel_162', '5th Avenue 987', 175);
INSERT INTO hotel (hotelID, hotelName, location, totalRooms) VALUES (163, 'Hotel_163', 'High St 456', 167);
INSERT INTO hotel (hotelID, hotelName, location, totalRooms) VALUES (164, 'Hotel_164', 'Main St 123', 176);
INSERT INTO hotel (hotelID, hotelName, location, totalRooms) VALUES (165, 'Hotel_165', '5th Avenue 987', 54);
INSERT INTO hotel (hotelID, hotelName, location, totalRooms) VALUES (166, 'Hotel_166', 'Sunset Blvd 100', 52);
INSERT INTO hotel (hotelID, hotelName, location, totalRooms) VALUES (167, 'Hotel_167', 'Main St 123', 41);
INSERT INTO hotel (hotelID, hotelName, location, totalRooms) VALUES (168, 'Hotel_168', 'Main St 123', 171);
INSERT INTO hotel (hotelID, hotelName, location, totalRooms) VALUES (169, 'Hotel_169', 'Baker St 221B', 192);
INSERT INTO hotel (hotelID, hotelName, location, totalRooms) VALUES (170, 'Hotel_170', 'Main St 123', 172);
INSERT INTO hotel (hotelID, hotelName, location, totalRooms) VALUES (171, 'Hotel_171', 'Sunset Blvd 100', 25);
INSERT INTO hotel (hotelID, hotelName, location, totalRooms) VALUES (172, 'Hotel_172', 'Baker St 221B', 100);
INSERT INTO hotel (hotelID, hotelName, location, totalRooms) VALUES (173, 'Hotel_173', 'Sunset Blvd 100', 75);
INSERT INTO hotel (hotelID, hotelName, location, totalRooms) VALUES (174, 'Hotel_174', 'Sunset Blvd 100', 100);
INSERT INTO hotel (hotelID, hotelName, location, totalRooms) VALUES (175, 'Hotel_175', 'Sunset Blvd 100', 128);
INSERT INTO hotel (hotelID, hotelName, location, totalRooms) VALUES (176, 'Hotel_176', 'Baker St 221B', 32);
INSERT INTO hotel (hotelID, hotelName, location, totalRooms) VALUES (177, 'Hotel_177', 'High St 456', 40);
INSERT INTO hotel (hotelID, hotelName, location, totalRooms) VALUES (178, 'Hotel_178', 'Baker St 221B', 121);
INSERT INTO hotel (hotelID, hotelName, location, totalRooms) VALUES (179, 'Hotel_179', 'Baker St 221B', 197);
INSERT INTO hotel (hotelID, hotelName, location, totalRooms) VALUES (180, 'Hotel_180', 'High St 456', 29);
INSERT INTO hotel (hotelID, hotelName, location, totalRooms) VALUES (181, 'Hotel_181', 'Sunset Blvd 100', 146);
INSERT INTO hotel (hotelID, hotelName, location, totalRooms) VALUES (182, 'Hotel_182', 'Baker St 221B', 56);
INSERT INTO hotel (hotelID, hotelName, location, totalRooms) VALUES (183, 'Hotel_183', '5th Avenue 987', 141);
INSERT INTO hotel (hotelID, hotelName, location, totalRooms) VALUES (184, 'Hotel_184', 'Main St 123', 183);
INSERT INTO hotel (hotelID, hotelName, location, totalRooms) VALUES (185, 'Hotel_185', 'High St 456', 173);
INSERT INTO hotel (hotelID, hotelName, location, totalRooms) VALUES (186, 'Hotel_186', '5th Avenue 987', 31);
INSERT INTO hotel (hotelID, hotelName, location, totalRooms) VALUES (187, 'Hotel_187', 'Main St 123', 62);
INSERT INTO hotel (hotelID, hotelName, location, totalRooms) VALUES (188, 'Hotel_188', '5th Avenue 987', 20);
INSERT INTO hotel (hotelID, hotelName, location, totalRooms) VALUES (189, 'Hotel_189', 'Main St 123', 33);
INSERT INTO hotel (hotelID, hotelName, location, totalRooms) VALUES (190, 'Hotel_190', 'Main St 123', 137);
INSERT INTO hotel (hotelID, hotelName, location, totalRooms) VALUES (191, 'Hotel_191', 'Baker St 221B', 114);
INSERT INTO hotel (hotelID, hotelName, location, totalRooms) VALUES (192, 'Hotel_192', 'High St 456', 60);
INSERT INTO hotel (hotelID, hotelName, location, totalRooms) VALUES (193, 'Hotel_193', 'Baker St 221B', 192);
INSERT INTO hotel (hotelID, hotelName, location, totalRooms) VALUES (194, 'Hotel_194', 'Main St 123', 62);
INSERT INTO hotel (hotelID, hotelName, location, totalRooms) VALUES (195, 'Hotel_195', 'Baker St 221B', 82);
INSERT INTO hotel (hotelID, hotelName, location, totalRooms) VALUES (196, 'Hotel_196', 'Baker St 221B', 28);
INSERT INTO hotel (hotelID, hotelName, location, totalRooms) VALUES (197, 'Hotel_197', 'Baker St 221B', 140);
INSERT INTO hotel (hotelID, hotelName, location, totalRooms) VALUES (198, 'Hotel_198', 'Main St 123', 30);
INSERT INTO hotel (hotelID, hotelName, location, totalRooms) VALUES (199, 'Hotel_199', 'Sunset Blvd 100', 184);
INSERT INTO hotel (hotelID, hotelName, location, totalRooms) VALUES (200, 'Hotel_200', '5th Avenue 987', 184);
INSERT INTO hotel (hotelID, hotelName, location, totalRooms) VALUES (201, 'Hotel_201', 'Main St 123', 79);
INSERT INTO hotel (hotelID, hotelName, location, totalRooms) VALUES (202, 'Hotel_202', 'Baker St 221B', 183);
INSERT INTO hotel (hotelID, hotelName, location, totalRooms) VALUES (203, 'Hotel_203', 'Sunset Blvd 100', 135);

-- Inserting data into flight
INSERT INTO flight (flightID, airline, departureDate, returnDate) VALUES (4, 'Airline_4', '2024-08-27', '2024-04-22');
INSERT INTO flight (flightID, airline, departureDate, returnDate) VALUES (5, 'Airline_5', '2024-07-09', '2024-07-05');
INSERT INTO flight (flightID, airline, departureDate, returnDate) VALUES (6, 'Airline_6', '2024-10-16', '2024-04-02');
INSERT INTO flight (flightID, airline, departureDate, returnDate) VALUES (7, 'Airline_7', '2024-04-13', '2024-01-03');
INSERT INTO flight (flightID, airline, departureDate, returnDate) VALUES (8, 'Airline_8', '2024-08-03', '2024-01-27');
INSERT INTO flight (flightID, airline, departureDate, returnDate) VALUES (9, 'Airline_9', '2024-11-12', '2024-11-24');
INSERT INTO flight (flightID, airline, departureDate, returnDate) VALUES (10, 'Airline_10', '2024-01-25', '2024-03-12');
INSERT INTO flight (flightID, airline, departureDate, returnDate) VALUES (11, 'Airline_11', '2024-11-10', '2024-10-06');
INSERT INTO flight (flightID, airline, departureDate, returnDate) VALUES (12, 'Airline_12', '2024-03-07', '2024-06-10');
INSERT INTO flight (flightID, airline, departureDate, returnDate) VALUES (13, 'Airline_13', '2024-03-21', '2024-12-24');
INSERT INTO flight (flightID, airline, departureDate, returnDate) VALUES (14, 'Airline_14', '2024-09-21', '2024-10-22');
INSERT INTO flight (flightID, airline, departureDate, returnDate) VALUES (15, 'Airline_15', '2024-09-13', '2024-04-16');
INSERT INTO flight (flightID, airline, departureDate, returnDate) VALUES (16, 'Airline_16', '2024-04-14', '2024-05-21');
INSERT INTO flight (flightID, airline, departureDate, returnDate) VALUES (17, 'Airline_17', '2024-09-07', '2024-08-10');
INSERT INTO flight (flightID, airline, departureDate, returnDate) VALUES (18, 'Airline_18', '2024-03-15', '2024-02-27');
INSERT INTO flight (flightID, airline, departureDate, returnDate) VALUES (19, 'Airline_19', '2024-10-12', '2024-12-06');
INSERT INTO flight (flightID, airline, departureDate, returnDate) VALUES (20, 'Airline_20', '2024-03-04', '2024-03-04');
INSERT INTO flight (flightID, airline, departureDate, returnDate) VALUES (21, 'Airline_21', '2024-04-03', '2024-11-19');
INSERT INTO flight (flightID, airline, departureDate, returnDate) VALUES (22, 'Airline_22', '2024-11-16', '2024-10-28');
INSERT INTO flight (flightID, airline, departureDate, returnDate) VALUES (23, 'Airline_23', '2024-02-04', '2024-06-17');
INSERT INTO flight (flightID, airline, departureDate, returnDate) VALUES (24, 'Airline_24', '2024-08-15', '2024-06-16');
INSERT INTO flight (flightID, airline, departureDate, returnDate) VALUES (25, 'Airline_25', '2024-04-30', '2024-10-03');
INSERT INTO flight (flightID, airline, departureDate, returnDate) VALUES (26, 'Airline_26', '2024-12-01', '2024-09-09');
INSERT INTO flight (flightID, airline, departureDate, returnDate) VALUES (27, 'Airline_27', '2024-01-26', '2024-07-10');
INSERT INTO flight (flightID, airline, departureDate, returnDate) VALUES (28, 'Airline_28', '2024-12-24', '2024-12-05');
INSERT INTO flight (flightID, airline, departureDate, returnDate) VALUES (29, 'Airline_29', '2024-12-09', '2024-09-08');
INSERT INTO flight (flightID, airline, departureDate, returnDate) VALUES (30, 'Airline_30', '2024-11-12', '2024-07-12');
INSERT INTO flight (flightID, airline, departureDate, returnDate) VALUES (31, 'Airline_31', '2024-05-11', '2024-03-17');
INSERT INTO flight (flightID, airline, departureDate, returnDate) VALUES (32, 'Airline_32', '2024-09-04', '2024-01-15');
INSERT INTO flight (flightID, airline, departureDate, returnDate) VALUES (33, 'Airline_33', '2024-03-13', '2024-06-27');
INSERT INTO flight (flightID, airline, departureDate, returnDate) VALUES (34, 'Airline_34', '2024-02-13', '2024-07-14');
INSERT INTO flight (flightID, airline, departureDate, returnDate) VALUES (35, 'Airline_35', '2024-09-18', '2024-04-15');
INSERT INTO flight (flightID, airline, departureDate, returnDate) VALUES (36, 'Airline_36', '2024-09-08', '2024-04-07');
INSERT INTO flight (flightID, airline, departureDate, returnDate) VALUES (37, 'Airline_37', '2024-10-01', '2024-10-06');
INSERT INTO flight (flightID, airline, departureDate, returnDate) VALUES (38, 'Airline_38', '2024-10-16', '2024-07-26');
INSERT INTO flight (flightID, airline, departureDate, returnDate) VALUES (39, 'Airline_39', '2024-03-06', '2024-05-06');
INSERT INTO flight (flightID, airline, departureDate, returnDate) VALUES (40, 'Airline_40', '2024-01-15', '2024-03-27');
INSERT INTO flight (flightID, airline, departureDate, returnDate) VALUES (41, 'Airline_41', '2024-01-13', '2024-10-20');
INSERT INTO flight (flightID, airline, departureDate, returnDate) VALUES (42, 'Airline_42', '2024-10-26', '2024-09-17');
INSERT INTO flight (flightID, airline, departureDate, returnDate) VALUES (43, 'Airline_43', '2024-08-09', '2024-07-13');
INSERT INTO flight (flightID, airline, departureDate, returnDate) VALUES (44, 'Airline_44', '2024-06-28', '2024-10-23');
INSERT INTO flight (flightID, airline, departureDate, returnDate) VALUES (45, 'Airline_45', '2024-01-14', '2024-03-27');
INSERT INTO flight (flightID, airline, departureDate, returnDate) VALUES (46, 'Airline_46', '2024-01-13', '2024-06-03');
INSERT INTO flight (flightID, airline, departureDate, returnDate) VALUES (47, 'Airline_47', '2024-05-19', '2024-03-29');
INSERT INTO flight (flightID, airline, departureDate, returnDate) VALUES (48, 'Airline_48', '2024-06-12', '2024-11-19');
INSERT INTO flight (flightID, airline, departureDate, returnDate) VALUES (49, 'Airline_49', '2024-05-17', '2024-01-03');
INSERT INTO flight (flightID, airline, departureDate, returnDate) VALUES (50, 'Airline_50', '2024-07-26', '2024-12-14');
INSERT INTO flight (flightID, airline, departureDate, returnDate) VALUES (51, 'Airline_51', '2024-11-30', '2024-10-25');
INSERT INTO flight (flightID, airline, departureDate, returnDate) VALUES (52, 'Airline_52', '2024-12-10', '2024-05-07');
INSERT INTO flight (flightID, airline, departureDate, returnDate) VALUES (53, 'Airline_53', '2024-01-24', '2024-11-25');
INSERT INTO flight (flightID, airline, departureDate, returnDate) VALUES (54, 'Airline_54', '2024-06-27', '2024-02-15');
INSERT INTO flight (flightID, airline, departureDate, returnDate) VALUES (55, 'Airline_55', '2024-01-02', '2024-07-06');
INSERT INTO flight (flightID, airline, departureDate, returnDate) VALUES (56, 'Airline_56', '2024-08-22', '2024-08-13');
INSERT INTO flight (flightID, airline, departureDate, returnDate) VALUES (57, 'Airline_57', '2024-02-09', '2024-12-02');
INSERT INTO flight (flightID, airline, departureDate, returnDate) VALUES (58, 'Airline_58', '2024-06-13', '2024-08-18');
INSERT INTO flight (flightID, airline, departureDate, returnDate) VALUES (59, 'Airline_59', '2024-02-15', '2024-07-09');
INSERT INTO flight (flightID, airline, departureDate, returnDate) VALUES (60, 'Airline_60', '2024-02-02', '2024-12-28');
INSERT INTO flight (flightID, airline, departureDate, returnDate) VALUES (61, 'Airline_61', '2024-10-23', '2024-02-17');
INSERT INTO flight (flightID, airline, departureDate, returnDate) VALUES (62, 'Airline_62', '2024-01-03', '2024-09-19');
INSERT INTO flight (flightID, airline, departureDate, returnDate) VALUES (63, 'Airline_63', '2024-01-06', '2024-01-12');
INSERT INTO flight (flightID, airline, departureDate, returnDate) VALUES (64, 'Airline_64', '2024-11-17', '2024-12-11');
INSERT INTO flight (flightID, airline, departureDate, returnDate) VALUES (65, 'Airline_65', '2024-08-21', '2024-08-26');
INSERT INTO flight (flightID, airline, departureDate, returnDate) VALUES (66, 'Airline_66', '2024-10-16', '2024-07-07');
INSERT INTO flight (flightID, airline, departureDate, returnDate) VALUES (67, 'Airline_67', '2024-02-16', '2024-01-23');
INSERT INTO flight (flightID, airline, departureDate, returnDate) VALUES (68, 'Airline_68', '2024-10-18', '2024-01-22');
INSERT INTO flight (flightID, airline, departureDate, returnDate) VALUES (69, 'Airline_69', '2024-01-14', '2024-08-20');
INSERT INTO flight (flightID, airline, departureDate, returnDate) VALUES (70, 'Airline_70', '2024-11-27', '2024-01-06');
INSERT INTO flight (flightID, airline, departureDate, returnDate) VALUES (71, 'Airline_71', '2024-11-02', '2024-12-09');
INSERT INTO flight (flightID, airline, departureDate, returnDate) VALUES (72, 'Airline_72', '2024-10-01', '2024-12-12');
INSERT INTO flight (flightID, airline, departureDate, returnDate) VALUES (73, 'Airline_73', '2024-11-26', '2024-05-06');
INSERT INTO flight (flightID, airline, departureDate, returnDate) VALUES (74, 'Airline_74', '2024-08-04', '2024-10-06');
INSERT INTO flight (flightID, airline, departureDate, returnDate) VALUES (75, 'Airline_75', '2024-04-13', '2024-03-04');
INSERT INTO flight (flightID, airline, departureDate, returnDate) VALUES (76, 'Airline_76', '2024-03-09', '2024-10-09');
INSERT INTO flight (flightID, airline, departureDate, returnDate) VALUES (77, 'Airline_77', '2024-11-21', '2024-12-03');
INSERT INTO flight (flightID, airline, departureDate, returnDate) VALUES (78, 'Airline_78', '2024-10-16', '2024-09-15');
INSERT INTO flight (flightID, airline, departureDate, returnDate) VALUES (79, 'Airline_79', '2024-03-26', '2024-11-10');
INSERT INTO flight (flightID, airline, departureDate, returnDate) VALUES (80, 'Airline_80', '2024-11-01', '2024-07-22');
INSERT INTO flight (flightID, airline, departureDate, returnDate) VALUES (81, 'Airline_81', '2024-01-25', '2024-07-27');
INSERT INTO flight (flightID, airline, departureDate, returnDate) VALUES (82, 'Airline_82', '2024-07-30', '2024-05-28');
INSERT INTO flight (flightID, airline, departureDate, returnDate) VALUES (83, 'Airline_83', '2024-03-07', '2024-12-11');
INSERT INTO flight (flightID, airline, departureDate, returnDate) VALUES (84, 'Airline_84', '2024-11-10', '2024-03-28');
INSERT INTO flight (flightID, airline, departureDate, returnDate) VALUES (85, 'Airline_85', '2024-03-28', '2024-06-23');
INSERT INTO flight (flightID, airline, departureDate, returnDate) VALUES (86, 'Airline_86', '2024-08-20', '2024-01-31');
INSERT INTO flight (flightID, airline, departureDate, returnDate) VALUES (87, 'Airline_87', '2024-05-11', '2024-07-29');
INSERT INTO flight (flightID, airline, departureDate, returnDate) VALUES (88, 'Airline_88', '2024-07-23', '2024-12-17');
INSERT INTO flight (flightID, airline, departureDate, returnDate) VALUES (89, 'Airline_89', '2024-08-08', '2024-11-02');
INSERT INTO flight (flightID, airline, departureDate, returnDate) VALUES (90, 'Airline_90', '2024-04-21', '2024-05-03');
INSERT INTO flight (flightID, airline, departureDate, returnDate) VALUES (91, 'Airline_91', '2024-02-08', '2024-02-16');
INSERT INTO flight (flightID, airline, departureDate, returnDate) VALUES (92, 'Airline_92', '2024-07-03', '2024-09-23');
INSERT INTO flight (flightID, airline, departureDate, returnDate) VALUES (93, 'Airline_93', '2024-03-24', '2024-10-27');
INSERT INTO flight (flightID, airline, departureDate, returnDate) VALUES (94, 'Airline_94', '2024-02-20', '2024-11-18');
INSERT INTO flight (flightID, airline, departureDate, returnDate) VALUES (95, 'Airline_95', '2024-07-23', '2024-05-15');
INSERT INTO flight (flightID, airline, departureDate, returnDate) VALUES (96, 'Airline_96', '2024-03-08', '2024-03-29');
INSERT INTO flight (flightID, airline, departureDate, returnDate) VALUES (97, 'Airline_97', '2024-07-26', '2024-10-27');
INSERT INTO flight (flightID, airline, departureDate, returnDate) VALUES (98, 'Airline_98', '2024-06-26', '2024-06-30');
INSERT INTO flight (flightID, airline, departureDate, returnDate) VALUES (99, 'Airline_99', '2024-08-26', '2024-10-02');
INSERT INTO flight (flightID, airline, departureDate, returnDate) VALUES (100, 'Airline_100', '2024-04-15', '2024-07-09');
INSERT INTO flight (flightID, airline, departureDate, returnDate) VALUES (101, 'Airline_101', '2024-10-12', '2024-03-23');
INSERT INTO flight (flightID, airline, departureDate, returnDate) VALUES (102, 'Airline_102', '2024-11-10', '2024-03-01');
INSERT INTO flight (flightID, airline, departureDate, returnDate) VALUES (103, 'Airline_103', '2024-07-01', '2024-03-21');
INSERT INTO flight (flightID, airline, departureDate, returnDate) VALUES (104, 'Airline_104', '2024-05-29', '2024-10-13');
INSERT INTO flight (flightID, airline, departureDate, returnDate) VALUES (105, 'Airline_105', '2024-01-11', '2024-11-05');
INSERT INTO flight (flightID, airline, departureDate, returnDate) VALUES (106, 'Airline_106', '2024-11-23', '2024-05-12');
INSERT INTO flight (flightID, airline, departureDate, returnDate) VALUES (107, 'Airline_107', '2024-05-07', '2024-09-24');
INSERT INTO flight (flightID, airline, departureDate, returnDate) VALUES (108, 'Airline_108', '2024-10-13', '2024-01-06');
INSERT INTO flight (flightID, airline, departureDate, returnDate) VALUES (109, 'Airline_109', '2024-01-05', '2024-12-19');
INSERT INTO flight (flightID, airline, departureDate, returnDate) VALUES (110, 'Airline_110', '2024-05-01', '2024-05-10');
INSERT INTO flight (flightID, airline, departureDate, returnDate) VALUES (111, 'Airline_111', '2024-11-20', '2024-06-04');
INSERT INTO flight (flightID, airline, departureDate, returnDate) VALUES (112, 'Airline_112', '2024-05-02', '2024-08-03');
INSERT INTO flight (flightID, airline, departureDate, returnDate) VALUES (113, 'Airline_113', '2024-03-23', '2024-03-06');
INSERT INTO flight (flightID, airline, departureDate, returnDate) VALUES (114, 'Airline_114', '2024-04-09', '2024-09-28');
INSERT INTO flight (flightID, airline, departureDate, returnDate) VALUES (115, 'Airline_115', '2024-10-13', '2024-11-26');
INSERT INTO flight (flightID, airline, departureDate, returnDate) VALUES (116, 'Airline_116', '2024-06-27', '2024-03-26');
INSERT INTO flight (flightID, airline, departureDate, returnDate) VALUES (117, 'Airline_117', '2024-10-11', '2024-06-25');
INSERT INTO flight (flightID, airline, departureDate, returnDate) VALUES (118, 'Airline_118', '2024-02-03', '2024-02-09');
INSERT INTO flight (flightID, airline, departureDate, returnDate) VALUES (119, 'Airline_119', '2024-09-27', '2024-08-26');
INSERT INTO flight (flightID, airline, departureDate, returnDate) VALUES (120, 'Airline_120', '2024-06-07', '2024-11-07');
INSERT INTO flight (flightID, airline, departureDate, returnDate) VALUES (121, 'Airline_121', '2024-08-23', '2024-02-10');
INSERT INTO flight (flightID, airline, departureDate, returnDate) VALUES (122, 'Airline_122', '2024-10-20', '2024-08-24');
INSERT INTO flight (flightID, airline, departureDate, returnDate) VALUES (123, 'Airline_123', '2024-04-10', '2024-11-10');
INSERT INTO flight (flightID, airline, departureDate, returnDate) VALUES (124, 'Airline_124', '2024-06-19', '2024-07-01');
INSERT INTO flight (flightID, airline, departureDate, returnDate) VALUES (125, 'Airline_125', '2024-04-11', '2024-11-14');
INSERT INTO flight (flightID, airline, departureDate, returnDate) VALUES (126, 'Airline_126', '2024-08-10', '2024-09-15');
INSERT INTO flight (flightID, airline, departureDate, returnDate) VALUES (127, 'Airline_127', '2024-01-26', '2024-07-23');
INSERT INTO flight (flightID, airline, departureDate, returnDate) VALUES (128, 'Airline_128', '2024-04-07', '2024-08-13');
INSERT INTO flight (flightID, airline, departureDate, returnDate) VALUES (129, 'Airline_129', '2024-12-20', '2024-02-08');
INSERT INTO flight (flightID, airline, departureDate, returnDate) VALUES (130, 'Airline_130', '2024-04-22', '2024-10-12');
INSERT INTO flight (flightID, airline, departureDate, returnDate) VALUES (131, 'Airline_131', '2024-05-12', '2024-09-17');
INSERT INTO flight (flightID, airline, departureDate, returnDate) VALUES (132, 'Airline_132', '2024-03-28', '2024-07-09');
INSERT INTO flight (flightID, airline, departureDate, returnDate) VALUES (133, 'Airline_133', '2024-08-07', '2024-04-05');
INSERT INTO flight (flightID, airline, departureDate, returnDate) VALUES (134, 'Airline_134', '2024-10-04', '2024-07-02');
INSERT INTO flight (flightID, airline, departureDate, returnDate) VALUES (135, 'Airline_135', '2024-04-05', '2024-05-16');
INSERT INTO flight (flightID, airline, departureDate, returnDate) VALUES (136, 'Airline_136', '2024-04-04', '2024-02-29');
INSERT INTO flight (flightID, airline, departureDate, returnDate) VALUES (137, 'Airline_137', '2024-09-21', '2024-01-11');
INSERT INTO flight (flightID, airline, departureDate, returnDate) VALUES (138, 'Airline_138', '2024-02-05', '2024-04-16');
INSERT INTO flight (flightID, airline, departureDate, returnDate) VALUES (139, 'Airline_139', '2024-11-14', '2024-07-27');
INSERT INTO flight (flightID, airline, departureDate, returnDate) VALUES (140, 'Airline_140', '2024-04-22', '2024-04-09');
INSERT INTO flight (flightID, airline, departureDate, returnDate) VALUES (141, 'Airline_141', '2024-01-12', '2024-09-08');
INSERT INTO flight (flightID, airline, departureDate, returnDate) VALUES (142, 'Airline_142', '2024-09-14', '2024-09-05');
INSERT INTO flight (flightID, airline, departureDate, returnDate) VALUES (143, 'Airline_143', '2024-03-24', '2024-10-26');
INSERT INTO flight (flightID, airline, departureDate, returnDate) VALUES (144, 'Airline_144', '2024-11-15', '2024-10-05');
INSERT INTO flight (flightID, airline, departureDate, returnDate) VALUES (145, 'Airline_145', '2024-10-19', '2024-07-14');
INSERT INTO flight (flightID, airline, departureDate, returnDate) VALUES (146, 'Airline_146', '2024-03-22', '2024-05-11');
INSERT INTO flight (flightID, airline, departureDate, returnDate) VALUES (147, 'Airline_147', '2024-01-04', '2024-09-03');
INSERT INTO flight (flightID, airline, departureDate, returnDate) VALUES (148, 'Airline_148', '2024-07-11', '2024-04-14');
INSERT INTO flight (flightID, airline, departureDate, returnDate) VALUES (149, 'Airline_149', '2024-12-07', '2024-05-21');
INSERT INTO flight (flightID, airline, departureDate, returnDate) VALUES (150, 'Airline_150', '2024-12-01', '2024-04-07');
INSERT INTO flight (flightID, airline, departureDate, returnDate) VALUES (151, 'Airline_151', '2024-11-04', '2024-01-23');
INSERT INTO flight (flightID, airline, departureDate, returnDate) VALUES (152, 'Airline_152', '2024-08-08', '2024-03-02');
INSERT INTO flight (flightID, airline, departureDate, returnDate) VALUES (153, 'Airline_153', '2024-09-06', '2024-02-21');
INSERT INTO flight (flightID, airline, departureDate, returnDate) VALUES (154, 'Airline_154', '2024-03-30', '2024-06-03');
INSERT INTO flight (flightID, airline, departureDate, returnDate) VALUES (155, 'Airline_155', '2024-03-10', '2024-06-12');
INSERT INTO flight (flightID, airline, departureDate, returnDate) VALUES (156, 'Airline_156', '2024-12-26', '2024-09-09');
INSERT INTO flight (flightID, airline, departureDate, returnDate) VALUES (157, 'Airline_157', '2024-05-21', '2024-01-27');
INSERT INTO flight (flightID, airline, departureDate, returnDate) VALUES (158, 'Airline_158', '2024-10-13', '2024-05-05');
INSERT INTO flight (flightID, airline, departureDate, returnDate) VALUES (159, 'Airline_159', '2024-02-14', '2024-01-29');
INSERT INTO flight (flightID, airline, departureDate, returnDate) VALUES (160, 'Airline_160', '2024-08-11', '2024-06-16');
INSERT INTO flight (flightID, airline, departureDate, returnDate) VALUES (161, 'Airline_161', '2024-12-27', '2024-08-02');
INSERT INTO flight (flightID, airline, departureDate, returnDate) VALUES (162, 'Airline_162', '2024-01-06', '2024-09-14');
INSERT INTO flight (flightID, airline, departureDate, returnDate) VALUES (163, 'Airline_163', '2024-10-14', '2024-11-01');
INSERT INTO flight (flightID, airline, departureDate, returnDate) VALUES (164, 'Airline_164', '2024-11-26', '2024-02-08');
INSERT INTO flight (flightID, airline, departureDate, returnDate) VALUES (165, 'Airline_165', '2024-04-29', '2024-02-18');
INSERT INTO flight (flightID, airline, departureDate, returnDate) VALUES (166, 'Airline_166', '2024-01-21', '2024-07-14');
INSERT INTO flight (flightID, airline, departureDate, returnDate) VALUES (167, 'Airline_167', '2024-08-13', '2024-08-30');
INSERT INTO flight (flightID, airline, departureDate, returnDate) VALUES (168, 'Airline_168', '2024-04-30', '2024-06-25');
INSERT INTO flight (flightID, airline, departureDate, returnDate) VALUES (169, 'Airline_169', '2024-09-28', '2024-06-19');
INSERT INTO flight (flightID, airline, departureDate, returnDate) VALUES (170, 'Airline_170', '2024-02-12', '2024-03-24');
INSERT INTO flight (flightID, airline, departureDate, returnDate) VALUES (171, 'Airline_171', '2024-02-10', '2024-01-21');
INSERT INTO flight (flightID, airline, departureDate, returnDate) VALUES (172, 'Airline_172', '2024-10-11', '2024-07-18');
INSERT INTO flight (flightID, airline, departureDate, returnDate) VALUES (173, 'Airline_173', '2024-06-29', '2024-11-21');
INSERT INTO flight (flightID, airline, departureDate, returnDate) VALUES (174, 'Airline_174', '2024-04-23', '2024-12-12');
INSERT INTO flight (flightID, airline, departureDate, returnDate) VALUES (175, 'Airline_175', '2024-02-02', '2024-05-30');
INSERT INTO flight (flightID, airline, departureDate, returnDate) VALUES (176, 'Airline_176', '2024-10-01', '2024-08-20');
INSERT INTO flight (flightID, airline, departureDate, returnDate) VALUES (177, 'Airline_177', '2024-10-25', '2024-11-01');
INSERT INTO flight (flightID, airline, departureDate, returnDate) VALUES (178, 'Airline_178', '2024-04-14', '2024-07-02');
INSERT INTO flight (flightID, airline, departureDate, returnDate) VALUES (179, 'Airline_179', '2024-07-24', '2024-08-11');
INSERT INTO flight (flightID, airline, departureDate, returnDate) VALUES (180, 'Airline_180', '2024-06-16', '2024-08-08');
INSERT INTO flight (flightID, airline, departureDate, returnDate) VALUES (181, 'Airline_181', '2024-09-01', '2024-07-25');
INSERT INTO flight (flightID, airline, departureDate, returnDate) VALUES (182, 'Airline_182', '2024-08-31', '2024-06-01');
INSERT INTO flight (flightID, airline, departureDate, returnDate) VALUES (183, 'Airline_183', '2024-12-22', '2024-10-27');
INSERT INTO flight (flightID, airline, departureDate, returnDate) VALUES (184, 'Airline_184', '2024-08-02', '2024-01-04');
INSERT INTO flight (flightID, airline, departureDate, returnDate) VALUES (185, 'Airline_185', '2024-06-20', '2024-03-24');
INSERT INTO flight (flightID, airline, departureDate, returnDate) VALUES (186, 'Airline_186', '2024-05-14', '2024-06-23');
INSERT INTO flight (flightID, airline, departureDate, returnDate) VALUES (187, 'Airline_187', '2024-01-29', '2024-02-28');
INSERT INTO flight (flightID, airline, departureDate, returnDate) VALUES (188, 'Airline_188', '2024-04-03', '2024-11-08');
INSERT INTO flight (flightID, airline, departureDate, returnDate) VALUES (189, 'Airline_189', '2024-08-25', '2024-08-30');
INSERT INTO flight (flightID, airline, departureDate, returnDate) VALUES (190, 'Airline_190', '2024-08-24', '2024-11-30');
INSERT INTO flight (flightID, airline, departureDate, returnDate) VALUES (191, 'Airline_191', '2024-09-24', '2024-10-09');
INSERT INTO flight (flightID, airline, departureDate, returnDate) VALUES (192, 'Airline_192', '2024-04-02', '2024-02-16');
INSERT INTO flight (flightID, airline, departureDate, returnDate) VALUES (193, 'Airline_193', '2024-01-09', '2024-11-28');
INSERT INTO flight (flightID, airline, departureDate, returnDate) VALUES (194, 'Airline_194', '2024-02-01', '2024-04-10');
INSERT INTO flight (flightID, airline, departureDate, returnDate) VALUES (195, 'Airline_195', '2024-11-24', '2024-09-26');
INSERT INTO flight (flightID, airline, departureDate, returnDate) VALUES (196, 'Airline_196', '2024-01-20', '2024-06-07');
INSERT INTO flight (flightID, airline, departureDate, returnDate) VALUES (197, 'Airline_197', '2024-03-06', '2024-10-18');
INSERT INTO flight (flightID, airline, departureDate, returnDate) VALUES (198, 'Airline_198', '2024-02-10', '2024-12-25');
INSERT INTO flight (flightID, airline, departureDate, returnDate) VALUES (199, 'Airline_199', '2024-03-23', '2024-05-04');
INSERT INTO flight (flightID, airline, departureDate, returnDate) VALUES (200, 'Airline_200', '2024-02-26', '2024-12-12');
INSERT INTO flight (flightID, airline, departureDate, returnDate) VALUES (201, 'Airline_201', '2024-08-15', '2024-02-06');
INSERT INTO flight (flightID, airline, departureDate, returnDate) VALUES (202, 'Airline_202', '2024-12-08', '2024-06-22');
INSERT INTO flight (flightID, airline, departureDate, returnDate) VALUES (203, 'Airline_203', '2024-09-30', '2024-08-15');

-- Inserting data into trip
INSERT INTO trip (tripID, startDate, endDate, destinationZip, hotelID, guideID) VALUES (4, '2024-10-22', '2024-02-07', 1004, 122, 191);
INSERT INTO trip (tripID, startDate, endDate, destinationZip, hotelID, guideID) VALUES (5, '2024-12-27', '2024-06-03', 1004, 112, 4);
INSERT INTO trip (tripID, startDate, endDate, destinationZip, hotelID, guideID) VALUES (6, '2024-01-11', '2024-08-02', 1004, 87, 48);
INSERT INTO trip (tripID, startDate, endDate, destinationZip, hotelID, guideID) VALUES (7, '2024-12-31', '2024-06-05', 1005, 184, 98);
INSERT INTO trip (tripID, startDate, endDate, destinationZip, hotelID, guideID) VALUES (8, '2024-08-12', '2024-08-18', 1008, 170, 119);
INSERT INTO trip (tripID, startDate, endDate, destinationZip, hotelID, guideID) VALUES (9, '2024-10-17', '2024-03-05', 1004, 106, 177);
INSERT INTO trip (tripID, startDate, endDate, destinationZip, hotelID, guideID) VALUES (10, '2024-06-26', '2024-12-13', 1005, 82, 16);
INSERT INTO trip (tripID, startDate, endDate, destinationZip, hotelID, guideID) VALUES (11, '2024-06-26', '2024-12-16', 1006, 103, 168);
INSERT INTO trip (tripID, startDate, endDate, destinationZip, hotelID, guideID) VALUES (12, '2024-03-18', '2024-08-31', 1012, 142, 25);
INSERT INTO trip (tripID, startDate, endDate, destinationZip, hotelID, guideID) VALUES (13, '2024-11-10', '2024-03-15', 1004, 48, 177);
INSERT INTO trip (tripID, startDate, endDate, destinationZip, hotelID, guideID) VALUES (14, '2024-12-14', '2024-04-22', 1012, 75, 44);
INSERT INTO trip (tripID, startDate, endDate, destinationZip, hotelID, guideID) VALUES (15, '2024-01-14', '2024-09-19', 1014, 173, 58);
INSERT INTO trip (tripID, startDate, endDate, destinationZip, hotelID, guideID) VALUES (16, '2024-12-07', '2024-04-10', 1016, 100, 109);
INSERT INTO trip (tripID, startDate, endDate, destinationZip, hotelID, guideID) VALUES (17, '2024-02-16', '2024-06-11', 1008, 33, 194);
INSERT INTO trip (tripID, startDate, endDate, destinationZip, hotelID, guideID) VALUES (18, '2024-02-19', '2024-10-25', 1005, 157, 166);
INSERT INTO trip (tripID, startDate, endDate, destinationZip, hotelID, guideID) VALUES (19, '2024-02-22', '2024-03-31', 1018, 122, 189);
INSERT INTO trip (tripID, startDate, endDate, destinationZip, hotelID, guideID) VALUES (20, '2024-08-30', '2024-07-03', 1018, 89, 172);
INSERT INTO trip (tripID, startDate, endDate, destinationZip, hotelID, guideID) VALUES (21, '2024-03-13', '2024-08-21', 1011, 159, 15);
INSERT INTO trip (tripID, startDate, endDate, destinationZip, hotelID, guideID) VALUES (22, '2024-12-13', '2024-08-05', 1010, 134, 112);
INSERT INTO trip (tripID, startDate, endDate, destinationZip, hotelID, guideID) VALUES (23, '2024-09-20', '2024-07-05', 1008, 143, 7);
INSERT INTO trip (tripID, startDate, endDate, destinationZip, hotelID, guideID) VALUES (24, '2024-01-30', '2024-11-09', 1012, 125, 198);
INSERT INTO trip (tripID, startDate, endDate, destinationZip, hotelID, guideID) VALUES (25, '2024-09-21', '2024-06-11', 1009, 192, 133);
INSERT INTO trip (tripID, startDate, endDate, destinationZip, hotelID, guideID) VALUES (26, '2024-07-31', '2024-06-21', 1007, 143, 88);
INSERT INTO trip (tripID, startDate, endDate, destinationZip, hotelID, guideID) VALUES (27, '2024-04-24', '2024-07-10', 1022, 4, 40);
INSERT INTO trip (tripID, startDate, endDate, destinationZip, hotelID, guideID) VALUES (28, '2024-04-01', '2024-02-12', 1021, 87, 173);
INSERT INTO trip (tripID, startDate, endDate, destinationZip, hotelID, guideID) VALUES (29, '2024-11-19', '2024-08-26', 1014, 148, 75);
INSERT INTO trip (tripID, startDate, endDate, destinationZip, hotelID, guideID) VALUES (30, '2024-10-04', '2024-12-03', 1030, 6, 54);
INSERT INTO trip (tripID, startDate, endDate, destinationZip, hotelID, guideID) VALUES (31, '2024-03-06', '2024-06-05', 1021, 87, 198);
INSERT INTO trip (tripID, startDate, endDate, destinationZip, hotelID, guideID) VALUES (32, '2024-10-21', '2024-09-14', 1025, 174, 78);
INSERT INTO trip (tripID, startDate, endDate, destinationZip, hotelID, guideID) VALUES (33, '2024-01-26', '2024-03-10', 1029, 78, 41);
INSERT INTO trip (tripID, startDate, endDate, destinationZip, hotelID, guideID) VALUES (34, '2024-06-24', '2024-01-15', 1005, 23, 158);
INSERT INTO trip (tripID, startDate, endDate, destinationZip, hotelID, guideID) VALUES (35, '2024-02-03', '2024-10-14', 1013, 184, 55);
INSERT INTO trip (tripID, startDate, endDate, destinationZip, hotelID, guideID) VALUES (36, '2024-06-18', '2024-08-12', 1035, 120, 23);
INSERT INTO trip (tripID, startDate, endDate, destinationZip, hotelID, guideID) VALUES (37, '2024-05-12', '2024-01-29', 1009, 57, 141);
INSERT INTO trip (tripID, startDate, endDate, destinationZip, hotelID, guideID) VALUES (38, '2024-06-21', '2024-09-21', 1032, 10, 49);
INSERT INTO trip (tripID, startDate, endDate, destinationZip, hotelID, guideID) VALUES (39, '2024-06-18', '2024-02-01', 1038, 37, 190);
INSERT INTO trip (tripID, startDate, endDate, destinationZip, hotelID, guideID) VALUES (40, '2024-02-17', '2024-01-31', 1004, 102, 58);
INSERT INTO trip (tripID, startDate, endDate, destinationZip, hotelID, guideID) VALUES (41, '2024-05-10', '2024-04-14', 1039, 158, 161);
INSERT INTO trip (tripID, startDate, endDate, destinationZip, hotelID, guideID) VALUES (42, '2024-09-26', '2024-01-12', 1024, 199, 59);
INSERT INTO trip (tripID, startDate, endDate, destinationZip, hotelID, guideID) VALUES (43, '2024-04-28', '2024-03-27', 1015, 78, 138);
INSERT INTO trip (tripID, startDate, endDate, destinationZip, hotelID, guideID) VALUES (44, '2024-07-13', '2024-12-04', 1027, 57, 69);
INSERT INTO trip (tripID, startDate, endDate, destinationZip, hotelID, guideID) VALUES (45, '2024-05-20', '2024-10-31', 1035, 90, 170);
INSERT INTO trip (tripID, startDate, endDate, destinationZip, hotelID, guideID) VALUES (46, '2024-12-01', '2024-05-15', 1020, 49, 75);
INSERT INTO trip (tripID, startDate, endDate, destinationZip, hotelID, guideID) VALUES (47, '2024-02-05', '2024-03-15', 1045, 155, 12);
INSERT INTO trip (tripID, startDate, endDate, destinationZip, hotelID, guideID) VALUES (48, '2024-04-07', '2024-01-26', 1034, 38, 6);
INSERT INTO trip (tripID, startDate, endDate, destinationZip, hotelID, guideID) VALUES (49, '2024-06-28', '2024-06-11', 1009, 187, 141);
INSERT INTO trip (tripID, startDate, endDate, destinationZip, hotelID, guideID) VALUES (50, '2024-04-29', '2024-03-11', 1024, 151, 106);
INSERT INTO trip (tripID, startDate, endDate, destinationZip, hotelID, guideID) VALUES (51, '2024-08-13', '2024-07-12', 1023, 144, 196);
INSERT INTO trip (tripID, startDate, endDate, destinationZip, hotelID, guideID) VALUES (52, '2024-10-19', '2024-10-23', 1038, 111, 47);
INSERT INTO trip (tripID, startDate, endDate, destinationZip, hotelID, guideID) VALUES (53, '2024-11-07', '2024-05-18', 1018, 159, 103);
INSERT INTO trip (tripID, startDate, endDate, destinationZip, hotelID, guideID) VALUES (54, '2024-09-24', '2024-03-07', 1050, 86, 20);
INSERT INTO trip (tripID, startDate, endDate, destinationZip, hotelID, guideID) VALUES (55, '2024-05-24', '2024-07-12', 1014, 79, 5);
INSERT INTO trip (tripID, startDate, endDate, destinationZip, hotelID, guideID) VALUES (56, '2024-11-13', '2024-10-18', 1041, 178, 137);
INSERT INTO trip (tripID, startDate, endDate, destinationZip, hotelID, guideID) VALUES (57, '2024-11-26', '2024-06-07', 1042, 37, 24);
INSERT INTO trip (tripID, startDate, endDate, destinationZip, hotelID, guideID) VALUES (58, '2024-02-26', '2024-06-13', 1014, 77, 88);
INSERT INTO trip (tripID, startDate, endDate, destinationZip, hotelID, guideID) VALUES (59, '2024-09-17', '2024-06-11', 1055, 171, 10);
INSERT INTO trip (tripID, startDate, endDate, destinationZip, hotelID, guideID) VALUES (60, '2024-03-09', '2024-06-08', 1043, 129, 158);
INSERT INTO trip (tripID, startDate, endDate, destinationZip, hotelID, guideID) VALUES (61, '2024-04-28', '2024-01-02', 1039, 183, 94);
INSERT INTO trip (tripID, startDate, endDate, destinationZip, hotelID, guideID) VALUES (62, '2024-11-03', '2024-10-16', 1056, 155, 126);
INSERT INTO trip (tripID, startDate, endDate, destinationZip, hotelID, guideID) VALUES (63, '2024-10-07', '2024-08-09', 1019, 109, 35);
INSERT INTO trip (tripID, startDate, endDate, destinationZip, hotelID, guideID) VALUES (64, '2024-06-04', '2024-09-30', 1007, 197, 192);
INSERT INTO trip (tripID, startDate, endDate, destinationZip, hotelID, guideID) VALUES (65, '2024-02-04', '2024-06-28', 1040, 175, 74);
INSERT INTO trip (tripID, startDate, endDate, destinationZip, hotelID, guideID) VALUES (66, '2024-01-04', '2024-05-10', 1058, 32, 133);
INSERT INTO trip (tripID, startDate, endDate, destinationZip, hotelID, guideID) VALUES (67, '2024-08-30', '2024-12-18', 1027, 54, 129);
INSERT INTO trip (tripID, startDate, endDate, destinationZip, hotelID, guideID) VALUES (68, '2024-01-04', '2024-01-07', 1020, 72, 90);
INSERT INTO trip (tripID, startDate, endDate, destinationZip, hotelID, guideID) VALUES (69, '2024-09-29', '2024-10-18', 1024, 32, 42);
INSERT INTO trip (tripID, startDate, endDate, destinationZip, hotelID, guideID) VALUES (70, '2024-09-23', '2024-10-22', 1023, 194, 157);
INSERT INTO trip (tripID, startDate, endDate, destinationZip, hotelID, guideID) VALUES (71, '2024-08-28', '2024-05-26', 1024, 40, 83);
INSERT INTO trip (tripID, startDate, endDate, destinationZip, hotelID, guideID) VALUES (72, '2024-02-05', '2024-04-05', 1036, 32, 135);
INSERT INTO trip (tripID, startDate, endDate, destinationZip, hotelID, guideID) VALUES (73, '2024-04-20', '2024-11-14', 1028, 6, 9);
INSERT INTO trip (tripID, startDate, endDate, destinationZip, hotelID, guideID) VALUES (74, '2024-10-27', '2024-09-18', 1045, 175, 138);
INSERT INTO trip (tripID, startDate, endDate, destinationZip, hotelID, guideID) VALUES (75, '2024-09-30', '2024-05-18', 1039, 33, 187);
INSERT INTO trip (tripID, startDate, endDate, destinationZip, hotelID, guideID) VALUES (76, '2024-12-09', '2024-05-21', 1040, 52, 131);
INSERT INTO trip (tripID, startDate, endDate, destinationZip, hotelID, guideID) VALUES (77, '2024-12-24', '2024-02-11', 1050, 50, 178);
INSERT INTO trip (tripID, startDate, endDate, destinationZip, hotelID, guideID) VALUES (78, '2024-02-08', '2024-08-29', 1043, 89, 25);
INSERT INTO trip (tripID, startDate, endDate, destinationZip, hotelID, guideID) VALUES (79, '2024-10-18', '2024-03-14', 1062, 103, 34);
INSERT INTO trip (tripID, startDate, endDate, destinationZip, hotelID, guideID) VALUES (80, '2024-04-08', '2024-06-08', 1057, 152, 117);
INSERT INTO trip (tripID, startDate, endDate, destinationZip, hotelID, guideID) VALUES (81, '2024-06-26', '2024-08-12', 1023, 118, 21);
INSERT INTO trip (tripID, startDate, endDate, destinationZip, hotelID, guideID) VALUES (82, '2024-05-24', '2024-02-13', 1066, 113, 119);
INSERT INTO trip (tripID, startDate, endDate, destinationZip, hotelID, guideID) VALUES (83, '2024-10-11', '2024-08-27', 1031, 37, 46);
INSERT INTO trip (tripID, startDate, endDate, destinationZip, hotelID, guideID) VALUES (84, '2024-11-07', '2024-09-02', 1037, 167, 180);
INSERT INTO trip (tripID, startDate, endDate, destinationZip, hotelID, guideID) VALUES (85, '2024-12-14', '2024-05-16', 1039, 175, 177);
INSERT INTO trip (tripID, startDate, endDate, destinationZip, hotelID, guideID) VALUES (86, '2024-05-15', '2024-07-25', 1006, 48, 166);
INSERT INTO trip (tripID, startDate, endDate, destinationZip, hotelID, guideID) VALUES (87, '2024-06-29', '2024-05-28', 1004, 141, 31);
INSERT INTO trip (tripID, startDate, endDate, destinationZip, hotelID, guideID) VALUES (88, '2024-09-26', '2024-02-19', 1019, 80, 169);
INSERT INTO trip (tripID, startDate, endDate, destinationZip, hotelID, guideID) VALUES (89, '2024-04-24', '2024-09-08', 1058, 191, 85);
INSERT INTO trip (tripID, startDate, endDate, destinationZip, hotelID, guideID) VALUES (90, '2024-04-07', '2024-08-17', 1058, 202, 180);
INSERT INTO trip (tripID, startDate, endDate, destinationZip, hotelID, guideID) VALUES (91, '2024-01-02', '2024-06-11', 1049, 119, 16);
INSERT INTO trip (tripID, startDate, endDate, destinationZip, hotelID, guideID) VALUES (92, '2024-08-30', '2024-10-18', 1061, 21, 52);
INSERT INTO trip (tripID, startDate, endDate, destinationZip, hotelID, guideID) VALUES (93, '2024-10-12', '2024-11-03', 1069, 135, 37);
INSERT INTO trip (tripID, startDate, endDate, destinationZip, hotelID, guideID) VALUES (94, '2024-06-09', '2024-01-23', 1016, 28, 198);
INSERT INTO trip (tripID, startDate, endDate, destinationZip, hotelID, guideID) VALUES (95, '2024-01-02', '2024-07-09', 1023, 56, 53);
INSERT INTO trip (tripID, startDate, endDate, destinationZip, hotelID, guideID) VALUES (96, '2024-10-02', '2024-07-11', 1021, 7, 19);
INSERT INTO trip (tripID, startDate, endDate, destinationZip, hotelID, guideID) VALUES (97, '2024-08-22', '2024-12-21', 1070, 93, 167);
INSERT INTO trip (tripID, startDate, endDate, destinationZip, hotelID, guideID) VALUES (98, '2024-03-13', '2024-04-18', 1028, 12, 76);
INSERT INTO trip (tripID, startDate, endDate, destinationZip, hotelID, guideID) VALUES (99, '2024-09-17', '2024-09-07', 1037, 88, 101);
INSERT INTO trip (tripID, startDate, endDate, destinationZip, hotelID, guideID) VALUES (100, '2024-09-06', '2024-06-13', 1050, 4, 118);
INSERT INTO trip (tripID, startDate, endDate, destinationZip, hotelID, guideID) VALUES (101, '2024-10-13', '2024-06-19', 1099, 197, 130);
INSERT INTO trip (tripID, startDate, endDate, destinationZip, hotelID, guideID) VALUES (102, '2024-11-27', '2024-01-24', 1022, 137, 150);
INSERT INTO trip (tripID, startDate, endDate, destinationZip, hotelID, guideID) VALUES (103, '2024-04-04', '2024-06-10', 1018, 128, 146);
INSERT INTO trip (tripID, startDate, endDate, destinationZip, hotelID, guideID) VALUES (104, '2024-08-08', '2024-04-09', 1005, 159, 32);
INSERT INTO trip (tripID, startDate, endDate, destinationZip, hotelID, guideID) VALUES (105, '2024-02-09', '2024-08-28', 1015, 201, 52);
INSERT INTO trip (tripID, startDate, endDate, destinationZip, hotelID, guideID) VALUES (106, '2024-07-29', '2024-03-10', 1025, 120, 31);
INSERT INTO trip (tripID, startDate, endDate, destinationZip, hotelID, guideID) VALUES (107, '2024-03-06', '2024-01-05', 1019, 14, 71);
INSERT INTO trip (tripID, startDate, endDate, destinationZip, hotelID, guideID) VALUES (108, '2024-02-22', '2024-07-10', 1046, 197, 45);
INSERT INTO trip (tripID, startDate, endDate, destinationZip, hotelID, guideID) VALUES (109, '2024-07-24', '2024-01-19', 1051, 125, 36);
INSERT INTO trip (tripID, startDate, endDate, destinationZip, hotelID, guideID) VALUES (110, '2024-09-17', '2024-01-27', 1018, 31, 146);
INSERT INTO trip (tripID, startDate, endDate, destinationZip, hotelID, guideID) VALUES (111, '2024-05-15', '2024-10-01', 1110, 17, 47);
INSERT INTO trip (tripID, startDate, endDate, destinationZip, hotelID, guideID) VALUES (112, '2024-08-20', '2024-12-05', 1097, 50, 21);
INSERT INTO trip (tripID, startDate, endDate, destinationZip, hotelID, guideID) VALUES (113, '2024-10-27', '2024-05-23', 1048, 98, 100);
INSERT INTO trip (tripID, startDate, endDate, destinationZip, hotelID, guideID) VALUES (114, '2024-10-24', '2024-01-17', 1091, 159, 80);
INSERT INTO trip (tripID, startDate, endDate, destinationZip, hotelID, guideID) VALUES (115, '2024-03-04', '2024-08-29', 1024, 73, 94);
INSERT INTO trip (tripID, startDate, endDate, destinationZip, hotelID, guideID) VALUES (116, '2024-01-29', '2024-06-28', 1063, 119, 106);
INSERT INTO trip (tripID, startDate, endDate, destinationZip, hotelID, guideID) VALUES (117, '2024-11-12', '2024-08-16', 1116, 96, 144);
INSERT INTO trip (tripID, startDate, endDate, destinationZip, hotelID, guideID) VALUES (118, '2024-01-12', '2024-10-09', 1032, 105, 40);
INSERT INTO trip (tripID, startDate, endDate, destinationZip, hotelID, guideID) VALUES (119, '2024-07-11', '2024-04-07', 1034, 187, 103);
INSERT INTO trip (tripID, startDate, endDate, destinationZip, hotelID, guideID) VALUES (120, '2024-06-10', '2024-10-13', 1108, 151, 107);
INSERT INTO trip (tripID, startDate, endDate, destinationZip, hotelID, guideID) VALUES (121, '2024-02-08', '2024-11-17', 1080, 132, 39);
INSERT INTO trip (tripID, startDate, endDate, destinationZip, hotelID, guideID) VALUES (122, '2024-03-26', '2024-11-18', 1031, 197, 72);
INSERT INTO trip (tripID, startDate, endDate, destinationZip, hotelID, guideID) VALUES (123, '2024-01-04', '2024-01-31', 1089, 43, 35);
INSERT INTO trip (tripID, startDate, endDate, destinationZip, hotelID, guideID) VALUES (124, '2024-01-18', '2024-05-28', 1061, 12, 64);
INSERT INTO trip (tripID, startDate, endDate, destinationZip, hotelID, guideID) VALUES (125, '2024-08-16', '2024-01-29', 1060, 95, 84);
INSERT INTO trip (tripID, startDate, endDate, destinationZip, hotelID, guideID) VALUES (126, '2024-02-25', '2024-07-03', 1124, 147, 89);
INSERT INTO trip (tripID, startDate, endDate, destinationZip, hotelID, guideID) VALUES (127, '2024-09-17', '2024-05-27', 1062, 16, 66);
INSERT INTO trip (tripID, startDate, endDate, destinationZip, hotelID, guideID) VALUES (128, '2024-03-26', '2024-10-25', 1103, 140, 152);
INSERT INTO trip (tripID, startDate, endDate, destinationZip, hotelID, guideID) VALUES (129, '2024-09-26', '2024-02-12', 1046, 188, 77);
INSERT INTO trip (tripID, startDate, endDate, destinationZip, hotelID, guideID) VALUES (130, '2024-04-21', '2024-09-08', 1023, 7, 189);
INSERT INTO trip (tripID, startDate, endDate, destinationZip, hotelID, guideID) VALUES (131, '2024-12-12', '2024-04-24', 1055, 112, 185);
INSERT INTO trip (tripID, startDate, endDate, destinationZip, hotelID, guideID) VALUES (132, '2024-08-29', '2024-12-27', 1035, 184, 22);
INSERT INTO trip (tripID, startDate, endDate, destinationZip, hotelID, guideID) VALUES (133, '2024-09-05', '2024-03-07', 1078, 123, 187);
INSERT INTO trip (tripID, startDate, endDate, destinationZip, hotelID, guideID) VALUES (134, '2024-01-14', '2024-01-14', 1031, 24, 140);
INSERT INTO trip (tripID, startDate, endDate, destinationZip, hotelID, guideID) VALUES (135, '2024-02-06', '2024-10-19', 1044, 168, 46);
INSERT INTO trip (tripID, startDate, endDate, destinationZip, hotelID, guideID) VALUES (136, '2024-04-29', '2024-08-10', 1006, 10, 57);
INSERT INTO trip (tripID, startDate, endDate, destinationZip, hotelID, guideID) VALUES (137, '2024-11-23', '2024-06-07', 1042, 132, 74);
INSERT INTO trip (tripID, startDate, endDate, destinationZip, hotelID, guideID) VALUES (138, '2024-08-16', '2024-05-31', 1131, 113, 24);
INSERT INTO trip (tripID, startDate, endDate, destinationZip, hotelID, guideID) VALUES (139, '2024-09-11', '2024-09-25', 1023, 124, 38);
INSERT INTO trip (tripID, startDate, endDate, destinationZip, hotelID, guideID) VALUES (140, '2024-10-28', '2024-01-15', 1019, 149, 174);
INSERT INTO trip (tripID, startDate, endDate, destinationZip, hotelID, guideID) VALUES (141, '2024-02-23', '2024-02-14', 1101, 81, 48);
INSERT INTO trip (tripID, startDate, endDate, destinationZip, hotelID, guideID) VALUES (142, '2024-10-30', '2024-11-21', 1086, 184, 180);
INSERT INTO trip (tripID, startDate, endDate, destinationZip, hotelID, guideID) VALUES (143, '2024-09-10', '2024-04-07', 1025, 87, 101);
INSERT INTO trip (tripID, startDate, endDate, destinationZip, hotelID, guideID) VALUES (144, '2024-04-08', '2024-12-29', 1102, 82, 104);
INSERT INTO trip (tripID, startDate, endDate, destinationZip, hotelID, guideID) VALUES (145, '2024-02-29', '2024-12-31', 1097, 178, 5);
INSERT INTO trip (tripID, startDate, endDate, destinationZip, hotelID, guideID) VALUES (146, '2024-07-24', '2024-04-03', 1049, 142, 44);
INSERT INTO trip (tripID, startDate, endDate, destinationZip, hotelID, guideID) VALUES (147, '2024-08-18', '2024-10-24', 1087, 177, 102);
INSERT INTO trip (tripID, startDate, endDate, destinationZip, hotelID, guideID) VALUES (148, '2024-01-14', '2024-07-14', 1037, 104, 167);
INSERT INTO trip (tripID, startDate, endDate, destinationZip, hotelID, guideID) VALUES (149, '2024-05-23', '2024-10-01', 1132, 183, 115);
INSERT INTO trip (tripID, startDate, endDate, destinationZip, hotelID, guideID) VALUES (150, '2024-01-25', '2024-10-26', 1053, 201, 122);
INSERT INTO trip (tripID, startDate, endDate, destinationZip, hotelID, guideID) VALUES (151, '2024-03-08', '2024-08-06', 1093, 131, 76);
INSERT INTO trip (tripID, startDate, endDate, destinationZip, hotelID, guideID) VALUES (152, '2024-12-05', '2024-07-19', 1108, 29, 32);
INSERT INTO trip (tripID, startDate, endDate, destinationZip, hotelID, guideID) VALUES (153, '2024-10-15', '2024-05-11', 1127, 117, 134);
INSERT INTO trip (tripID, startDate, endDate, destinationZip, hotelID, guideID) VALUES (154, '2024-06-15', '2024-07-18', 1075, 46, 91);
INSERT INTO trip (tripID, startDate, endDate, destinationZip, hotelID, guideID) VALUES (155, '2024-08-08', '2024-10-08', 1020, 6, 25);
INSERT INTO trip (tripID, startDate, endDate, destinationZip, hotelID, guideID) VALUES (156, '2024-07-23', '2024-03-05', 1147, 54, 53);
INSERT INTO trip (tripID, startDate, endDate, destinationZip, hotelID, guideID) VALUES (157, '2024-11-23', '2024-03-23', 1076, 115, 190);
INSERT INTO trip (tripID, startDate, endDate, destinationZip, hotelID, guideID) VALUES (158, '2024-07-15', '2024-01-16', 1022, 71, 57);
INSERT INTO trip (tripID, startDate, endDate, destinationZip, hotelID, guideID) VALUES (159, '2024-08-10', '2024-08-05', 1067, 14, 66);
INSERT INTO trip (tripID, startDate, endDate, destinationZip, hotelID, guideID) VALUES (160, '2024-05-28', '2024-06-17', 1150, 149, 197);
INSERT INTO trip (tripID, startDate, endDate, destinationZip, hotelID, guideID) VALUES (161, '2024-07-22', '2024-04-28', 1026, 23, 74);
INSERT INTO trip (tripID, startDate, endDate, destinationZip, hotelID, guideID) VALUES (162, '2024-01-19', '2024-01-02', 1052, 34, 45);
INSERT INTO trip (tripID, startDate, endDate, destinationZip, hotelID, guideID) VALUES (163, '2024-04-13', '2024-09-11', 1073, 121, 143);
INSERT INTO trip (tripID, startDate, endDate, destinationZip, hotelID, guideID) VALUES (164, '2024-04-15', '2024-09-16', 1117, 131, 172);
INSERT INTO trip (tripID, startDate, endDate, destinationZip, hotelID, guideID) VALUES (165, '2024-10-20', '2024-10-05', 1009, 44, 4);
INSERT INTO trip (tripID, startDate, endDate, destinationZip, hotelID, guideID) VALUES (166, '2024-08-17', '2024-08-31', 1019, 79, 46);
INSERT INTO trip (tripID, startDate, endDate, destinationZip, hotelID, guideID) VALUES (167, '2024-01-13', '2024-06-01', 1011, 97, 32);
INSERT INTO trip (tripID, startDate, endDate, destinationZip, hotelID, guideID) VALUES (168, '2024-02-22', '2024-11-17', 1069, 56, 183);
INSERT INTO trip (tripID, startDate, endDate, destinationZip, hotelID, guideID) VALUES (169, '2024-04-20', '2024-08-17', 1080, 106, 44);
INSERT INTO trip (tripID, startDate, endDate, destinationZip, hotelID, guideID) VALUES (170, '2024-11-29', '2024-09-19', 1056, 88, 98);
INSERT INTO trip (tripID, startDate, endDate, destinationZip, hotelID, guideID) VALUES (171, '2024-12-29', '2024-08-16', 1129, 187, 16);
INSERT INTO trip (tripID, startDate, endDate, destinationZip, hotelID, guideID) VALUES (172, '2024-10-14', '2024-10-28', 1162, 189, 20);
INSERT INTO trip (tripID, startDate, endDate, destinationZip, hotelID, guideID) VALUES (173, '2024-10-29', '2024-04-30', 1014, 191, 131);
INSERT INTO trip (tripID, startDate, endDate, destinationZip, hotelID, guideID) VALUES (174, '2024-11-21', '2024-01-04', 1042, 66, 32);
INSERT INTO trip (tripID, startDate, endDate, destinationZip, hotelID, guideID) VALUES (175, '2024-06-02', '2024-01-05', 1051, 200, 53);
INSERT INTO trip (tripID, startDate, endDate, destinationZip, hotelID, guideID) VALUES (176, '2024-06-02', '2024-04-12', 1099, 46, 101);
INSERT INTO trip (tripID, startDate, endDate, destinationZip, hotelID, guideID) VALUES (177, '2024-03-28', '2024-01-22', 1146, 83, 123);
INSERT INTO trip (tripID, startDate, endDate, destinationZip, hotelID, guideID) VALUES (178, '2024-05-05', '2024-04-25', 1099, 144, 106);
INSERT INTO trip (tripID, startDate, endDate, destinationZip, hotelID, guideID) VALUES (179, '2024-06-03', '2024-12-12', 1016, 197, 132);
INSERT INTO trip (tripID, startDate, endDate, destinationZip, hotelID, guideID) VALUES (180, '2024-06-28', '2024-09-25', 1073, 84, 144);
INSERT INTO trip (tripID, startDate, endDate, destinationZip, hotelID, guideID) VALUES (181, '2024-01-28', '2024-03-12', 1059, 21, 45);
INSERT INTO trip (tripID, startDate, endDate, destinationZip, hotelID, guideID) VALUES (182, '2024-07-05', '2024-08-20', 1034, 80, 136);
INSERT INTO trip (tripID, startDate, endDate, destinationZip, hotelID, guideID) VALUES (183, '2024-05-24', '2024-10-19', 1075, 23, 116);
INSERT INTO trip (tripID, startDate, endDate, destinationZip, hotelID, guideID) VALUES (184, '2024-11-04', '2024-11-20', 1086, 123, 198);
INSERT INTO trip (tripID, startDate, endDate, destinationZip, hotelID, guideID) VALUES (185, '2024-03-17', '2024-04-09', 1006, 133, 76);
INSERT INTO trip (tripID, startDate, endDate, destinationZip, hotelID, guideID) VALUES (186, '2024-10-20', '2024-12-12', 1046, 111, 95);
INSERT INTO trip (tripID, startDate, endDate, destinationZip, hotelID, guideID) VALUES (187, '2024-02-22', '2024-08-08', 1017, 169, 121);
INSERT INTO trip (tripID, startDate, endDate, destinationZip, hotelID, guideID) VALUES (188, '2024-05-08', '2024-09-03', 1125, 123, 64);
INSERT INTO trip (tripID, startDate, endDate, destinationZip, hotelID, guideID) VALUES (189, '2024-09-06', '2024-01-05', 1127, 71, 131);
INSERT INTO trip (tripID, startDate, endDate, destinationZip, hotelID, guideID) VALUES (190, '2024-10-10', '2024-03-13', 1137, 8, 165);
INSERT INTO trip (tripID, startDate, endDate, destinationZip, hotelID, guideID) VALUES (191, '2024-02-06', '2024-03-11', 1009, 31, 136);
INSERT INTO trip (tripID, startDate, endDate, destinationZip, hotelID, guideID) VALUES (192, '2024-04-07', '2024-02-08', 1181, 19, 83);
INSERT INTO trip (tripID, startDate, endDate, destinationZip, hotelID, guideID) VALUES (193, '2024-06-09', '2024-10-25', 1103, 129, 167);
INSERT INTO trip (tripID, startDate, endDate, destinationZip, hotelID, guideID) VALUES (194, '2024-02-02', '2024-02-19', 1004, 185, 75);
INSERT INTO trip (tripID, startDate, endDate, destinationZip, hotelID, guideID) VALUES (195, '2024-04-28', '2024-08-01', 1153, 72, 104);
INSERT INTO trip (tripID, startDate, endDate, destinationZip, hotelID, guideID) VALUES (196, '2024-12-13', '2024-06-30', 1041, 35, 196);
INSERT INTO trip (tripID, startDate, endDate, destinationZip, hotelID, guideID) VALUES (197, '2024-04-29', '2024-12-29', 1039, 55, 192);
INSERT INTO trip (tripID, startDate, endDate, destinationZip, hotelID, guideID) VALUES (198, '2024-10-29', '2024-05-18', 1060, 145, 60);
INSERT INTO trip (tripID, startDate, endDate, destinationZip, hotelID, guideID) VALUES (199, '2024-09-19', '2024-08-26', 1038, 180, 177);
INSERT INTO trip (tripID, startDate, endDate, destinationZip, hotelID, guideID) VALUES (200, '2024-03-08', '2024-12-19', 1086, 161, 156);
INSERT INTO trip (tripID, startDate, endDate, destinationZip, hotelID, guideID) VALUES (201, '2024-07-19', '2024-07-07', 1041, 86, 42);
INSERT INTO trip (tripID, startDate, endDate, destinationZip, hotelID, guideID) VALUES (202, '2024-12-12', '2024-02-26', 1146, 86, 98);
INSERT INTO trip (tripID, startDate, endDate, destinationZip, hotelID, guideID) VALUES (203, '2024-07-31', '2024-03-09', 1082, 195, 85);

-- Inserting data into invite
INSERT INTO invite (tripID, customerID, totalCustomer) VALUES (4, 159, 1);
INSERT INTO invite (tripID, customerID, totalCustomer) VALUES (5, 172, 2);
INSERT INTO invite (tripID, customerID, totalCustomer) VALUES (6, 145, 1);
INSERT INTO invite (tripID, customerID, totalCustomer) VALUES (7, 97, 2);
INSERT INTO invite (tripID, customerID, totalCustomer) VALUES (8, 100, 1);
INSERT INTO invite (tripID, customerID, totalCustomer) VALUES (9, 98, 5);
INSERT INTO invite (tripID, customerID, totalCustomer) VALUES (10, 13, 4);
INSERT INTO invite (tripID, customerID, totalCustomer) VALUES (11, 114, 4);
INSERT INTO invite (tripID, customerID, totalCustomer) VALUES (12, 101, 3);
INSERT INTO invite (tripID, customerID, totalCustomer) VALUES (13, 101, 1);
INSERT INTO invite (tripID, customerID, totalCustomer) VALUES (14, 71, 3);
INSERT INTO invite (tripID, customerID, totalCustomer) VALUES (15, 21, 3);
INSERT INTO invite (tripID, customerID, totalCustomer) VALUES (16, 64, 3);
INSERT INTO invite (tripID, customerID, totalCustomer) VALUES (17, 73, 4);
INSERT INTO invite (tripID, customerID, totalCustomer) VALUES (18, 103, 2);
INSERT INTO invite (tripID, customerID, totalCustomer) VALUES (19, 28, 4);
INSERT INTO invite (tripID, customerID, totalCustomer) VALUES (20, 141, 2);
INSERT INTO invite (tripID, customerID, totalCustomer) VALUES (21, 87, 2);
INSERT INTO invite (tripID, customerID, totalCustomer) VALUES (22, 154, 4);
INSERT INTO invite (tripID, customerID, totalCustomer) VALUES (23, 111, 5);
INSERT INTO invite (tripID, customerID, totalCustomer) VALUES (24, 40, 1);
INSERT INTO invite (tripID, customerID, totalCustomer) VALUES (25, 62, 2);
INSERT INTO invite (tripID, customerID, totalCustomer) VALUES (26, 145, 5);
INSERT INTO invite (tripID, customerID, totalCustomer) VALUES (27, 197, 3);
INSERT INTO invite (tripID, customerID, totalCustomer) VALUES (28, 121, 1);
INSERT INTO invite (tripID, customerID, totalCustomer) VALUES (29, 134, 5);
INSERT INTO invite (tripID, customerID, totalCustomer) VALUES (30, 105, 4);
INSERT INTO invite (tripID, customerID, totalCustomer) VALUES (31, 123, 4);
INSERT INTO invite (tripID, customerID, totalCustomer) VALUES (32, 15, 1);
INSERT INTO invite (tripID, customerID, totalCustomer) VALUES (33, 32, 1);
INSERT INTO invite (tripID, customerID, totalCustomer) VALUES (34, 63, 5);
INSERT INTO invite (tripID, customerID, totalCustomer) VALUES (35, 58, 1);
INSERT INTO invite (tripID, customerID, totalCustomer) VALUES (36, 155, 1);
INSERT INTO invite (tripID, customerID, totalCustomer) VALUES (37, 141, 2);
INSERT INTO invite (tripID, customerID, totalCustomer) VALUES (38, 199, 2);
INSERT INTO invite (tripID, customerID, totalCustomer) VALUES (39, 44, 4);
INSERT INTO invite (tripID, customerID, totalCustomer) VALUES (40, 188, 3);
INSERT INTO invite (tripID, customerID, totalCustomer) VALUES (41, 85, 3);
INSERT INTO invite (tripID, customerID, totalCustomer) VALUES (42, 66, 3);
INSERT INTO invite (tripID, customerID, totalCustomer) VALUES (43, 140, 2);
INSERT INTO invite (tripID, customerID, totalCustomer) VALUES (44, 167, 2);
INSERT INTO invite (tripID, customerID, totalCustomer) VALUES (45, 171, 5);
INSERT INTO invite (tripID, customerID, totalCustomer) VALUES (46, 23, 5);
INSERT INTO invite (tripID, customerID, totalCustomer) VALUES (47, 34, 3);
INSERT INTO invite (tripID, customerID, totalCustomer) VALUES (48, 102, 5);
INSERT INTO invite (tripID, customerID, totalCustomer) VALUES (49, 135, 3);
INSERT INTO invite (tripID, customerID, totalCustomer) VALUES (50, 171, 5);
INSERT INTO invite (tripID, customerID, totalCustomer) VALUES (51, 43, 4);
INSERT INTO invite (tripID, customerID, totalCustomer) VALUES (52, 127, 2);
INSERT INTO invite (tripID, customerID, totalCustomer) VALUES (53, 38, 5);
INSERT INTO invite (tripID, customerID, totalCustomer) VALUES (54, 7, 5);
INSERT INTO invite (tripID, customerID, totalCustomer) VALUES (55, 26, 2);
INSERT INTO invite (tripID, customerID, totalCustomer) VALUES (56, 105, 3);
INSERT INTO invite (tripID, customerID, totalCustomer) VALUES (57, 12, 1);
INSERT INTO invite (tripID, customerID, totalCustomer) VALUES (58, 76, 3);
INSERT INTO invite (tripID, customerID, totalCustomer) VALUES (59, 103, 5);
INSERT INTO invite (tripID, customerID, totalCustomer) VALUES (60, 199, 5);
INSERT INTO invite (tripID, customerID, totalCustomer) VALUES (61, 101, 2);
INSERT INTO invite (tripID, customerID, totalCustomer) VALUES (62, 75, 2);
INSERT INTO invite (tripID, customerID, totalCustomer) VALUES (63, 9, 4);
INSERT INTO invite (tripID, customerID, totalCustomer) VALUES (64, 132, 4);
INSERT INTO invite (tripID, customerID, totalCustomer) VALUES (65, 202, 1);
INSERT INTO invite (tripID, customerID, totalCustomer) VALUES (66, 173, 3);
INSERT INTO invite (tripID, customerID, totalCustomer) VALUES (67, 185, 4);
INSERT INTO invite (tripID, customerID, totalCustomer) VALUES (68, 200, 1);
INSERT INTO invite (tripID, customerID, totalCustomer) VALUES (69, 130, 3);
INSERT INTO invite (tripID, customerID, totalCustomer) VALUES (70, 35, 5);
INSERT INTO invite (tripID, customerID, totalCustomer) VALUES (71, 43, 4);
INSERT INTO invite (tripID, customerID, totalCustomer) VALUES (72, 132, 5);
INSERT INTO invite (tripID, customerID, totalCustomer) VALUES (73, 25, 2);
INSERT INTO invite (tripID, customerID, totalCustomer) VALUES (74, 174, 4);
INSERT INTO invite (tripID, customerID, totalCustomer) VALUES (75, 30, 3);
INSERT INTO invite (tripID, customerID, totalCustomer) VALUES (76, 23, 1);
INSERT INTO invite (tripID, customerID, totalCustomer) VALUES (77, 147, 1);
INSERT INTO invite (tripID, customerID, totalCustomer) VALUES (78, 16, 2);
INSERT INTO invite (tripID, customerID, totalCustomer) VALUES (79, 154, 1);
INSERT INTO invite (tripID, customerID, totalCustomer) VALUES (80, 40, 4);
INSERT INTO invite (tripID, customerID, totalCustomer) VALUES (81, 53, 3);
INSERT INTO invite (tripID, customerID, totalCustomer) VALUES (82, 167, 1);
INSERT INTO invite (tripID, customerID, totalCustomer) VALUES (83, 22, 4);
INSERT INTO invite (tripID, customerID, totalCustomer) VALUES (84, 31, 3);
INSERT INTO invite (tripID, customerID, totalCustomer) VALUES (85, 33, 3);
INSERT INTO invite (tripID, customerID, totalCustomer) VALUES (86, 121, 4);
INSERT INTO invite (tripID, customerID, totalCustomer) VALUES (87, 29, 1);
INSERT INTO invite (tripID, customerID, totalCustomer) VALUES (88, 89, 2);
INSERT INTO invite (tripID, customerID, totalCustomer) VALUES (89, 137, 1);
INSERT INTO invite (tripID, customerID, totalCustomer) VALUES (90, 125, 2);
INSERT INTO invite (tripID, customerID, totalCustomer) VALUES (91, 171, 2);
INSERT INTO invite (tripID, customerID, totalCustomer) VALUES (92, 170, 2);
INSERT INTO invite (tripID, customerID, totalCustomer) VALUES (93, 194, 4);
INSERT INTO invite (tripID, customerID, totalCustomer) VALUES (94, 77, 3);
INSERT INTO invite (tripID, customerID, totalCustomer) VALUES (95, 118, 4);
INSERT INTO invite (tripID, customerID, totalCustomer) VALUES (96, 39, 2);
INSERT INTO invite (tripID, customerID, totalCustomer) VALUES (97, 143, 5);
INSERT INTO invite (tripID, customerID, totalCustomer) VALUES (98, 164, 2);
INSERT INTO invite (tripID, customerID, totalCustomer) VALUES (99, 102, 3);
INSERT INTO invite (tripID, customerID, totalCustomer) VALUES (100, 87, 5);
INSERT INTO invite (tripID, customerID, totalCustomer) VALUES (101, 79, 4);
INSERT INTO invite (tripID, customerID, totalCustomer) VALUES (102, 99, 4);
INSERT INTO invite (tripID, customerID, totalCustomer) VALUES (103, 188, 4);
INSERT INTO invite (tripID, customerID, totalCustomer) VALUES (104, 92, 3);
INSERT INTO invite (tripID, customerID, totalCustomer) VALUES (105, 198, 2);
INSERT INTO invite (tripID, customerID, totalCustomer) VALUES (106, 155, 2);
INSERT INTO invite (tripID, customerID, totalCustomer) VALUES (107, 169, 1);
INSERT INTO invite (tripID, customerID, totalCustomer) VALUES (108, 183, 3);
INSERT INTO invite (tripID, customerID, totalCustomer) VALUES (109, 51, 2);
INSERT INTO invite (tripID, customerID, totalCustomer) VALUES (110, 164, 5);
INSERT INTO invite (tripID, customerID, totalCustomer) VALUES (111, 161, 2);
INSERT INTO invite (tripID, customerID, totalCustomer) VALUES (112, 36, 5);
INSERT INTO invite (tripID, customerID, totalCustomer) VALUES (113, 28, 4);
INSERT INTO invite (tripID, customerID, totalCustomer) VALUES (114, 118, 3);
INSERT INTO invite (tripID, customerID, totalCustomer) VALUES (115, 167, 2);
INSERT INTO invite (tripID, customerID, totalCustomer) VALUES (116, 109, 2);
INSERT INTO invite (tripID, customerID, totalCustomer) VALUES (117, 135, 4);
INSERT INTO invite (tripID, customerID, totalCustomer) VALUES (118, 19, 5);
INSERT INTO invite (tripID, customerID, totalCustomer) VALUES (119, 19, 5);
INSERT INTO invite (tripID, customerID, totalCustomer) VALUES (120, 168, 1);
INSERT INTO invite (tripID, customerID, totalCustomer) VALUES (121, 139, 3);
INSERT INTO invite (tripID, customerID, totalCustomer) VALUES (122, 172, 4);
INSERT INTO invite (tripID, customerID, totalCustomer) VALUES (123, 93, 1);
INSERT INTO invite (tripID, customerID, totalCustomer) VALUES (124, 93, 2);
INSERT INTO invite (tripID, customerID, totalCustomer) VALUES (125, 182, 5);
INSERT INTO invite (tripID, customerID, totalCustomer) VALUES (126, 125, 4);
INSERT INTO invite (tripID, customerID, totalCustomer) VALUES (127, 101, 2);
INSERT INTO invite (tripID, customerID, totalCustomer) VALUES (128, 20, 5);
INSERT INTO invite (tripID, customerID, totalCustomer) VALUES (129, 88, 5);
INSERT INTO invite (tripID, customerID, totalCustomer) VALUES (130, 30, 2);
INSERT INTO invite (tripID, customerID, totalCustomer) VALUES (131, 136, 2);
INSERT INTO invite (tripID, customerID, totalCustomer) VALUES (132, 106, 3);
INSERT INTO invite (tripID, customerID, totalCustomer) VALUES (133, 157, 4);
INSERT INTO invite (tripID, customerID, totalCustomer) VALUES (134, 111, 1);
INSERT INTO invite (tripID, customerID, totalCustomer) VALUES (135, 35, 5);
INSERT INTO invite (tripID, customerID, totalCustomer) VALUES (136, 150, 3);
INSERT INTO invite (tripID, customerID, totalCustomer) VALUES (137, 142, 5);
INSERT INTO invite (tripID, customerID, totalCustomer) VALUES (138, 128, 1);
INSERT INTO invite (tripID, customerID, totalCustomer) VALUES (139, 41, 3);
INSERT INTO invite (tripID, customerID, totalCustomer) VALUES (140, 172, 4);
INSERT INTO invite (tripID, customerID, totalCustomer) VALUES (141, 129, 2);
INSERT INTO invite (tripID, customerID, totalCustomer) VALUES (142, 135, 3);
INSERT INTO invite (tripID, customerID, totalCustomer) VALUES (143, 142, 5);
INSERT INTO invite (tripID, customerID, totalCustomer) VALUES (144, 167, 4);
INSERT INTO invite (tripID, customerID, totalCustomer) VALUES (145, 42, 1);
INSERT INTO invite (tripID, customerID, totalCustomer) VALUES (146, 175, 3);
INSERT INTO invite (tripID, customerID, totalCustomer) VALUES (147, 18, 3);
INSERT INTO invite (tripID, customerID, totalCustomer) VALUES (148, 21, 1);
INSERT INTO invite (tripID, customerID, totalCustomer) VALUES (149, 128, 3);
INSERT INTO invite (tripID, customerID, totalCustomer) VALUES (150, 39, 4);
INSERT INTO invite (tripID, customerID, totalCustomer) VALUES (151, 15, 4);
INSERT INTO invite (tripID, customerID, totalCustomer) VALUES (152, 138, 4);
INSERT INTO invite (tripID, customerID, totalCustomer) VALUES (153, 173, 1);
INSERT INTO invite (tripID, customerID, totalCustomer) VALUES (154, 131, 4);
INSERT INTO invite (tripID, customerID, totalCustomer) VALUES (155, 57, 4);
INSERT INTO invite (tripID, customerID, totalCustomer) VALUES (156, 190, 1);
INSERT INTO invite (tripID, customerID, totalCustomer) VALUES (157, 161, 4);
INSERT INTO invite (tripID, customerID, totalCustomer) VALUES (158, 51, 2);
INSERT INTO invite (tripID, customerID, totalCustomer) VALUES (159, 54, 4);
INSERT INTO invite (tripID, customerID, totalCustomer) VALUES (160, 156, 5);
INSERT INTO invite (tripID, customerID, totalCustomer) VALUES (161, 132, 4);
INSERT INTO invite (tripID, customerID, totalCustomer) VALUES (162, 149, 2);
INSERT INTO invite (tripID, customerID, totalCustomer) VALUES (163, 40, 1);
INSERT INTO invite (tripID, customerID, totalCustomer) VALUES (164, 116, 3);
INSERT INTO invite (tripID, customerID, totalCustomer) VALUES (165, 124, 4);
INSERT INTO invite (tripID, customerID, totalCustomer) VALUES (166, 62, 4);
INSERT INTO invite (tripID, customerID, totalCustomer) VALUES (167, 35, 5);
INSERT INTO invite (tripID, customerID, totalCustomer) VALUES (168, 73, 1);
INSERT INTO invite (tripID, customerID, totalCustomer) VALUES (169, 85, 3);
INSERT INTO invite (tripID, customerID, totalCustomer) VALUES (170, 153, 1);
INSERT INTO invite (tripID, customerID, totalCustomer) VALUES (171, 141, 4);
INSERT INTO invite (tripID, customerID, totalCustomer) VALUES (172, 130, 4);
INSERT INTO invite (tripID, customerID, totalCustomer) VALUES (173, 128, 3);
INSERT INTO invite (tripID, customerID, totalCustomer) VALUES (174, 164, 3);
INSERT INTO invite (tripID, customerID, totalCustomer) VALUES (175, 113, 5);
INSERT INTO invite (tripID, customerID, totalCustomer) VALUES (176, 187, 1);
INSERT INTO invite (tripID, customerID, totalCustomer) VALUES (177, 140, 4);
INSERT INTO invite (tripID, customerID, totalCustomer) VALUES (178, 127, 2);
INSERT INTO invite (tripID, customerID, totalCustomer) VALUES (179, 43, 5);
INSERT INTO invite (tripID, customerID, totalCustomer) VALUES (180, 127, 4);
INSERT INTO invite (tripID, customerID, totalCustomer) VALUES (181, 4, 2);
INSERT INTO invite (tripID, customerID, totalCustomer) VALUES (182, 5, 4);
INSERT INTO invite (tripID, customerID, totalCustomer) VALUES (183, 102, 4);
INSERT INTO invite (tripID, customerID, totalCustomer) VALUES (184, 172, 2);
INSERT INTO invite (tripID, customerID, totalCustomer) VALUES (185, 68, 5);
INSERT INTO invite (tripID, customerID, totalCustomer) VALUES (186, 56, 3);
INSERT INTO invite (tripID, customerID, totalCustomer) VALUES (187, 154, 2);
INSERT INTO invite (tripID, customerID, totalCustomer) VALUES (188, 177, 3);
INSERT INTO invite (tripID, customerID, totalCustomer) VALUES (189, 39, 1);
INSERT INTO invite (tripID, customerID, totalCustomer) VALUES (190, 37, 4);
INSERT INTO invite (tripID, customerID, totalCustomer) VALUES (191, 126, 4);
INSERT INTO invite (tripID, customerID, totalCustomer) VALUES (192, 74, 3);
INSERT INTO invite (tripID, customerID, totalCustomer) VALUES (193, 165, 4);
INSERT INTO invite (tripID, customerID, totalCustomer) VALUES (194, 97, 4);
INSERT INTO invite (tripID, customerID, totalCustomer) VALUES (195, 32, 3);
INSERT INTO invite (tripID, customerID, totalCustomer) VALUES (196, 29, 2);
INSERT INTO invite (tripID, customerID, totalCustomer) VALUES (197, 150, 1);
INSERT INTO invite (tripID, customerID, totalCustomer) VALUES (198, 153, 1);
INSERT INTO invite (tripID, customerID, totalCustomer) VALUES (199, 40, 3);
INSERT INTO invite (tripID, customerID, totalCustomer) VALUES (200, 182, 5);
INSERT INTO invite (tripID, customerID, totalCustomer) VALUES (201, 197, 5);
INSERT INTO invite (tripID, customerID, totalCustomer) VALUES (202, 125, 3);
INSERT INTO invite (tripID, customerID, totalCustomer) VALUES (203, 127, 1);

-- Inserting data into include
INSERT INTO include (tripID, flightID) VALUES (4, 16);
INSERT INTO include (tripID, flightID) VALUES (5, 4);
INSERT INTO include (tripID, flightID) VALUES (6, 29);
INSERT INTO include (tripID, flightID) VALUES (7, 160);
INSERT INTO include (tripID, flightID) VALUES (8, 83);
INSERT INTO include (tripID, flightID) VALUES (9, 18);
INSERT INTO include (tripID, flightID) VALUES (10, 85);
INSERT INTO include (tripID, flightID) VALUES (11, 31);
INSERT INTO include (tripID, flightID) VALUES (12, 153);
INSERT INTO include (tripID, flightID) VALUES (13, 34);
INSERT INTO include (tripID, flightID) VALUES (14, 153);
INSERT INTO include (tripID, flightID) VALUES (15, 130);
INSERT INTO include (tripID, flightID) VALUES (16, 98);
INSERT INTO include (tripID, flightID) VALUES (17, 18);
INSERT INTO include (tripID, flightID) VALUES (18, 67);
INSERT INTO include (tripID, flightID) VALUES (19, 109);
INSERT INTO include (tripID, flightID) VALUES (20, 58);
INSERT INTO include (tripID, flightID) VALUES (21, 168);
INSERT INTO include (tripID, flightID) VALUES (22, 132);
INSERT INTO include (tripID, flightID) VALUES (23, 36);
INSERT INTO include (tripID, flightID) VALUES (24, 26);
INSERT INTO include (tripID, flightID) VALUES (25, 135);
INSERT INTO include (tripID, flightID) VALUES (26, 75);
INSERT INTO include (tripID, flightID) VALUES (27, 15);
INSERT INTO include (tripID, flightID) VALUES (28, 134);
INSERT INTO include (tripID, flightID) VALUES (29, 160);
INSERT INTO include (tripID, flightID) VALUES (30, 42);
INSERT INTO include (tripID, flightID) VALUES (31, 126);
INSERT INTO include (tripID, flightID) VALUES (32, 56);
INSERT INTO include (tripID, flightID) VALUES (33, 31);
INSERT INTO include (tripID, flightID) VALUES (34, 62);
INSERT INTO include (tripID, flightID) VALUES (35, 63);
INSERT INTO include (tripID, flightID) VALUES (36, 107);
INSERT INTO include (tripID, flightID) VALUES (37, 126);
INSERT INTO include (tripID, flightID) VALUES (38, 121);
INSERT INTO include (tripID, flightID) VALUES (39, 97);
INSERT INTO include (tripID, flightID) VALUES (40, 15);
INSERT INTO include (tripID, flightID) VALUES (41, 118);
INSERT INTO include (tripID, flightID) VALUES (42, 84);
INSERT INTO include (tripID, flightID) VALUES (43, 168);
INSERT INTO include (tripID, flightID) VALUES (44, 4);
INSERT INTO include (tripID, flightID) VALUES (45, 133);
INSERT INTO include (tripID, flightID) VALUES (46, 74);
INSERT INTO include (tripID, flightID) VALUES (47, 6);
INSERT INTO include (tripID, flightID) VALUES (48, 46);
INSERT INTO include (tripID, flightID) VALUES (49, 144);
INSERT INTO include (tripID, flightID) VALUES (50, 112);
INSERT INTO include (tripID, flightID) VALUES (51, 174);
INSERT INTO include (tripID, flightID) VALUES (52, 24);
INSERT INTO include (tripID, flightID) VALUES (53, 193);
INSERT INTO include (tripID, flightID) VALUES (54, 93);
INSERT INTO include (tripID, flightID) VALUES (55, 193);
INSERT INTO include (tripID, flightID) VALUES (56, 184);
INSERT INTO include (tripID, flightID) VALUES (57, 65);
INSERT INTO include (tripID, flightID) VALUES (58, 192);
INSERT INTO include (tripID, flightID) VALUES (59, 126);
INSERT INTO include (tripID, flightID) VALUES (60, 203);
INSERT INTO include (tripID, flightID) VALUES (61, 186);
INSERT INTO include (tripID, flightID) VALUES (62, 137);
INSERT INTO include (tripID, flightID) VALUES (63, 77);
INSERT INTO include (tripID, flightID) VALUES (64, 60);
INSERT INTO include (tripID, flightID) VALUES (65, 127);
INSERT INTO include (tripID, flightID) VALUES (66, 36);
INSERT INTO include (tripID, flightID) VALUES (67, 162);
INSERT INTO include (tripID, flightID) VALUES (68, 191);
INSERT INTO include (tripID, flightID) VALUES (69, 95);
INSERT INTO include (tripID, flightID) VALUES (70, 28);
INSERT INTO include (tripID, flightID) VALUES (71, 53);
INSERT INTO include (tripID, flightID) VALUES (72, 84);
INSERT INTO include (tripID, flightID) VALUES (73, 203);
INSERT INTO include (tripID, flightID) VALUES (74, 14);
INSERT INTO include (tripID, flightID) VALUES (75, 125);
INSERT INTO include (tripID, flightID) VALUES (76, 73);
INSERT INTO include (tripID, flightID) VALUES (77, 136);
INSERT INTO include (tripID, flightID) VALUES (78, 100);
INSERT INTO include (tripID, flightID) VALUES (79, 120);
INSERT INTO include (tripID, flightID) VALUES (80, 120);
INSERT INTO include (tripID, flightID) VALUES (81, 165);
INSERT INTO include (tripID, flightID) VALUES (82, 16);
INSERT INTO include (tripID, flightID) VALUES (83, 31);
INSERT INTO include (tripID, flightID) VALUES (84, 84);
INSERT INTO include (tripID, flightID) VALUES (85, 149);
INSERT INTO include (tripID, flightID) VALUES (86, 134);
INSERT INTO include (tripID, flightID) VALUES (87, 144);
INSERT INTO include (tripID, flightID) VALUES (88, 145);
INSERT INTO include (tripID, flightID) VALUES (89, 68);
INSERT INTO include (tripID, flightID) VALUES (90, 187);
INSERT INTO include (tripID, flightID) VALUES (91, 134);
INSERT INTO include (tripID, flightID) VALUES (92, 160);
INSERT INTO include (tripID, flightID) VALUES (93, 83);
INSERT INTO include (tripID, flightID) VALUES (94, 202);
INSERT INTO include (tripID, flightID) VALUES (95, 202);
INSERT INTO include (tripID, flightID) VALUES (96, 124);
INSERT INTO include (tripID, flightID) VALUES (97, 197);
INSERT INTO include (tripID, flightID) VALUES (98, 119);
INSERT INTO include (tripID, flightID) VALUES (99, 53);
INSERT INTO include (tripID, flightID) VALUES (100, 68);
INSERT INTO include (tripID, flightID) VALUES (101, 188);
INSERT INTO include (tripID, flightID) VALUES (102, 84);
INSERT INTO include (tripID, flightID) VALUES (103, 48);
INSERT INTO include (tripID, flightID) VALUES (104, 76);
INSERT INTO include (tripID, flightID) VALUES (105, 92);
INSERT INTO include (tripID, flightID) VALUES (106, 181);
INSERT INTO include (tripID, flightID) VALUES (107, 88);
INSERT INTO include (tripID, flightID) VALUES (108, 168);
INSERT INTO include (tripID, flightID) VALUES (109, 39);
INSERT INTO include (tripID, flightID) VALUES (110, 51);
INSERT INTO include (tripID, flightID) VALUES (111, 202);
INSERT INTO include (tripID, flightID) VALUES (112, 184);
INSERT INTO include (tripID, flightID) VALUES (113, 13);
INSERT INTO include (tripID, flightID) VALUES (114, 144);
INSERT INTO include (tripID, flightID) VALUES (115, 122);
INSERT INTO include (tripID, flightID) VALUES (116, 177);
INSERT INTO include (tripID, flightID) VALUES (117, 134);
INSERT INTO include (tripID, flightID) VALUES (118, 182);
INSERT INTO include (tripID, flightID) VALUES (119, 55);
INSERT INTO include (tripID, flightID) VALUES (120, 43);
INSERT INTO include (tripID, flightID) VALUES (121, 185);
INSERT INTO include (tripID, flightID) VALUES (122, 42);
INSERT INTO include (tripID, flightID) VALUES (123, 100);
INSERT INTO include (tripID, flightID) VALUES (124, 199);
INSERT INTO include (tripID, flightID) VALUES (125, 57);
INSERT INTO include (tripID, flightID) VALUES (126, 132);
INSERT INTO include (tripID, flightID) VALUES (127, 21);
INSERT INTO include (tripID, flightID) VALUES (128, 183);
INSERT INTO include (tripID, flightID) VALUES (129, 168);
INSERT INTO include (tripID, flightID) VALUES (130, 153);
INSERT INTO include (tripID, flightID) VALUES (131, 27);
INSERT INTO include (tripID, flightID) VALUES (132, 16);
INSERT INTO include (tripID, flightID) VALUES (133, 19);
INSERT INTO include (tripID, flightID) VALUES (134, 166);
INSERT INTO include (tripID, flightID) VALUES (135, 31);
INSERT INTO include (tripID, flightID) VALUES (136, 26);
INSERT INTO include (tripID, flightID) VALUES (137, 113);
INSERT INTO include (tripID, flightID) VALUES (138, 70);
INSERT INTO include (tripID, flightID) VALUES (139, 32);
INSERT INTO include (tripID, flightID) VALUES (140, 90);
INSERT INTO include (tripID, flightID) VALUES (141, 199);
INSERT INTO include (tripID, flightID) VALUES (142, 169);
INSERT INTO include (tripID, flightID) VALUES (143, 73);
INSERT INTO include (tripID, flightID) VALUES (144, 119);
INSERT INTO include (tripID, flightID) VALUES (145, 187);
INSERT INTO include (tripID, flightID) VALUES (146, 9);
INSERT INTO include (tripID, flightID) VALUES (147, 150);
INSERT INTO include (tripID, flightID) VALUES (148, 64);
INSERT INTO include (tripID, flightID) VALUES (149, 158);
INSERT INTO include (tripID, flightID) VALUES (150, 28);
INSERT INTO include (tripID, flightID) VALUES (151, 104);
INSERT INTO include (tripID, flightID) VALUES (152, 146);
INSERT INTO include (tripID, flightID) VALUES (153, 162);
INSERT INTO include (tripID, flightID) VALUES (154, 193);
INSERT INTO include (tripID, flightID) VALUES (155, 98);
INSERT INTO include (tripID, flightID) VALUES (156, 116);
INSERT INTO include (tripID, flightID) VALUES (157, 121);
INSERT INTO include (tripID, flightID) VALUES (158, 96);
INSERT INTO include (tripID, flightID) VALUES (159, 115);
INSERT INTO include (tripID, flightID) VALUES (160, 53);
INSERT INTO include (tripID, flightID) VALUES (161, 99);
INSERT INTO include (tripID, flightID) VALUES (162, 137);
INSERT INTO include (tripID, flightID) VALUES (163, 20);
INSERT INTO include (tripID, flightID) VALUES (164, 111);
INSERT INTO include (tripID, flightID) VALUES (165, 178);
INSERT INTO include (tripID, flightID) VALUES (166, 91);
INSERT INTO include (tripID, flightID) VALUES (167, 117);
INSERT INTO include (tripID, flightID) VALUES (168, 56);
INSERT INTO include (tripID, flightID) VALUES (169, 138);
INSERT INTO include (tripID, flightID) VALUES (170, 90);
INSERT INTO include (tripID, flightID) VALUES (171, 84);
INSERT INTO include (tripID, flightID) VALUES (172, 11);
INSERT INTO include (tripID, flightID) VALUES (173, 169);
INSERT INTO include (tripID, flightID) VALUES (174, 98);
INSERT INTO include (tripID, flightID) VALUES (175, 187);
INSERT INTO include (tripID, flightID) VALUES (176, 118);
INSERT INTO include (tripID, flightID) VALUES (177, 159);
INSERT INTO include (tripID, flightID) VALUES (178, 187);
INSERT INTO include (tripID, flightID) VALUES (179, 10);
INSERT INTO include (tripID, flightID) VALUES (180, 122);
INSERT INTO include (tripID, flightID) VALUES (181, 117);
INSERT INTO include (tripID, flightID) VALUES (182, 144);
INSERT INTO include (tripID, flightID) VALUES (183, 144);
INSERT INTO include (tripID, flightID) VALUES (184, 60);
INSERT INTO include (tripID, flightID) VALUES (185, 14);
INSERT INTO include (tripID, flightID) VALUES (186, 47);
INSERT INTO include (tripID, flightID) VALUES (187, 30);
INSERT INTO include (tripID, flightID) VALUES (188, 164);
INSERT INTO include (tripID, flightID) VALUES (189, 113);
INSERT INTO include (tripID, flightID) VALUES (190, 30);
INSERT INTO include (tripID, flightID) VALUES (191, 110);
INSERT INTO include (tripID, flightID) VALUES (192, 172);
INSERT INTO include (tripID, flightID) VALUES (193, 147);
INSERT INTO include (tripID, flightID) VALUES (194, 189);
INSERT INTO include (tripID, flightID) VALUES (195, 120);
INSERT INTO include (tripID, flightID) VALUES (196, 98);
INSERT INTO include (tripID, flightID) VALUES (197, 144);
INSERT INTO include (tripID, flightID) VALUES (198, 178);
INSERT INTO include (tripID, flightID) VALUES (199, 105);
INSERT INTO include (tripID, flightID) VALUES (200, 123);
INSERT INTO include (tripID, flightID) VALUES (201, 26);
INSERT INTO include (tripID, flightID) VALUES (202, 136);
INSERT INTO include (tripID, flightID) VALUES (203, 177);
