tripId,startDate,endDate,destinationZip,hotelId,guideId
1,10/28/2025,2/19/2026,JFK,1,1
2,12/15/2024,4/4/2025,FRA,2,2
3,11/3/2025,12/1/2025,FRA,3,3
4,4/15/2024,10/28/2024,JNB,4,4
5,7/28/2025,8/5/2025,FCO,5,5
6,6/28/2024,11/25/2025,SYD,6,6
7,4/21/2024,3/27/2026,BKK,7,7
8,9/6/2024,7/29/2025,HND,8,8
9,8/15/2025,2/19/2025,YYZ,9,9
10,4/7/2024,4/22/2025,BKK,10,10
11,5/11/2025,11/3/2025,HND,11,11
12,2/12/2025,2/28/2026,YYZ,12,12
13,2/26/2025,10/8/2024,DOH,13,13
14,10/7/2024,7/30/2025,BOG,14,14
15,8/1/2024,12/26/2024,MAD,15,15
16,12/8/2024,2/20/2025,FCO,16,16
17,7/23/2024,3/21/2025,JNB,17,17
18,8/9/2025,10/25/2025,GRU,18,18
19,1/30/2025,4/1/2026,JFK,19,19
20,12/6/2024,2/28/2026,FRA,20,20
21,7/14/2024,11/4/2025,MAD,21,21
22,11/9/2024,3/12/2025,LAX,22,22
23,4/11/2025,3/17/2026,MAD,23,23
24,6/14/2024,2/21/2025,JFK,24,24
25,1/13/2025,7/13/2025,CPH,25,25
26,4/14/2025,7/21/2025,LAX,26,26
27,9/12/2024,10/18/2025,GRU,27,27
28,5/12/2025,5/21/2025,GRU,28,28
29,3/15/2025,11/22/2025,SIN,29,29
30,8/21/2024,6/8/2025,FCO,30,30
31,6/25/2024,11/20/2024,DOH,31,31
32,6/9/2024,5/28/2025,JNB,32,32
33,3/1/2025,12/19/2025,ICN,33,33
34,11/11/2025,4/1/2025,BOG,34,34
35,8/28/2025,6/2/2025,DEL,35,35
36,4/28/2024,10/7/2025,MEX,36,36
37,11/28/2025,1/3/2025,LHR,37,37
38,8/8/2024,9/21/2025,YYZ,38,38
39,11/25/2024,12/16/2025,FCO,39,39
40,4/19/2024,6/6/2025,AKL,40,40
41,8/11/2024,5/27/2025,ICN,41,41
42,2/7/2025,4/2/2025,AKL,42,42
43,10/18/2025,10/2/2025,LAX,43,43
44,9/1/2025,6/11/2025,LHR,44,44
45,6/13/2024,12/10/2025,JFK,45,45
46,6/28/2025,8/3/2025,DEL,46,46
47,12/17/2024,10/24/2024,DXB,47,47
48,10/7/2024,1/14/2026,HKG,48,48
49,9/16/2025,11/24/2024,CPH,49,49
50,7/31/2025,12/2/2024,LAX,50,50
51,10/24/2024,10/18/2024,JFK,51,51
52,11/29/2025,7/3/2025,FCO,52,52
53,4/10/2024,2/9/2025,YYZ,53,53
54,10/5/2024,11/10/2025,MAD,54,54
55,4/11/2025,7/14/2025,BKK,55,55
56,10/28/2024,1/15/2026,AMS,56,56
57,6/27/2025,2/24/2026,SIN,57,57
58,4/19/2025,5/22/2025,HND,58,58
59,9/14/2024,11/29/2025,HND,59,59
60,5/2/2025,2/8/2025,CDG,60,60
61,9/25/2024,1/17/2025,BKK,61,61
62,4/8/2025,8/30/2025,LAX,62,62
63,1/18/2025,7/28/2025,HND,63,63
64,9/6/2025,10/19/2025,AKL,64,64
65,10/27/2024,7/13/2025,JFK,65,65
66,9/22/2024,8/7/2025,AKL,66,66
67,11/6/2024,6/9/2025,YYZ,67,67
68,7/20/2025,8/14/2025,AMS,68,68
69,7/30/2024,6/3/2025,LAX,69,69
70,6/10/2024,7/17/2025,DXB,70,70
71,7/12/2025,12/27/2025,ADD,71,71
72,4/2/2024,8/4/2025,MAD,72,72
73,8/9/2025,8/14/2025,CPH,73,73
74,8/25/2024,2/20/2025,DOH,74,74
75,4/18/2024,8/8/2025,LHR,75,75
76,11/20/2024,1/4/2026,DXB,76,76
77,5/13/2024,1/24/2025,MAD,77,77
78,12/7/2024,7/20/2025,JFK,78,78
79,12/26/2024,4/24/2025,MEX,79,79
80,5/8/2025,11/28/2024,LHR,80,80
81,6/14/2024,2/22/2025,MAD,81,81
82,11/25/2024,7/19/2025,GRU,82,82
83,9/25/2025,3/9/2025,CPH,83,83
84,8/18/2025,10/2/2025,CPH,84,84
85,7/21/2024,5/26/2025,LHR,85,85
86,3/6/2025,9/12/2025,CDG,86,86
87,11/12/2025,4/22/2025,SIN,87,87
88,10/7/2024,7/28/2025,YYZ,88,88
89,8/9/2024,2/26/2026,ICN,89,89
90,1/3/2025,3/12/2025,BKK,90,90
91,9/6/2024,10/2/2025,YYZ,91,91
92,8/26/2024,3/25/2026,CDG,92,92
93,1/25/2025,9/28/2024,JFK,93,93
94,6/18/2024,2/3/2026,DEL,94,94
95,6/7/2025,3/22/2025,JNB,95,95
96,5/1/2025,10/27/2025,ICN,96,96
97,4/8/2025,6/19/2025,AMS,97,97
98,3/2/2025,12/6/2024,ADD,98,98
99,10/3/2024,12/2/2024,LHR,99,99
100,5/18/2024,3/7/2026,JNB,100,100
101,4/8/2024,5/26/2025,GRU,101,101
102,4/6/2024,1/24/2025,GRU,102,102
103,7/20/2024,12/30/2025,ADD,103,103
104,4/30/2024,10/10/2025,AKL,104,104
105,8/3/2024,9/6/2025,DEL,105,105
106,10/29/2024,6/10/2025,JFK,106,106
107,5/23/2025,9/2/2025,LAX,107,107
108,6/2/2025,7/10/2025,DEL,108,108
109,4/24/2025,3/27/2026,DEL,109,109
110,4/14/2024,12/19/2025,YYZ,110,110
111,10/31/2025,4/30/2025,CPH,111,111
112,1/15/2025,8/5/2025,CDG,112,112
113,9/30/2024,9/2/2025,SIN,113,113
114,11/4/2024,2/3/2026,CDG,114,114
115,2/6/2025,1/25/2026,JFK,115,115
116,6/30/2025,2/21/2025,AKL,116,116
117,9/2/2024,7/25/2025,FCO,117,117
118,9/30/2024,7/26/2025,DEL,118,118
119,10/16/2024,10/18/2025,LAX,119,119
120,12/20/2024,8/14/2025,LHR,120,120
121,12/9/2024,4/4/2025,JFK,121,121
122,4/11/2025,4/7/2026,JNB,122,122
123,9/26/2025,8/30/2025,BOG,123,123
124,1/5/2025,5/19/2025,AMS,124,124
125,7/11/2024,2/23/2026,YYZ,125,125
126,11/10/2024,8/7/2025,LAX,126,126
127,10/5/2024,11/23/2025,AKL,127,127
128,11/30/2024,3/21/2026,SIN,128,128
129,1/7/2025,3/27/2026,JFK,129,129
130,11/5/2024,3/4/2026,BKK,130,130
131,3/19/2025,11/4/2024,FCO,131,131
132,7/27/2025,12/16/2024,DOH,132,132
133,3/28/2025,12/4/2025,DXB,133,133
134,8/19/2024,3/18/2025,GRU,134,134
135,4/8/2025,12/19/2024,LAX,135,135
136,10/24/2024,1/13/2025,JFK,136,136
137,9/8/2024,11/25/2025,DEL,137,137
138,4/22/2025,4/5/2026,JFK,138,138
139,12/9/2024,12/5/2025,BOG,139,139
140,3/2/2025,3/10/2026,MAD,140,140
141,10/3/2024,6/22/2025,JFK,141,141
142,6/5/2025,7/26/2025,LAX,142,142
143,1/24/2025,3/13/2025,AKL,143,143
144,5/6/2025,6/13/2025,ICN,144,144
145,6/28/2024,10/26/2024,ICN,145,145
146,10/24/2025,4/14/2026,MEX,146,146
147,9/18/2025,8/30/2025,FRA,147,147
148,10/9/2025,7/14/2025,JNB,148,148
149,11/3/2024,1/17/2025,LAX,149,149
150,4/9/2025,11/22/2024,FRA,150,150
151,3/1/2025,2/22/2026,JNB,151,151
152,4/2/2025,12/20/2025,CDG,152,152
153,9/6/2025,11/19/2025,JFK,153,153
154,11/20/2025,11/19/2024,MAD,154,154
155,8/12/2024,3/14/2025,HND,155,155
156,8/2/2024,10/30/2025,GRU,156,156
157,8/26/2024,9/30/2025,AMS,157,157
158,12/10/2024,11/16/2024,ADD,158,158
159,12/13/2024,4/6/2025,YYZ,159,159
160,12/12/2024,12/15/2025,YYZ,160,160
161,6/30/2024,12/27/2024,DEL,161,161
162,8/14/2025,4/15/2026,ADD,162,162
163,12/19/2024,8/25/2025,AKL,163,163
164,6/6/2025,3/9/2026,LAX,164,164
165,4/27/2024,3/22/2026,HKG,165,165
166,11/11/2025,2/5/2025,BOG,166,166
167,7/14/2025,1/12/2025,LAX,167,167
168,2/13/2025,9/22/2025,DOH,168,168
169,9/25/2024,6/6/2025,YYZ,169,169
170,4/3/2025,4/3/2025,ICN,170,170
171,5/10/2024,9/26/2025,ICN,171,171
172,8/17/2025,10/8/2024,YYZ,172,172
173,7/31/2024,4/10/2026,LAX,173,173
174,10/23/2024,5/10/2025,BOG,174,174
175,11/28/2024,6/5/2025,CDG,175,175
176,9/16/2024,8/22/2025,BOG,176,176
177,6/6/2024,12/5/2025,FRA,177,177
178,12/29/2024,8/25/2025,JFK,178,178
179,8/24/2024,4/15/2026,ICN,179,179
180,7/31/2025,11/15/2025,MEX,180,180
181,7/27/2025,9/1/2025,GRU,181,181
182,9/4/2024,10/31/2024,AKL,182,182
183,7/18/2025,1/10/2026,LAX,183,183
184,8/10/2025,10/23/2025,DEL,184,184
185,10/8/2024,2/23/2026,JNB,185,185
186,12/14/2024,4/24/2025,JFK,186,186
187,6/14/2024,3/30/2025,YYZ,187,187
188,10/24/2025,3/17/2025,CDG,188,188
189,3/15/2025,11/7/2025,ICN,189,189
190,1/20/2025,7/30/2025,BOG,190,190
191,8/27/2025,2/15/2025,LAX,191,191
192,9/17/2024,6/2/2025,FRA,192,192
193,10/1/2024,11/14/2025,JFK,193,193
194,7/26/2024,2/11/2025,AKL,194,194
195,10/29/2024,1/2/2026,AMS,195,195
196,7/15/2024,5/1/2025,AMS,196,196
197,7/14/2024,5/20/2025,FRA,197,197
198,10/14/2025,1/30/2026,LAX,198,198
199,11/5/2025,4/7/2025,LAX,199,199
200,8/17/2025,1/17/2025,LHR,200,200
201,7/2/2024,12/24/2024,CPH,201,201
202,7/22/2025,6/13/2025,SYD,202,202
203,10/12/2025,7/3/2025,BKK,203,203
204,10/19/2025,8/16/2025,CDG,204,204
205,3/22/2025,1/2/2025,SIN,205,205
206,6/11/2025,7/22/2025,GRU,206,206
207,9/6/2025,11/19/2024,LAX,207,207
208,4/10/2025,5/3/2025,SIN,208,208
209,5/31/2024,1/21/2026,DOH,209,209
210,3/26/2025,4/3/2026,MEX,210,210
211,6/5/2025,10/16/2024,BOG,211,211
212,12/9/2024,11/3/2024,JFK,212,212
213,12/19/2024,11/27/2024,CDG,213,213
214,12/25/2024,3/25/2026,ICN,214,214
215,6/26/2024,3/6/2025,JNB,215,215
216,6/8/2025,12/28/2024,ADD,216,216
217,8/6/2025,2/26/2025,DOH,217,217
218,7/1/2024,9/27/2025,DEL,218,218
219,11/7/2025,11/24/2024,JNB,219,219
220,6/12/2024,8/30/2025,JFK,220,220
221,9/11/2024,1/10/2026,DEL,221,221
222,5/30/2025,8/31/2025,ICN,222,222
223,6/19/2024,4/14/2026,JFK,223,223
224,5/31/2024,1/26/2026,MAD,224,224
225,12/25/2024,2/16/2025,BKK,225,225
226,3/6/2025,10/30/2024,YYZ,226,226
227,5/15/2025,12/23/2025,AKL,227,227
228,5/24/2024,8/23/2025,HND,228,228
229,9/28/2025,2/5/2026,SIN,229,229
230,12/4/2024,4/26/2025,HKG,230,230
231,9/13/2025,3/4/2025,JFK,231,231
232,2/22/2025,4/9/2025,DOH,232,232
233,10/15/2024,1/2/2025,JFK,233,233
234,8/14/2025,10/9/2025,JFK,234,234
235,5/25/2024,6/16/2025,LAX,235,235
236,7/17/2024,11/9/2024,CPH,236,236
237,10/17/2024,10/30/2025,ICN,237,237
238,9/30/2025,11/24/2025,GRU,238,238
239,11/23/2024,12/19/2024,MAD,239,239
240,3/22/2025,3/11/2025,HND,240,240
241,9/11/2024,11/30/2025,YYZ,241,241
242,3/29/2025,7/7/2025,LHR,242,242
243,3/22/2025,2/1/2025,SYD,243,243
244,5/9/2024,4/11/2026,BKK,244,244
245,6/16/2024,1/14/2025,MAD,245,245
246,10/19/2024,7/20/2025,MAD,246,246
247,7/22/2024,8/8/2025,FCO,247,247
248,4/15/2024,11/15/2025,ADD,248,248
249,8/22/2025,10/13/2024,DOH,249,249
250,2/10/2025,4/6/2025,LAX,250,250
251,6/18/2025,4/22/2025,DXB,251,251
252,9/19/2025,12/1/2024,ICN,252,252
253,7/11/2024,11/28/2024,JFK,253,253
254,3/29/2025,5/16/2025,SIN,254,254
255,3/26/2025,4/12/2025,ICN,255,255
256,11/28/2025,4/3/2026,DOH,256,256
257,8/28/2024,3/19/2026,JNB,257,257
258,7/21/2024,6/28/2025,JFK,258,258
259,7/29/2024,1/6/2025,YYZ,259,259
260,6/12/2024,3/8/2025,LAX,260,260
261,7/22/2025,11/19/2025,MEX,261,261
262,2/19/2025,5/7/2025,YYZ,262,262
263,2/12/2025,2/26/2026,DXB,263,263
264,4/25/2024,9/10/2025,BOG,264,264
265,11/11/2025,2/24/2026,MEX,265,265
266,1/2/2025,1/12/2025,JFK,266,266
267,4/27/2025,11/13/2025,SIN,267,267
268,8/1/2024,1/24/2026,FCO,268,268
269,8/19/2024,10/17/2024,DXB,269,269
270,4/26/2024,7/9/2025,JFK,270,270
271,7/12/2025,8/2/2025,GRU,271,271
272,12/31/2024,1/9/2025,CPH,272,272
273,6/4/2025,1/12/2025,ADD,273,273
274,7/9/2024,10/28/2025,MAD,274,274
275,5/1/2025,3/26/2026,AKL,275,275
276,8/7/2024,11/23/2025,SIN,276,276
277,4/9/2025,4/11/2026,DEL,277,277
278,12/3/2024,11/11/2025,HKG,278,278
279,6/29/2025,3/30/2026,JFK,279,279
280,9/28/2024,11/20/2025,JNB,280,280
281,9/21/2024,10/20/2024,SIN,281,281
282,5/25/2025,11/13/2025,MEX,282,282
283,6/9/2025,12/12/2024,DOH,283,283
284,6/3/2024,3/20/2025,LAX,284,284
285,2/2/2025,12/22/2025,BKK,285,285
286,11/15/2024,12/28/2025,JNB,286,286
287,11/22/2025,6/9/2025,JFK,287,287
288,7/24/2024,11/20/2024,MAD,288,288
289,5/27/2024,12/20/2024,ICN,289,289
290,1/11/2025,4/15/2025,MEX,290,290
291,9/5/2024,1/25/2026,LAX,291,291
292,11/5/2025,10/7/2025,DEL,292,292
293,5/11/2024,1/16/2025,FCO,293,293
294,5/28/2025,3/24/2026,JFK,294,294
295,10/25/2024,6/29/2025,AMS,295,295
296,7/10/2025,7/9/2025,LAX,296,296
297,8/6/2024,3/16/2026,LAX,297,297
298,12/9/2024,4/4/2025,JFK,298,298
299,11/12/2025,11/18/2024,LAX,299,299
300,5/9/2024,2/3/2025,SYD,300,300
301,8/2/2025,10/23/2024,GRU,301,301
302,7/11/2025,12/13/2025,AMS,302,302
303,6/9/2025,12/21/2024,SYD,303,303
304,11/23/2024,2/2/2026,GRU,304,304
305,8/21/2024,10/2/2025,LHR,305,305
306,5/24/2025,7/26/2025,BOG,306,306
307,8/29/2024,12/17/2025,CPH,307,307
308,11/29/2024,9/29/2024,GRU,308,308
309,11/8/2024,10/2/2025,JFK,309,309
310,3/28/2025,10/22/2025,JFK,310,310
311,3/25/2025,3/28/2025,SYD,311,311
312,7/30/2024,1/31/2025,DOH,312,312
313,4/17/2024,4/3/2025,MAD,313,313
314,3/22/2025,11/15/2024,LAX,314,314
315,7/17/2025,4/15/2025,BKK,315,315
316,11/10/2024,2/27/2025,ICN,316,316
317,10/10/2024,5/16/2025,HKG,317,317
318,6/5/2025,3/10/2025,DEL,318,318
319,11/9/2025,9/21/2025,HND,319,319
320,9/7/2024,11/22/2024,DXB,320,320
321,10/10/2025,2/27/2025,ICN,321,321
322,11/14/2025,2/26/2026,HND,322,322
323,4/16/2024,1/26/2026,AKL,323,323
324,11/3/2024,7/31/2025,JNB,324,324
325,11/11/2025,12/1/2025,DEL,325,325
326,11/5/2025,2/19/2026,ADD,326,326
327,10/7/2025,12/22/2025,CDG,327,327
328,2/23/2025,2/10/2026,DXB,328,328
329,4/29/2025,5/13/2025,MEX,329,329
330,11/19/2025,11/3/2024,AMS,330,330
331,7/23/2025,3/21/2025,CPH,331,331
332,5/18/2024,11/11/2025,DEL,332,332
333,5/26/2025,12/4/2025,LAX,333,333
334,7/30/2024,1/7/2025,ICN,334,334
335,10/7/2025,9/11/2025,MAD,335,335
336,9/19/2025,5/19/2025,BOG,336,336
337,8/10/2024,7/9/2025,MAD,337,337
338,12/30/2024,8/18/2025,LAX,338,338
339,11/16/2024,12/22/2024,FCO,339,339
340,11/17/2024,3/21/2025,LHR,340,340
341,5/7/2025,6/11/2025,LAX,341,341
342,5/23/2025,3/20/2026,CPH,342,342
343,11/5/2025,2/2/2025,ADD,343,343
344,9/13/2024,5/4/2025,LHR,344,344
345,5/17/2024,3/21/2026,MEX,345,345
346,11/28/2024,5/12/2025,HND,346,346
347,11/6/2024,12/12/2025,GRU,347,347
348,7/26/2025,10/4/2024,DXB,348,348
349,9/20/2025,6/2/2025,JFK,349,349
350,9/30/2025,11/25/2025,LAX,350,350
351,3/21/2025,3/25/2025,MAD,351,351
352,9/17/2025,7/5/2025,DEL,352,352
353,6/17/2024,2/10/2026,SYD,353,353
354,8/22/2025,7/11/2025,DOH,354,354
355,5/9/2025,12/7/2025,BOG,355,355
356,7/9/2024,3/23/2025,FCO,356,356
357,9/9/2024,12/7/2024,MEX,357,357
358,10/31/2025,1/24/2025,FRA,358,358
359,7/22/2024,2/25/2025,BOG,359,359
360,10/22/2025,4/26/2025,JFK,360,360
361,3/17/2025,5/11/2025,SIN,361,361
362,6/29/2024,3/9/2026,FCO,362,362
363,9/12/2024,3/15/2026,AMS,363,363
364,9/2/2025,10/3/2025,MAD,364,364
365,4/19/2024,1/14/2025,LHR,365,365
366,2/26/2025,9/25/2025,LAX,366,366
367,6/14/2025,1/18/2025,CPH,367,367
368,4/22/2024,12/8/2025,BKK,368,368
369,8/7/2025,5/9/2025,HKG,369,369
370,8/13/2024,6/12/2025,SIN,370,370
371,4/25/2024,1/19/2025,MAD,371,371
372,6/30/2024,3/18/2026,HKG,372,372
373,5/10/2024,10/25/2025,DEL,373,373
374,7/22/2025,12/10/2025,FCO,374,374
375,5/24/2025,5/13/2025,FRA,375,375
376,12/6/2024,11/25/2025,JFK,376,376
377,7/23/2024,2/27/2026,HKG,377,377
378,2/16/2025,6/4/2025,DEL,378,378
379,11/28/2025,12/29/2025,FCO,379,379
380,4/19/2024,9/27/2025,FCO,380,380
381,6/2/2025,12/10/2025,ICN,381,381
382,7/9/2024,6/27/2025,ICN,382,382
383,9/8/2024,7/17/2025,AMS,383,383
384,10/6/2025,1/11/2026,DOH,384,384
385,4/26/2025,11/25/2024,YYZ,385,385
386,6/25/2024,10/27/2025,HND,386,386
387,12/8/2024,10/9/2025,DXB,387,387
388,1/25/2025,10/14/2024,ADD,388,388
389,8/4/2025,3/19/2025,LAX,389,389
390,11/6/2024,3/7/2025,DXB,390,390
391,10/16/2024,11/14/2024,BOG,391,391
392,5/25/2024,10/11/2025,DOH,392,392
393,5/5/2024,2/8/2025,DXB,393,393
394,11/13/2025,1/21/2025,MAD,394,394
395,1/12/2025,8/5/2025,MAD,395,395
396,5/17/2024,2/26/2025,ICN,396,396
397,7/28/2025,8/11/2025,SIN,397,397
398,9/19/2024,1/26/2026,SYD,398,398
399,6/23/2024,5/12/2025,SIN,399,399
400,9/17/2025,4/15/2026,CPH,400,400
401,12/26/2024,10/6/2024,MAD,401,401
402,4/15/2024,10/20/2024,CPH,402,402
403,12/12/2024,3/1/2025,HKG,403,403
404,10/15/2025,4/26/2025,ADD,404,404
405,11/10/2025,4/15/2026,SIN,405,405
406,2/4/2025,8/24/2025,MEX,406,406
407,1/7/2025,12/30/2025,DXB,407,407
408,6/21/2024,2/3/2026,DXB,408,408
409,12/22/2024,4/2/2026,CPH,409,409
410,10/14/2025,2/27/2026,AMS,410,410
411,2/4/2025,1/20/2026,LAX,411,411
412,1/4/2025,12/17/2024,GRU,412,412
413,11/12/2025,5/7/2025,DOH,413,413
414,1/27/2025,3/14/2026,LHR,414,414
415,4/24/2025,8/19/2025,DXB,415,415
416,7/12/2024,1/21/2026,BKK,416,416
417,4/27/2025,3/20/2025,BKK,417,417
418,4/5/2024,9/26/2025,BKK,418,418
419,5/16/2025,5/26/2025,SIN,419,419
420,11/28/2024,12/26/2025,MAD,420,420
421,1/27/2025,8/26/2025,GRU,421,421
422,6/16/2024,3/1/2025,HND,422,422
423,5/23/2024,3/20/2026,LAX,423,423
424,5/23/2024,9/14/2025,FCO,424,424
425,10/20/2024,12/21/2025,ICN,425,425
426,6/13/2024,10/8/2025,DEL,426,426
427,7/14/2024,3/26/2026,MEX,427,427
428,11/26/2024,8/23/2025,MEX,428,428
429,7/24/2025,5/3/2025,AMS,429,429
430,6/9/2024,12/28/2024,DEL,430,430
431,8/26/2024,4/23/2025,CPH,431,431
432,7/31/2024,9/1/2025,JFK,432,432
433,5/29/2025,11/17/2024,GRU,433,433
434,5/12/2024,1/18/2026,SIN,434,434
435,3/30/2025,3/3/2026,LAX,435,435
436,8/6/2024,7/9/2025,ICN,436,436
437,10/6/2024,5/27/2025,SIN,437,437
438,11/7/2024,11/10/2025,ADD,438,438
439,8/28/2025,10/18/2025,MEX,439,439
440,10/21/2024,12/23/2025,HKG,440,440
441,5/8/2025,9/29/2024,LHR,441,441
442,8/27/2025,4/9/2025,ICN,442,442
443,9/6/2024,12/2/2024,SIN,443,443
444,8/29/2024,7/19/2025,LHR,444,444
445,8/4/2025,10/24/2024,SIN,445,445
446,5/8/2025,1/20/2026,AKL,446,446
447,9/29/2025,10/6/2025,HKG,447,447
448,11/18/2024,8/21/2025,MEX,448,448
449,5/22/2025,12/10/2025,ADD,449,449
450,8/12/2025,3/21/2025,JNB,450,450
451,9/5/2024,12/31/2025,LHR,451,451
452,11/22/2025,3/6/2025,FCO,452,452
453,7/13/2024,11/26/2025,CDG,453,453
454,2/24/2025,11/18/2025,HND,454,454
455,8/10/2025,8/17/2025,GRU,455,455
456,6/8/2025,5/30/2025,JFK,456,456
457,4/12/2024,2/7/2025,CPH,457,457
458,6/12/2024,3/27/2025,LAX,458,458
459,1/15/2025,1/6/2025,YYZ,459,459
460,10/8/2024,1/31/2025,JNB,460,460
461,11/5/2024,3/8/2025,BKK,461,461
462,10/18/2024,10/25/2024,YYZ,462,462
463,10/2/2025,6/8/2025,LHR,463,463
464,7/4/2024,1/12/2025,JFK,464,464
465,8/5/2024,7/18/2025,BKK,465,465
466,12/29/2024,4/20/2025,DOH,466,466
467,7/29/2025,1/16/2026,LAX,467,467
468,11/2/2025,3/25/2026,ICN,468,468
469,6/16/2024,3/12/2026,MAD,469,469
470,11/10/2025,9/19/2025,FCO,470,470
471,12/6/2024,12/5/2025,FRA,471,471
472,9/19/2025,9/26/2025,ICN,472,472
473,1/27/2025,1/4/2026,SYD,473,473
474,11/28/2025,1/19/2025,JFK,474,474
475,10/3/2024,12/11/2024,YYZ,475,475
476,7/7/2025,10/16/2024,HND,476,476
477,7/12/2024,10/22/2025,DOH,477,477
478,4/26/2025,1/28/2025,HND,478,478
479,10/30/2024,7/9/2025,CDG,479,479
480,6/15/2025,12/13/2025,MAD,480,480
481,3/15/2025,6/4/2025,JFK,481,481
482,5/1/2025,12/3/2025,BOG,482,482
483,8/27/2025,8/16/2025,ADD,483,483
484,4/16/2024,8/27/2025,BOG,484,484
485,1/25/2025,11/4/2025,BKK,485,485
486,9/25/2024,11/23/2024,DXB,486,486
487,4/2/2024,4/22/2025,SIN,487,487
488,7/13/2025,6/5/2025,SIN,488,488
489,3/15/2025,10/24/2025,CPH,489,489
490,10/27/2024,3/23/2025,ICN,490,490
491,5/23/2024,2/19/2026,BKK,491,491
492,7/20/2024,11/17/2024,HKG,492,492
493,6/15/2024,1/6/2026,DXB,493,493
494,1/25/2025,12/14/2024,CPH,494,494
495,9/26/2025,6/22/2025,SIN,495,495
496,9/10/2025,10/25/2024,LHR,496,496
497,2/23/2025,4/25/2025,DEL,497,497
498,10/12/2025,10/3/2024,AMS,498,498
499,5/8/2025,12/25/2025,ADD,499,499
500,10/19/2024,1/25/2026,LAX,500,500
501,3/16/2025,2/23/2026,FRA,501,501
502,9/29/2024,11/24/2025,CDG,502,502
503,8/1/2025,9/27/2024,BKK,503,503
504,4/17/2025,5/5/2025,JNB,504,504
505,5/26/2025,1/3/2025,DOH,505,505
506,9/6/2024,1/23/2025,BKK,506,506
507,11/1/2024,5/9/2025,JFK,507,507
508,7/22/2024,9/3/2025,LHR,508,508
509,5/11/2024,1/25/2026,FRA,509,509
510,4/5/2024,12/10/2025,ICN,510,510
511,3/13/2025,1/5/2026,CPH,511,511
512,3/1/2025,6/30/2025,ADD,512,512
513,8/13/2025,1/3/2025,MEX,513,513
514,10/19/2024,7/23/2025,BOG,514,514
515,11/22/2025,4/20/2025,HND,515,515
516,6/10/2025,5/8/2025,JFK,516,516
517,9/20/2025,11/12/2024,CPH,517,517
518,11/24/2024,11/26/2024,JNB,518,518
519,5/28/2024,6/10/2025,LHR,519,519
520,2/22/2025,5/11/2025,JNB,520,520
521,10/1/2024,3/6/2025,AMS,521,521
522,9/19/2024,12/31/2024,ICN,522,522
523,1/14/2025,5/16/2025,LAX,523,523
524,7/19/2025,3/5/2026,MEX,524,524
525,1/7/2025,9/2/2025,FRA,525,525
526,6/4/2024,12/9/2025,DEL,526,526
527,10/12/2025,9/18/2025,GRU,527,527
528,2/12/2025,10/31/2024,FCO,528,528
529,3/28/2025,2/14/2026,HND,529,529
530,8/20/2025,2/19/2025,CDG,530,530
531,6/21/2024,12/31/2024,BKK,531,531
532,6/6/2024,11/19/2024,GRU,532,532
533,9/20/2024,7/7/2025,ICN,533,533
534,3/1/2025,7/14/2025,CDG,534,534
535,3/10/2025,10/22/2025,SYD,535,535
536,5/10/2024,11/30/2025,HND,536,536
537,4/25/2025,12/27/2024,LHR,537,537
538,4/15/2025,12/28/2025,ADD,538,538
539,6/12/2024,12/31/2024,JFK,539,539
540,9/6/2024,9/27/2024,FCO,540,540
541,9/18/2024,3/31/2025,AKL,541,541
542,10/4/2025,12/27/2025,AKL,542,542
543,9/22/2025,1/11/2025,LAX,543,543
544,7/29/2024,3/19/2025,CPH,544,544
545,12/18/2024,10/30/2024,JFK,545,545
546,5/17/2024,11/15/2024,FCO,546,546
547,4/26/2025,10/25/2024,AMS,547,547
548,9/23/2024,1/30/2025,AMS,548,548
549,5/14/2024,12/5/2025,DEL,549,549
550,2/11/2025,7/12/2025,LHR,550,550
551,7/6/2025,6/21/2025,MEX,551,551
552,8/10/2025,12/21/2024,MAD,552,552
553,6/15/2025,10/11/2025,SIN,553,553
554,12/23/2024,2/9/2025,FCO,554,554
555,9/25/2024,7/1/2025,BOG,555,555
556,2/4/2025,4/26/2025,SYD,556,556
557,7/18/2025,4/5/2026,CPH,557,557
558,6/2/2024,6/23/2025,YYZ,558,558
559,1/3/2025,12/6/2025,YYZ,559,559
560,3/10/2025,11/7/2024,JNB,560,560
561,3/11/2025,4/9/2025,MAD,561,561
562,6/27/2025,10/31/2025,JNB,562,562
563,11/7/2025,11/16/2025,ICN,563,563
564,9/11/2025,2/7/2026,HND,564,564
565,10/2/2025,3/22/2025,LAX,565,565
566,11/15/2025,7/19/2025,FCO,566,566
567,9/22/2025,7/1/2025,ICN,567,567
568,4/13/2025,3/31/2025,BKK,568,568
569,6/18/2024,12/21/2025,DEL,569,569
570,6/1/2024,10/8/2025,DXB,570,570
571,2/4/2025,4/16/2026,BOG,571,571
572,7/16/2024,11/14/2024,CPH,572,572
573,5/16/2025,3/15/2025,AKL,573,573
574,4/6/2024,4/29/2025,BOG,574,574
575,6/20/2024,5/1/2025,YYZ,575,575
576,5/6/2024,2/15/2025,CPH,576,576
577,12/20/2024,9/7/2025,DXB,577,577
578,4/9/2024,3/1/2026,CPH,578,578
579,10/7/2025,12/20/2025,LAX,579,579
580,1/9/2025,3/29/2025,MAD,580,580
581,10/11/2025,8/14/2025,DEL,581,581
582,8/26/2024,10/14/2025,MAD,582,582
583,6/4/2024,11/5/2025,DEL,583,583
584,8/20/2025,3/6/2025,YYZ,584,584
585,11/20/2024,4/12/2025,HND,585,585
586,5/19/2025,11/26/2025,AMS,586,586
587,7/9/2024,4/29/2025,BKK,587,587
588,12/25/2024,2/10/2026,JFK,588,588
589,2/1/2025,3/3/2025,MEX,589,589
590,10/14/2024,10/18/2024,BKK,590,590
591,7/28/2025,12/13/2024,ADD,591,591
592,4/2/2025,7/21/2025,AMS,592,592
593,4/18/2025,5/30/2025,GRU,593,593
594,9/30/2024,5/12/2025,MEX,594,594
595,1/15/2025,3/14/2025,HKG,595,595
596,9/9/2025,9/29/2025,MAD,596,596
597,7/26/2024,6/28/2025,DXB,597,597
598,1/30/2025,12/16/2025,LAX,598,598
599,4/11/2025,10/3/2024,BOG,599,599
600,9/9/2024,1/16/2026,CPH,600,600
601,10/3/2024,11/30/2024,JFK,601,601
602,4/19/2024,12/15/2024,BOG,602,602
603,11/13/2024,11/18/2025,ICN,603,603
604,11/23/2024,2/26/2025,BOG,604,604
605,10/22/2025,10/19/2024,LAX,605,605
606,10/16/2025,10/20/2025,BKK,606,606
607,8/8/2025,11/2/2024,FRA,607,607
608,5/18/2025,11/21/2024,LAX,608,608
609,6/18/2025,2/2/2026,FCO,609,609
610,11/3/2025,7/14/2025,ADD,610,610
611,7/2/2025,3/22/2025,JNB,611,611
612,11/16/2024,7/26/2025,MAD,612,612
613,12/15/2024,1/10/2026,MAD,613,613
614,9/1/2025,5/11/2025,DOH,614,614
615,3/18/2025,7/2/2025,HKG,615,615
616,9/26/2024,12/5/2024,CPH,616,616
617,10/30/2024,12/5/2025,ICN,617,617
618,11/23/2025,4/5/2025,DXB,618,618
619,4/28/2025,9/13/2025,ICN,619,619
620,11/23/2025,9/17/2025,LHR,620,620
621,11/29/2025,3/20/2025,JNB,621,621
622,8/18/2024,7/1/2025,HND,622,622
623,6/19/2025,11/28/2025,DXB,623,623
624,7/8/2025,9/1/2025,GRU,624,624
625,5/28/2024,12/16/2025,FRA,625,625
626,7/3/2025,10/13/2025,GRU,626,626
627,7/4/2025,9/1/2025,DXB,627,627
628,10/4/2025,11/12/2024,FCO,628,628
629,8/17/2024,1/14/2025,CDG,629,629
630,11/13/2025,2/13/2026,FCO,630,630
631,3/28/2025,3/13/2025,MAD,631,631
632,5/14/2024,12/6/2024,MEX,632,632
633,8/22/2025,10/29/2024,SYD,633,633
634,1/27/2025,4/4/2026,ICN,634,634
635,6/30/2024,12/29/2024,HKG,635,635
636,11/1/2025,4/21/2025,YYZ,636,636
637,10/19/2024,10/16/2024,CDG,637,637
638,4/13/2025,4/11/2026,CDG,638,638
639,5/9/2024,1/3/2025,MAD,639,639
640,10/22/2025,2/4/2026,LAX,640,640
641,11/16/2025,2/3/2025,GRU,641,641
642,3/26/2025,5/15/2025,GRU,642,642
643,4/13/2025,3/19/2026,BKK,643,643
644,9/4/2024,10/18/2024,FRA,644,644
645,3/30/2025,11/19/2025,DOH,645,645
646,6/6/2025,1/8/2025,JNB,646,646
647,9/14/2025,10/21/2024,DXB,647,647
648,12/16/2024,1/21/2025,SYD,648,648
649,12/24/2024,2/2/2026,LHR,649,649
650,4/15/2025,7/28/2025,LAX,650,650
651,6/17/2025,12/21/2024,DEL,651,651
652,3/15/2025,2/5/2026,DEL,652,652
653,1/26/2025,6/24/2025,DEL,653,653
654,4/8/2025,10/4/2025,DEL,654,654
655,4/20/2024,1/13/2025,LHR,655,655
656,8/24/2024,11/27/2025,JFK,656,656
657,7/2/2024,1/31/2025,HKG,657,657
658,3/31/2025,5/14/2025,DXB,658,658
659,9/12/2024,7/10/2025,BOG,659,659
660,6/25/2025,11/23/2024,FCO,660,660
661,11/22/2024,11/11/2024,JFK,661,661
662,11/5/2024,10/16/2024,CDG,662,662
663,10/6/2025,9/9/2025,MEX,663,663
664,6/21/2024,7/30/2025,LAX,664,664
665,10/4/2025,5/23/2025,LAX,665,665
666,7/5/2024,7/4/2025,BOG,666,666
667,6/4/2025,7/18/2025,DOH,667,667
668,7/26/2024,3/1/2025,DOH,668,668
669,11/9/2025,4/15/2025,AKL,669,669
670,8/2/2025,6/12/2025,GRU,670,670
671,7/28/2025,11/4/2024,FCO,671,671
672,10/23/2025,2/21/2025,MEX,672,672
673,7/9/2025,1/16/2025,DEL,673,673
674,4/4/2025,7/31/2025,FRA,674,674
675,3/19/2025,3/1/2026,MAD,675,675
676,8/1/2024,1/13/2025,SIN,676,676
677,5/2/2025,4/12/2026,LAX,677,677
678,3/29/2025,4/14/2025,DXB,678,678
679,8/26/2025,6/29/2025,SIN,679,679
680,5/22/2025,11/6/2025,CDG,680,680
681,9/25/2024,2/11/2026,DEL,681,681
682,8/4/2024,7/26/2025,LAX,682,682
683,8/28/2025,3/7/2025,JFK,683,683
684,8/3/2025,10/31/2024,SIN,684,684
685,4/26/2024,4/2/2026,JFK,685,685
686,4/28/2024,10/24/2024,AMS,686,686
687,6/10/2024,12/8/2024,AKL,687,687
688,6/24/2024,1/6/2026,SIN,688,688
689,12/28/2024,9/11/2025,FCO,689,689
690,8/31/2024,11/4/2025,MAD,690,690
691,4/2/2025,5/11/2025,AMS,691,691
692,4/1/2024,11/20/2025,DOH,692,692
693,7/16/2024,10/3/2024,BOG,693,693
694,2/4/2025,7/22/2025,AKL,694,694
695,10/25/2025,2/6/2026,DXB,695,695
696,4/2/2025,1/25/2025,DEL,696,696
697,11/25/2024,8/12/2025,LAX,697,697
698,11/29/2025,10/20/2025,ADD,698,698
699,3/18/2025,11/7/2025,AMS,699,699
700,9/22/2025,1/24/2026,HKG,700,700
701,5/17/2025,3/15/2025,DOH,701,701
702,12/17/2024,4/14/2026,MEX,702,702
703,10/18/2024,10/12/2024,FCO,703,703
704,10/11/2024,10/29/2024,FCO,704,704
705,1/23/2025,6/17/2025,DEL,705,705
706,8/13/2025,6/30/2025,GRU,706,706
707,8/30/2024,9/24/2025,CPH,707,707
708,12/25/2024,7/6/2025,LAX,708,708
709,12/24/2024,10/16/2025,FCO,709,709
710,5/27/2024,3/20/2025,LAX,710,710
711,7/22/2024,10/2/2025,LHR,711,711
712,6/10/2025,11/26/2024,LAX,712,712
713,6/2/2025,12/30/2024,GRU,713,713
714,10/27/2024,6/6/2025,JNB,714,714
715,4/25/2024,4/10/2025,FRA,715,715
716,7/31/2025,6/22/2025,LAX,716,716
717,4/25/2024,5/8/2025,HKG,717,717
718,12/1/2024,11/15/2024,AKL,718,718
719,6/16/2024,12/12/2024,CPH,719,719
720,7/11/2024,4/21/2025,HKG,720,720
721,11/4/2024,8/29/2025,AKL,721,721
722,7/24/2024,3/12/2026,JNB,722,722
723,9/7/2024,3/3/2025,CDG,723,723
724,6/18/2024,2/17/2025,SIN,724,724
725,8/11/2024,3/28/2026,AMS,725,725
726,10/30/2024,3/2/2025,AKL,726,726
727,11/26/2024,4/21/2025,CDG,727,727
728,8/26/2025,2/13/2026,CPH,728,728
729,8/6/2025,6/2/2025,DEL,729,729
730,2/23/2025,10/26/2024,ADD,730,730
731,12/21/2024,6/16/2025,ADD,731,731
732,8/2/2024,10/6/2025,AKL,732,732
733,8/24/2025,10/25/2025,DOH,733,733
734,1/24/2025,10/26/2025,BKK,734,734
735,7/26/2024,8/5/2025,DOH,735,735
736,10/18/2025,9/24/2025,HND,736,736
737,8/22/2024,11/15/2024,DEL,737,737
738,10/18/2024,2/16/2026,AKL,738,738
739,7/14/2024,2/2/2026,JNB,739,739
740,7/14/2025,11/8/2024,CPH,740,740
741,11/29/2025,3/17/2025,CDG,741,741
742,8/15/2025,11/12/2024,DOH,742,742
743,2/14/2025,10/9/2025,AKL,743,743
744,10/24/2024,9/3/2025,YYZ,744,744
745,5/1/2025,3/2/2025,YYZ,745,745
746,10/25/2024,3/27/2025,JFK,746,746
747,7/8/2024,12/25/2025,HKG,747,747
748,10/19/2025,12/11/2024,BKK,748,748
749,9/12/2024,3/14/2025,LAX,749,749
750,7/14/2025,10/13/2025,JFK,750,750
751,7/23/2024,10/7/2024,CPH,751,751
752,3/13/2025,10/10/2024,AKL,752,752
753,11/4/2024,3/2/2026,SIN,753,753
754,12/6/2024,7/22/2025,ICN,754,754
755,7/15/2024,1/23/2026,HND,755,755
756,6/21/2025,5/12/2025,MEX,756,756
757,11/23/2024,3/15/2026,CPH,757,757
758,11/11/2025,10/3/2024,GRU,758,758
759,11/30/2024,3/31/2025,FCO,759,759
760,6/6/2024,4/8/2025,ICN,760,760
761,2/11/2025,10/31/2024,JFK,761,761
762,8/12/2024,5/19/2025,CPH,762,762
763,5/24/2024,3/24/2026,FRA,763,763
764,11/8/2024,1/14/2026,YYZ,764,764
765,4/1/2024,1/8/2025,AKL,765,765
766,11/11/2025,4/16/2026,FCO,766,766
767,7/18/2025,9/27/2024,FCO,767,767
768,5/17/2025,1/14/2026,JFK,768,768
769,7/10/2025,12/23/2025,JNB,769,769
770,11/13/2025,8/28/2025,DOH,770,770
771,5/19/2024,12/12/2025,DXB,771,771
772,12/20/2024,11/25/2024,ADD,772,772
773,4/20/2025,4/9/2025,CDG,773,773
774,3/25/2025,11/11/2025,LAX,774,774
775,11/23/2024,9/19/2025,DEL,775,775
776,9/23/2024,1/21/2025,SIN,776,776
777,4/6/2025,2/19/2025,BOG,777,777
778,10/23/2025,1/7/2025,ADD,778,778
779,7/31/2024,6/2/2025,FCO,779,779
780,8/3/2025,11/29/2024,JFK,780,780
781,9/15/2024,1/12/2025,AMS,781,781
782,7/9/2024,12/23/2024,SYD,782,782
783,4/5/2025,2/20/2026,JFK,783,783
784,12/21/2024,10/16/2024,JFK,784,784
785,8/26/2024,9/18/2025,CPH,785,785
786,10/12/2025,11/9/2024,GRU,786,786
787,5/11/2025,10/8/2025,JFK,787,787
788,11/25/2024,12/7/2025,JFK,788,788
789,9/12/2024,3/9/2026,JFK,789,789
790,5/28/2024,2/15/2025,FRA,790,790
791,7/23/2025,7/7/2025,DXB,791,791
792,1/11/2025,2/23/2025,AKL,792,792
793,5/27/2024,10/11/2024,BKK,793,793
794,4/2/2025,1/24/2025,CPH,794,794
795,9/8/2025,7/18/2025,JFK,795,795
796,5/20/2024,8/29/2025,HKG,796,796
797,10/23/2024,2/8/2026,BOG,797,797
798,10/31/2025,12/24/2024,JNB,798,798
799,5/1/2024,1/8/2026,LAX,799,799
800,2/1/2025,2/25/2026,DOH,800,800
801,3/2/2025,3/7/2025,DXB,801,801
802,6/27/2024,6/9/2025,GRU,802,802
803,12/2/2024,11/20/2025,ADD,803,803
804,10/24/2024,12/16/2025,JNB,804,804
805,3/31/2024,2/21/2025,LAX,805,805
806,5/6/2024,4/26/2025,HND,806,806
807,8/29/2024,1/8/2026,HKG,807,807
808,10/28/2024,1/8/2025,LAX,808,808
809,12/9/2024,2/14/2026,DEL,809,809
810,4/19/2025,2/7/2026,FRA,810,810
811,8/8/2024,5/24/2025,FRA,811,811
812,10/28/2024,7/12/2025,SIN,812,812
813,5/14/2024,11/13/2025,BKK,813,813
814,6/15/2025,4/21/2025,DXB,814,814
815,7/14/2025,1/2/2025,CDG,815,815
816,6/24/2025,1/7/2026,BOG,816,816
817,5/15/2024,2/8/2026,FCO,817,817
818,8/12/2025,4/6/2026,ICN,818,818
819,12/17/2024,3/16/2026,AMS,819,819
820,11/26/2024,4/3/2025,AKL,820,820
821,4/27/2024,1/8/2026,BKK,821,821
822,9/22/2024,3/1/2026,MAD,822,822
823,10/18/2024,4/21/2025,AKL,823,823
824,4/27/2024,6/11/2025,MAD,824,824
825,10/29/2024,9/28/2024,ADD,825,825
826,3/28/2025,12/23/2024,JNB,826,826
827,6/21/2024,11/20/2024,FCO,827,827
828,10/12/2024,8/6/2025,SYD,828,828
829,7/23/2025,1/22/2026,LHR,829,829
830,5/13/2025,3/18/2026,LAX,830,830
831,10/26/2025,3/26/2026,DEL,831,831
832,8/29/2025,1/29/2025,LHR,832,832
833,2/22/2025,3/13/2025,FCO,833,833
834,9/15/2024,2/12/2025,FCO,834,834
835,4/7/2024,9/9/2025,LAX,835,835
836,5/28/2024,10/2/2024,HKG,836,836
837,2/3/2025,6/19/2025,MEX,837,837
838,11/25/2024,9/11/2025,FCO,838,838
839,3/1/2025,11/21/2025,MAD,839,839
840,10/2/2025,12/27/2024,LAX,840,840
841,10/12/2025,1/15/2026,YYZ,841,841
842,6/8/2025,12/11/2025,FCO,842,842
843,2/5/2025,11/18/2024,DEL,843,843
844,9/22/2025,4/12/2026,CPH,844,844
845,4/8/2024,1/28/2025,CDG,845,845
846,4/12/2024,6/30/2025,YYZ,846,846
847,9/4/2025,1/10/2025,LAX,847,847
848,5/27/2025,3/23/2026,CPH,848,848
849,10/4/2024,5/30/2025,SYD,849,849
850,1/30/2025,10/17/2024,DOH,850,850
851,4/23/2025,10/23/2025,AKL,851,851
852,10/26/2025,11/7/2024,AKL,852,852
853,4/17/2025,12/21/2024,LAX,853,853
854,12/31/2024,2/13/2025,DOH,854,854
855,5/1/2025,10/29/2025,LAX,855,855
856,6/12/2025,4/9/2026,BOG,856,856
857,1/30/2025,4/1/2025,GRU,857,857
858,4/22/2024,2/6/2025,DXB,858,858
859,1/14/2025,10/8/2024,ADD,859,859
860,5/4/2024,4/2/2026,SIN,860,860
861,8/6/2025,10/7/2024,JFK,861,861
862,9/20/2025,12/22/2025,BKK,862,862
863,11/24/2025,5/12/2025,SIN,863,863
864,9/22/2024,2/4/2025,SIN,864,864
865,5/24/2025,3/8/2025,CPH,865,865
866,3/8/2025,4/6/2025,SIN,866,866
867,4/28/2025,2/22/2025,CPH,867,867
868,5/2/2025,12/21/2025,GRU,868,868
869,8/28/2025,12/18/2025,JNB,869,869
870,6/10/2025,9/16/2025,AKL,870,870
871,11/28/2024,10/25/2025,YYZ,871,871
872,8/13/2024,3/12/2026,AKL,872,872
873,12/27/2024,1/11/2025,FRA,873,873
874,8/18/2024,3/1/2025,AMS,874,874
875,8/4/2024,3/9/2025,DOH,875,875
876,9/1/2024,10/15/2025,SIN,876,876
877,4/25/2024,1/30/2025,CDG,877,877
878,2/21/2025,1/19/2026,BOG,878,878
879,6/5/2024,3/23/2026,GRU,879,879
880,8/2/2024,8/25/2025,ADD,880,880
881,6/4/2024,10/25/2025,AKL,881,881
882,11/6/2024,12/29/2025,LAX,882,882
883,7/14/2025,3/27/2026,AKL,883,883
884,7/12/2024,7/15/2025,MEX,884,884
885,9/1/2025,9/29/2024,SIN,885,885
886,3/3/2025,3/8/2026,BOG,886,886
887,7/11/2025,7/21/2025,SYD,887,887
888,6/7/2024,1/15/2025,JNB,888,888
889,11/10/2024,2/12/2025,LAX,889,889
890,8/23/2025,6/12/2025,SYD,890,890
891,12/24/2024,10/20/2025,SIN,891,891
892,6/4/2024,11/8/2024,MEX,892,892
893,10/7/2025,11/21/2024,BOG,893,893
894,8/14/2024,12/13/2025,JFK,894,894
895,5/1/2024,10/9/2024,CPH,895,895
896,8/2/2025,3/1/2025,ADD,896,896
897,7/29/2025,1/1/2026,LHR,897,897
898,1/4/2025,3/15/2026,JFK,898,898
899,4/4/2024,12/9/2025,MAD,899,899
900,10/31/2025,11/30/2024,AKL,900,900
901,5/29/2024,1/19/2026,DEL,901,901
902,10/18/2025,1/6/2026,FCO,902,902
903,6/24/2024,12/18/2024,DXB,903,903
904,11/26/2024,7/4/2025,DEL,904,904
905,3/6/2025,5/27/2025,HND,905,905
906,7/14/2025,5/22/2025,FRA,906,906
907,8/29/2024,1/31/2026,HKG,907,907
908,9/14/2025,2/28/2025,ADD,908,908
909,8/22/2024,3/1/2025,ADD,909,909
910,11/19/2024,1/6/2025,DOH,910,910
911,4/28/2025,1/9/2026,LAX,911,911
912,8/17/2024,2/14/2025,MEX,912,912
913,4/16/2025,12/20/2024,MEX,913,913
914,8/11/2024,10/28/2025,DOH,914,914
915,9/26/2024,3/24/2025,BKK,915,915
916,7/27/2024,3/3/2025,LAX,916,916
917,11/8/2025,3/6/2026,DXB,917,917
918,7/8/2024,9/3/2025,YYZ,918,918
919,8/17/2025,10/8/2025,HKG,919,919
920,7/6/2025,3/29/2026,CPH,920,920
921,11/20/2024,12/19/2025,JNB,921,921
922,6/24/2024,8/27/2025,MEX,922,922
923,6/30/2025,10/15/2025,MEX,923,923
924,8/15/2024,1/20/2026,BOG,924,924
925,4/21/2025,1/24/2025,BKK,925,925
926,4/28/2025,6/18/2025,JFK,926,926
927,4/5/2024,3/17/2026,AKL,927,927
928,2/12/2025,1/14/2025,CDG,928,928
929,8/10/2025,4/25/2025,GRU,929,929
930,10/9/2024,10/13/2024,LHR,930,930
931,8/27/2024,9/21/2025,JNB,931,931
932,7/29/2025,3/21/2026,LHR,932,932
933,7/3/2024,6/1/2025,DEL,933,933
934,10/3/2025,10/17/2024,AMS,934,934
935,7/14/2024,7/6/2025,ADD,935,935
936,9/28/2024,12/28/2025,DOH,936,936
937,4/24/2025,4/10/2026,MAD,937,937
938,9/1/2024,3/12/2026,MAD,938,938
939,11/2/2025,11/26/2025,JNB,939,939
940,7/21/2025,5/30/2025,JFK,940,940
941,2/27/2025,10/19/2025,CDG,941,941
942,5/23/2025,2/14/2025,LAX,942,942
943,12/9/2024,11/24/2024,MEX,943,943
944,6/1/2025,10/19/2024,CPH,944,944
945,5/15/2025,3/8/2025,BKK,945,945
946,5/2/2025,1/24/2025,MAD,946,946
947,8/31/2024,10/16/2024,YYZ,947,947
948,1/2/2025,4/13/2026,AKL,948,948
949,12/29/2024,8/16/2025,LAX,949,949
950,1/9/2025,11/2/2025,ICN,950,950
951,7/7/2025,12/15/2025,DOH,951,951
952,8/23/2025,5/13/2025,MEX,952,952
953,8/16/2025,6/24/2025,JFK,953,953
954,9/18/2024,11/24/2025,HND,954,954
955,11/2/2024,11/27/2024,MAD,955,955
956,9/1/2024,10/7/2025,ICN,956,956
957,11/13/2025,3/4/2025,JNB,957,957
958,4/30/2025,7/20/2025,FRA,958,958
959,7/27/2024,8/25/2025,HND,959,959
960,10/8/2025,4/23/2025,AMS,960,960
961,6/15/2025,2/9/2025,ADD,961,961
962,9/12/2025,4/17/2025,CPH,962,962
963,12/6/2024,2/7/2025,SYD,963,963
964,5/14/2024,3/12/2026,CDG,964,964
965,3/4/2025,1/10/2025,HND,965,965
966,4/30/2025,8/13/2025,LAX,966,966
967,10/17/2025,8/24/2025,CPH,967,967
968,7/15/2024,11/6/2024,ICN,968,968
969,7/13/2025,10/10/2025,AKL,969,969
970,9/3/2024,7/6/2025,JFK,970,970
971,9/3/2024,8/24/2025,LHR,971,971
972,10/30/2024,3/20/2026,DXB,972,972
973,10/30/2025,10/16/2025,GRU,973,973
974,10/27/2024,1/27/2026,JNB,974,974
975,4/24/2024,4/4/2025,ADD,975,975
976,2/18/2025,10/26/2024,ADD,976,976
977,8/20/2025,2/12/2025,JFK,977,977
978,4/15/2025,2/18/2026,HND,978,978
979,1/7/2025,1/1/2026,HKG,979,979
980,8/11/2024,11/16/2025,DOH,980,980
981,8/15/2025,11/26/2024,HND,981,981
982,11/14/2024,3/1/2026,HKG,982,982
983,9/5/2025,12/4/2024,FRA,983,983
984,5/30/2025,10/15/2024,SIN,984,984
985,7/31/2024,11/7/2025,YYZ,985,985
986,10/30/2025,1/8/2026,DOH,986,986
987,10/4/2024,4/28/2025,ADD,987,987
988,9/11/2025,4/19/2025,LAX,988,988
989,4/13/2024,12/30/2025,FRA,989,989
990,7/28/2024,10/5/2024,DXB,990,990
991,5/26/2025,11/20/2024,SYD,991,991
992,4/8/2025,1/21/2025,JFK,992,992
993,7/10/2024,3/13/2025,BKK,993,993
994,7/29/2025,8/26/2025,ICN,994,994
995,9/23/2025,7/22/2025,AMS,995,995
996,6/13/2024,9/11/2025,DOH,996,996
997,9/21/2024,10/8/2024,JFK,997,997
998,10/2/2024,7/31/2025,BOG,998,998
999,4/20/2024,4/23/2025,MAD,999,999
1000,9/3/2025,4/16/2026,CDG,1000,1000
