guideID,guideName,phoneNumber
1200,Guide 1200,0597034172
1201,Guide 1201,0547173562
1202,Guide 1202,0549056676
1203,Guide 1203,0556426645
1204,Guide 1204,0537519033
1205,Guide 1205,0514759892
1206,Guide 1206,0597331565
1207,Guide 1207,0577398613
1208,Guide 1208,0520055567
1209,Guide 1209,0549838010
1210,Guide 1210,0575168736
1211,Guide 1211,0526459143
1212,Guide 1212,0569051349
1213,Guide 1213,0548204312
1214,Guide 1214,0572074157
1215,Guide 1215,0581434222
1216,Guide 1216,0563056773
1217,Guide 1217,0576244040
1218,Guide 1218,0593482547
1219,Guide 1219,0556375698
1220,Guide 1220,0528194953
1221,Guide 1221,0549152218
1222,Guide 1222,0545287803
1223,Guide 1223,0530782857
1224,Guide 1224,0542448800
1225,Guide 1225,0595977056
1226,Guide 1226,0544638780
1227,Guide 1227,0521362587
1228,Guide 1228,0595530399
1229,Guide 1229,0553423632
1230,Guide 1230,0528308320
1231,Guide 1231,0543452212
1232,Guide 1232,0559399027
1233,Guide 1233,0538285294
1234,Guide 1234,0562407224
1235,Guide 1235,0563562923
1236,Guide 1236,0536564599
1237,Guide 1237,0511690828
1238,Guide 1238,0591095254
1239,Guide 1239,0551897467
1240,Guide 1240,0512621658
1241,Guide 1241,0569058580
1242,Guide 1242,0583139313
1243,Guide 1243,0555829200
1244,Guide 1244,0519668802
1245,Guide 1245,0573564939
1246,Guide 1246,0542191447
1247,Guide 1247,0566248728
1248,Guide 1248,0575267346
1249,Guide 1249,0574347154
1250,Guide 1250,0543648578
1251,Guide 1251,0558611882
1252,Guide 1252,0521107843
1253,Guide 1253,0599623758
1254,Guide 1254,0510658341
1255,Guide 1255,0594099441
1256,Guide 1256,0544162704
1257,Guide 1257,0517802543
1258,Guide 1258,0518144177
1259,Guide 1259,0526109007
1260,Guide 1260,0526222875
1261,Guide 1261,0561669783
1262,Guide 1262,0582336225
1263,Guide 1263,0525449646
1264,Guide 1264,0550536012
1265,Guide 1265,0528075662
1266,Guide 1266,0596999186
1267,Guide 1267,0539240943
1268,Guide 1268,0537849210
1269,Guide 1269,0585563318
1270,Guide 1270,0597958248
1271,Guide 1271,0520910072
1272,Guide 1272,0528191810
1273,Guide 1273,0519680379
1274,Guide 1274,0567159396
1275,Guide 1275,0599908353
1276,Guide 1276,0510888377
1277,Guide 1277,0569833886
1278,Guide 1278,0586949575
1279,Guide 1279,0535023661
1280,Guide 1280,0514869854
1281,Guide 1281,0537196341
1282,Guide 1282,0530954474
1283,Guide 1283,0515088766
1284,Guide 1284,0527954947
1285,Guide 1285,0551666779
1286,Guide 1286,0588310280
1287,Guide 1287,0595974565
1288,Guide 1288,0544538959
1289,Guide 1289,0588412433
1290,Guide 1290,0565321220
1291,Guide 1291,0516501070
1292,Guide 1292,0525669084
1293,Guide 1293,0530101350
1294,Guide 1294,0531129194
1295,Guide 1295,0592905460
1296,Guide 1296,0583303143
1297,Guide 1297,0536023529
1298,Guide 1298,0540742930
1299,Guide 1299,0523204908
1300,Guide 1300,0561395268
1301,Guide 1301,0561595106
1302,Guide 1302,0535916855
1303,Guide 1303,0544815653
1304,Guide 1304,0583025950
1305,Guide 1305,0523911348
1306,Guide 1306,0591277093
1307,Guide 1307,0522923702
1308,Guide 1308,0515069709
1309,Guide 1309,0562693039
1310,Guide 1310,0561201318
1311,Guide 1311,0530449043
1312,Guide 1312,0537148071
1313,Guide 1313,0555404320
1314,Guide 1314,0570262916
1315,Guide 1315,0577350825
1316,Guide 1316,0527575516
1317,Guide 1317,0529805668
1318,Guide 1318,0517867901
1319,Guide 1319,0586926324
1320,Guide 1320,0517285463
1321,Guide 1321,0566363790
1322,Guide 1322,0582429314
1323,Guide 1323,0517194458
1324,Guide 1324,0578927423
1325,Guide 1325,0575660647
1326,Guide 1326,0582241862
1327,Guide 1327,0533578950
1328,Guide 1328,0562750266
1329,Guide 1329,0593519045
1330,Guide 1330,0594244825
1331,Guide 1331,0550264208
1332,Guide 1332,0581896444
1333,Guide 1333,0513810082
1334,Guide 1334,0535981296
1335,Guide 1335,0565283880
1336,Guide 1336,0553444739
1337,Guide 1337,0550802683
1338,Guide 1338,0587231990
1339,Guide 1339,0513682517
1340,Guide 1340,0584217424
1341,Guide 1341,0575830210
1342,Guide 1342,0520594118
1343,Guide 1343,0549337437
1344,Guide 1344,0554254525
1345,Guide 1345,0530081395
1346,Guide 1346,0527638918
1347,Guide 1347,0543820357
1348,Guide 1348,0559349573
1349,Guide 1349,0524983962
1350,Guide 1350,0542858221
1351,Guide 1351,0511362806
1352,Guide 1352,0588805984
1353,Guide 1353,0540738043
1354,Guide 1354,0522937196
1355,Guide 1355,0573811373
1356,Guide 1356,0531789391
1357,Guide 1357,0521430139
1358,Guide 1358,0537570815
1359,Guide 1359,0591848839
1360,Guide 1360,0534047999
1361,Guide 1361,0555971719
1362,Guide 1362,0542650752
1363,Guide 1363,0560720134
1364,Guide 1364,0534433687
1365,Guide 1365,0528549205
1366,Guide 1366,0590838132
1367,Guide 1367,0535469681
1368,Guide 1368,0569333466
1369,Guide 1369,0553623481
1370,Guide 1370,0580256925
1371,Guide 1371,0583494677
1372,Guide 1372,0547229448
1373,Guide 1373,0527994824
1374,Guide 1374,0579057403
1375,Guide 1375,0594781488
1376,Guide 1376,0560334978
1377,Guide 1377,0579175636
1378,Guide 1378,0544511104
1379,Guide 1379,0539724610
1380,Guide 1380,0526425202
1381,Guide 1381,0578155519
1382,Guide 1382,0580568822
1383,Guide 1383,0595678321
1384,Guide 1384,0539790532
1385,Guide 1385,0532532092
1386,Guide 1386,0574586808
1387,Guide 1387,0595586260
1388,Guide 1388,0519805964
1389,Guide 1389,0596782289
1390,Guide 1390,0548424162
1391,Guide 1391,0544897762
1392,Guide 1392,0586340480
1393,Guide 1393,0539552503
1394,Guide 1394,0551782633
1395,Guide 1395,0582259427
1396,Guide 1396,0538232522
1397,Guide 1397,0510797870
1398,Guide 1398,0551961800
1399,Guide 1399,0510193999
